popularity,explicit,danceability,energy,key,loudness,mode,speechiness,acousticness,instrumentalness,liveness,valence
50,False,0.369,0.598,7,-6.984,1,0.0304,0.00511,0.0,0.176,0.0466
11,False,0.171,0.997,7,-3.586,1,0.118,0.00521,0.801,0.42,0.0294
0,False,0.173,0.803,9,-10.071,0,0.144,0.613,0.00191,0.195,0.0887
0,False,0.683,0.511,6,-5.598,1,0.0279,0.406,0.000197,0.111,0.598
57,False,0.555,0.941,9,-3.294,0,0.0481,0.484,0.0,0.266,0.813
38,False,0.776,0.8,8,-4.704,0,0.0438,0.00631,0.0731,0.35,0.583
21,False,0.627,0.815,6,-6.959,0,0.911,0.785,0.0,0.744,0.532
54,False,0.395,0.933,11,-3.6,0,0.116,8.74e-06,0.0125,0.328,0.194
29,False,0.914,0.766,5,-5.662,1,0.0387,0.192,0.65,0.0747,0.9
48,False,0.345,0.976,8,-4.74,1,0.0487,0.000587,0.0507,0.487,0.818
0,False,0.469,0.183,5,-15.414,1,0.0407,0.829,0.0,0.71,0.381
0,False,0.772,0.675,11,-9.154,0,0.0366,0.124,0.0121,0.102,0.68
28,False,0.423,0.401,2,-11.219,0,0.0449,0.726,0.0,0.269,0.507
50,False,0.511,0.751,11,-4.731,1,0.0924,0.844,0.0,0.962,0.732
60,False,0.633,0.299,11,-7.798,1,0.0353,0.833,0.0,0.109,0.341
41,False,0.524,0.0856,9,-17.766,1,0.0999,0.739,0.0,0.0919,0.316
39,False,0.59,0.697,5,-8.046,1,0.0323,0.75,0.000163,0.621,0.815
22,False,0.553,0.928,7,-3.544,0,0.13,0.0251,0.0,0.171,0.305
77,True,0.504,0.788,3,-4.113,0,0.215,0.0134,0.0,0.363,0.228
0,False,0.786,0.696,1,-5.343,0,0.352,0.183,0.0,0.123,0.591
61,False,0.645,0.688,11,-4.749,1,0.0341,0.0107,0.0,0.186,0.433
3,False,0.854,0.446,1,-8.957,0,0.198,0.313,0.215,0.156,0.57
17,False,0.643,0.956,1,-3.385,1,0.051,0.000458,0.78,0.228,0.515
13,False,0.738,0.499,1,-14.344,1,0.546,0.21,0.0,0.569,0.806
7,False,0.813,0.863,1,-8.587,1,0.0563,0.00024,0.89,0.109,0.717
19,False,0.911,0.616,1,-12.46,1,0.272,0.569,0.00795,0.154,0.467
33,False,0.643,0.574,0,-5.427,1,0.035,0.583,0.0,0.0492,0.845
3,False,0.652,0.806,2,-3.875,0,0.0797,0.133,0.0,0.281,0.88
22,False,0.521,0.189,1,-10.74,1,0.0478,0.892,0.0,0.0824,0.301
0,False,0.416,0.964,9,-2.967,1,0.112,2.35e-05,0.000875,0.473,0.212
46,False,0.435,0.101,7,-18.753,1,0.0487,0.992,0.926,0.101,0.222
74,False,0.653,0.658,2,-6.428,1,0.0304,0.0215,1.66e-06,0.0939,0.219
45,False,0.479,0.762,2,-7.86,1,0.0378,0.00711,0.011,0.0965,0.0519
50,False,0.757,0.678,3,-11.225,0,0.0323,0.0399,0.849,0.129,0.13
48,False,0.553,0.732,7,-5.206,0,0.262,0.622,0.0,0.163,0.436
39,True,0.628,0.787,10,-6.809,1,0.139,0.0059,0.0,0.124,0.377
55,False,0.472,0.933,5,-4.985,0,0.195,0.0632,0.367,0.0678,0.326
4,False,0.705,0.562,8,-3.378,0,0.0674,0.257,0.0,0.137,0.569
13,False,0.782,0.342,0,-15.203,1,0.0721,0.299,0.0237,0.103,0.345
30,False,0.494,0.404,0,-10.108,1,0.0299,0.847,0.0,0.122,0.386
33,False,0.472,0.702,9,-8.965,1,0.0981,0.82,4.25e-05,0.362,0.351
25,False,0.552,0.937,9,-6.738,0,0.0488,0.0232,0.00268,0.102,0.347
71,False,0.728,0.878,11,-6.926,0,0.0564,0.176,0.856,0.61,0.911
18,False,0.633,0.219,9,-11.805,0,0.0887,0.72,0.692,0.113,0.537
46,False,0.818,0.486,4,-7.006,0,0.394,0.0996,0.0,0.0437,0.637
67,False,0.674,0.413,2,-7.816,1,0.0274,0.836,1.95e-05,0.098,0.503
85,True,0.872,0.588,0,-6.276,1,0.0492,0.275,0.0,0.17,0.93
24,False,0.553,0.773,5,-6.446,1,0.0343,0.173,0.865,0.185,0.597
19,False,0.462,0.978,6,-4.089,0,0.0951,0.0569,0.42,0.168,0.33
44,True,0.651,0.579,5,-8.023,0,0.0379,0.00166,0.000397,0.0794,0.443
27,False,0.329,0.596,5,-11.17,1,0.0569,0.0179,0.00102,0.267,0.413
0,False,0.523,0.322,0,-8.957,1,0.0285,0.535,0.0,0.132,0.3
36,False,0.726,0.593,0,-7.138,0,0.0851,0.284,0.0,0.527,0.857
29,False,0.31,0.884,1,-4.088,1,0.0488,0.000301,0.0,0.177,0.314
41,False,0.636,0.538,2,-6.921,1,0.0324,0.00126,0.881,0.123,0.0388
43,False,0.537,0.761,2,-6.194,1,0.0741,0.543,0.0,0.472,0.705
66,False,0.515,0.663,7,-7.896,0,0.0328,0.179,0.668,0.494,0.0756
41,True,0.662,0.785,1,-10.159,0,0.203,0.614,0.0,0.106,0.797
67,False,0.592,0.961,4,-1.807,1,0.096,0.0423,0.0,0.0882,0.508
54,False,0.0,2.03e-05,6,-25.556,1,0.0,0.145,0.213,0.114,0.0
53,False,0.47,0.685,11,-6.896,1,0.0363,0.188,0.0,0.112,0.488
47,False,0.481,0.413,9,-8.688,1,0.0326,0.798,1.61e-05,0.0817,0.681
2,True,0.409,0.99,11,-2.084,1,0.115,0.02,0.0,0.513,0.962
57,False,0.763,0.457,10,-14.629,0,0.0539,0.796,0.414,0.108,0.0384
0,False,0.434,0.262,1,-12.874,1,0.0286,0.959,0.6,0.141,0.256
56,False,0.624,0.334,3,-11.89,1,0.0391,0.321,3.27e-06,0.113,0.397
57,False,0.627,0.652,5,-8.545,0,0.122,0.214,0.0,0.0767,0.487
58,False,0.753,0.809,6,-8.268,1,0.0637,0.317,0.0076,0.141,0.409
5,False,0.609,0.801,1,-8.483,0,0.0694,0.0246,0.00255,0.37,0.202
58,False,0.375,0.312,7,-10.656,0,0.031,0.85,0.00988,0.137,0.22
1,False,0.619,0.504,5,-11.562,1,0.025,0.0614,0.0,0.06,0.568
45,False,0.415,0.501,11,-7.232,1,0.0361,0.83,0.0,0.242,0.306
56,False,0.676,0.708,8,-12.115,0,0.0698,0.592,0.000307,0.166,0.919
45,False,0.624,0.68,9,-7.285,0,0.0421,0.114,6.78e-05,0.0614,0.117
23,False,0.593,0.865,4,-10.227,1,0.0378,0.719,2.29e-05,0.303,0.969
17,False,0.343,0.129,8,-14.82,1,0.042,0.988,0.174,0.141,0.0371
22,False,0.571,0.873,6,-11.995,0,0.0732,3.25e-05,0.74,0.373,0.0894
68,False,0.745,0.561,9,-5.513,0,0.072,0.465,1.12e-06,0.0338,0.902
27,False,0.56,0.903,11,-4.77,1,0.0754,0.00132,0.0,0.291,0.581
10,False,0.562,0.343,1,-20.924,1,0.0419,0.508,0.89,0.16,0.254
3,False,0.768,0.767,5,-8.06,0,0.0358,0.194,0.0,0.121,0.457
51,True,0.605,0.327,6,-7.659,1,0.037,0.866,0.0,0.125,0.608
26,False,0.713,0.639,10,-5.769,1,0.05,0.423,0.0,0.129,0.944
21,False,0.668,0.374,7,-8.232,1,0.0288,0.788,0.0,0.29,0.669
24,True,0.705,0.555,2,-7.811,1,0.941,0.653,0.0,0.649,0.661
38,False,0.657,0.829,2,-5.596,0,0.0673,0.276,0.0,0.207,0.569
77,False,0.707,0.535,10,-19.793,0,0.0436,0.113,0.00615,0.0884,0.641
19,False,0.495,0.137,5,-17.15,1,0.0468,0.968,0.946,0.109,0.271
48,False,0.496,0.727,1,-4.378,0,0.0427,0.237,0.0,0.422,0.501
58,False,0.82,0.816,5,-6.29,0,0.077,0.0216,7.81e-05,0.0541,0.861
63,False,0.735,0.593,11,-7.473,1,0.0885,0.731,0.178,0.135,0.475
58,False,0.158,0.572,7,-6.293,0,0.0346,0.000926,0.893,0.144,0.347
36,False,0.413,0.509,1,-8.439,1,0.0292,0.326,0.0,0.116,0.222
36,False,0.663,0.733,9,-5.09,1,0.0298,0.00878,9.01e-06,0.108,0.741
35,True,0.631,0.8,9,-4.179,1,0.101,0.107,0.0,0.373,0.782
38,False,0.645,0.3,5,-10.282,1,0.0362,0.815,0.0,0.115,0.214
39,False,0.81,0.542,11,-7.146,0,0.415,0.102,0.0,0.113,0.376
26,False,0.842,0.867,7,-6.886,1,0.364,0.00892,0.74,0.256,0.587
51,False,0.563,0.836,1,-3.901,0,0.0903,0.108,0.0,0.243,0.657
25,False,0.542,0.875,7,-4.285,1,0.0507,0.000356,0.31,0.359,0.114
21,False,0.914,0.723,2,-6.193,1,0.138,0.196,0.0,0.216,0.335
1,False,0.504,0.51,7,-10.79,1,0.0415,0.771,7.61e-05,0.0766,0.0834
55,False,0.439,0.915,2,-7.078,0,0.0745,0.000184,0.000899,0.326,0.34
34,False,0.741,0.519,0,-11.103,1,0.0259,0.215,0.00205,0.319,0.899
45,False,0.528,0.427,4,-12.304,1,0.0548,0.27,2.18e-05,0.105,0.307
0,False,0.254,0.104,5,-19.932,1,0.0524,0.986,0.716,0.152,0.0378
51,False,0.458,0.981,1,-1.65,1,0.0518,0.0573,0.0363,0.172,0.143
47,False,0.634,0.859,2,-5.832,1,0.0567,0.539,3.2e-05,0.693,0.64
8,False,0.656,0.678,3,-5.615,1,0.365,0.532,0.0,0.0308,0.718
28,False,0.509,0.475,5,-8.994,0,0.0382,0.506,0.00383,0.168,0.173
0,False,0.416,0.964,9,-2.967,1,0.112,2.35e-05,0.000875,0.473,0.212
35,True,0.64,0.459,2,-8.439,1,0.25,0.448,5.75e-05,0.107,0.14
17,True,0.193,0.995,3,-4.893,1,0.18,4.29e-06,0.0737,0.0486,0.0743
1,False,0.213,0.159,7,-13.897,1,0.0366,0.715,0.914,0.101,0.0373
12,False,0.61,0.287,5,-9.551,1,0.0281,0.676,0.0,0.134,0.701
51,False,0.67,0.507,11,-6.551,1,0.0316,0.699,0.0,0.161,0.258
62,False,0.365,0.887,0,-4.579,1,0.0417,0.00272,2.18e-05,0.0923,0.916
0,False,0.637,0.705,10,-7.546,0,0.0502,0.121,0.0,0.0857,0.553
49,False,0.46,0.521,4,-8.022,1,0.0274,0.65,0.0,0.256,0.599
51,False,0.669,0.671,6,-8.135,1,0.0276,0.448,0.0,0.472,0.753
45,False,0.682,0.462,11,-11.505,0,0.0388,0.913,0.212,0.107,0.529
76,True,0.745,0.801,3,-6.545,0,0.724,0.439,1.13e-06,0.519,0.486
16,False,0.548,0.999,0,-4.937,1,0.0947,0.0501,0.0128,0.978,0.0878
0,False,0.673,0.712,11,-7.858,0,0.0273,0.159,0.0,0.183,0.912
38,False,0.508,0.299,0,-7.457,0,0.0261,0.502,0.0,0.112,0.137
59,False,0.815,0.421,0,-8.125,1,0.0352,0.491,4.41e-06,0.117,0.543
0,False,0.816,0.596,9,-11.15,1,0.451,0.76,0.891,0.348,0.756
66,False,0.888,0.876,8,-4.249,1,0.0425,0.61,3.25e-05,0.375,0.992
22,False,0.519,0.535,3,-14.284,0,0.935,0.764,0.0,0.706,0.474
37,False,0.442,0.447,1,-7.557,0,0.0278,0.456,0.0,0.975,0.165
12,False,0.221,0.992,10,-4.898,0,0.151,3.49e-06,0.207,0.304,0.117
0,False,0.55,0.548,5,-11.171,0,0.0719,0.258,4.12e-05,0.36,0.819
16,False,0.751,0.991,11,-5.468,0,0.0723,0.00101,0.179,0.357,0.849
2,False,0.718,0.891,9,-3.494,0,0.0404,0.00175,0.0146,0.138,0.828
51,False,0.544,0.738,6,-4.944,1,0.106,0.368,0.0,0.0993,0.41
64,False,0.831,0.777,11,-4.456,0,0.174,0.356,0.0,0.0796,0.598
0,False,0.304,0.89,9,-3.992,0,0.122,0.00143,0.00113,0.104,0.433
21,False,0.622,0.906,9,-6.987,1,0.258,0.024,0.0133,0.342,0.0615
0,False,0.689,0.546,5,-9.254,1,0.0673,0.000464,0.000896,0.239,0.966
1,False,0.704,0.797,0,-5.927,1,0.0475,0.0826,0.000745,0.0546,0.825
31,False,0.521,0.686,5,-8.002,0,0.291,0.0141,0.0,0.0846,0.624
41,False,0.66,0.606,0,-11.409,0,0.0266,0.557,0.00547,0.0987,0.77
30,False,0.605,0.238,0,-12.352,1,0.16,0.948,0.92,0.111,0.656
50,True,0.254,0.98,0,-4.348,1,0.138,0.00014,0.0659,0.306,0.0399
26,False,0.46,0.882,1,-4.91,1,0.0641,0.00203,0.0103,0.0996,0.658
9,False,0.804,0.947,2,-8.071,1,0.0488,0.00984,0.889,0.0647,0.666
0,False,0.258,0.904,0,-5.625,1,0.0386,2.2e-05,0.218,0.255,0.832
29,False,0.66,0.917,7,-6.56,1,0.215,0.068,0.000216,0.683,0.74
63,True,0.508,0.891,4,-7.492,0,0.0539,0.000381,0.0,0.403,0.572
0,False,0.371,0.601,9,-8.431,1,0.0277,0.137,5.53e-05,0.15,0.596
48,False,0.619,0.484,1,-8.715,1,0.0572,0.116,0.000121,0.19,0.61
0,False,0.508,0.47,0,-9.339,1,0.0262,0.201,0.0553,0.14,0.69
31,False,0.329,0.166,4,-10.467,1,0.0381,0.918,0.000221,0.257,0.159
64,False,0.468,0.655,4,-6.384,1,0.0296,0.0149,0.0,0.104,0.222
56,False,0.652,0.546,11,-6.497,1,0.0264,0.666,2.28e-06,0.112,0.264
41,True,0.677,0.573,10,-7.982,0,0.047,0.317,0.0,0.291,0.282
71,False,0.672,0.623,9,-5.699,1,0.0297,0.241,0.0,0.0848,0.617
12,False,0.698,0.583,4,-11.091,0,0.105,0.00189,0.775,0.308,0.408
39,False,0.494,0.443,4,-9.212,1,0.0274,0.674,6.59e-05,0.102,0.191
21,False,0.444,0.545,0,-6.574,1,0.0284,0.0391,0.000356,0.184,0.382
35,False,0.341,0.212,7,-12.131,1,0.0312,0.897,0.00124,0.147,0.268
81,False,0.468,0.779,9,-4.839,1,0.0779,0.112,0.000373,0.101,0.26
46,False,0.493,0.587,7,-4.743,0,0.0603,0.791,0.0,0.0919,0.456
37,False,0.87,0.737,11,-8.372,1,0.126,0.268,0.00369,0.0504,0.952
58,False,0.619,0.712,4,-6.893,0,0.0328,0.103,0.0,0.24,0.35
49,True,0.258,0.997,7,-3.808,1,0.245,0.000225,0.565,0.096,0.245
31,False,0.753,0.958,11,-4.088,0,0.0504,0.0449,0.0,0.383,0.964
80,False,0.685,0.886,0,-4.179,1,0.034,0.028,0.0,0.481,0.615
41,False,0.467,0.644,6,-4.792,0,0.0382,0.182,0.0,0.0945,0.308
0,True,0.863,0.666,1,-4.158,0,0.152,0.212,0.000493,0.103,0.838
82,False,0.604,0.366,5,-7.519,1,0.0282,0.578,0.0,0.133,0.13
58,False,0.495,0.729,6,-6.453,0,0.103,0.6,4.13e-05,0.0993,0.683
73,False,0.459,0.878,5,-1.399,0,0.0688,5.62e-05,0.000307,0.371,0.494
38,False,0.624,0.499,7,-7.631,1,0.0276,0.179,0.0,0.17,0.305
16,False,0.753,0.728,10,-6.071,0,0.0563,0.0159,0.0652,0.107,0.59
19,False,0.329,0.954,4,-1.737,1,0.0706,0.00316,0.338,0.52,0.589
70,False,0.544,0.579,8,-8.52,1,0.0712,0.193,1.43e-05,0.117,0.294
18,False,0.668,0.859,6,-5.947,1,0.0367,0.0351,0.569,0.248,0.802
51,True,0.6,0.982,4,-2.996,0,0.201,0.104,0.0,0.343,0.277
70,False,0.714,0.697,1,-7.887,0,0.032,0.0197,2e-06,0.0697,0.602
27,False,0.811,0.556,5,-7.399,0,0.0741,0.291,0.898,0.11,0.745
45,False,0.751,0.414,5,-11.214,0,0.0406,0.145,0.000123,0.0841,0.401
3,False,0.748,0.841,7,-5.08,1,0.177,0.00445,1.33e-06,0.0413,0.717
48,False,0.561,0.925,1,-5.77,1,0.0566,0.000184,0.0119,0.606,0.614
12,False,0.779,0.324,2,-12.326,1,0.0517,0.892,0.0,0.082,0.963
65,True,0.589,0.797,9,-5.464,1,0.15,0.0289,4.35e-06,0.383,0.232
38,False,0.638,0.893,9,-4.857,1,0.076,0.0398,0.0,0.0801,0.567
22,False,0.47,0.591,9,-6.042,1,0.0809,0.788,1.26e-05,0.21,0.651
25,False,0.61,0.151,11,-14.883,1,0.115,0.863,0.0,0.104,0.666
57,False,0.745,0.549,7,-5.137,1,0.203,0.337,0.0,0.152,0.788
37,False,0.406,0.966,2,-3.515,0,0.0768,0.00113,0.0,0.0714,0.497
69,False,0.697,0.438,8,-8.411,1,0.0289,0.397,0.0,0.293,0.58
68,True,0.778,0.738,2,-2.164,1,0.218,0.0103,0.0,0.55,0.626
20,False,0.148,0.32,2,-11.921,0,0.0386,0.804,0.00283,0.304,0.106
49,False,0.597,0.913,0,-6.246,1,0.103,0.038,0.0,0.288,0.694
0,False,0.602,0.553,11,-9.336,1,0.0328,0.108,0.0,0.0512,0.971
51,False,0.335,0.865,11,-4.672,0,0.0944,0.0027,0.276,0.107,0.411
38,False,0.65,0.903,7,-5.27,0,0.0348,0.663,0.0,0.988,0.869
1,False,0.237,0.38,2,-14.322,1,0.0358,0.599,0.875,0.174,0.0464
11,False,0.346,0.999,0,-4.912,1,0.184,0.00225,0.00983,0.306,0.0375
16,True,0.286,0.995,9,-3.143,1,0.178,5.44e-05,0.049,0.162,0.169
12,False,0.496,0.193,10,-14.424,1,0.0292,0.817,0.0,0.189,0.51
37,False,0.478,0.684,4,-9.205,1,0.0371,0.285,1.72e-05,0.288,0.286
18,False,0.359,0.917,4,-5.394,1,0.063,4.58e-06,0.874,0.333,0.483
31,False,0.801,0.583,1,-6.7,0,0.0535,0.00921,0.00711,0.17,0.666
0,True,0.888,0.622,1,-3.875,1,0.213,0.16,0.0,0.101,0.664
0,False,0.476,0.526,9,-7.985,1,0.051,0.0737,2.99e-06,0.189,0.122
13,False,0.825,0.828,1,-9.284,0,0.0381,0.0567,0.0323,0.195,0.939
57,False,0.304,0.0463,4,-25.773,0,0.0353,0.879,0.803,0.0923,0.0392
30,False,0.214,0.976,0,-4.772,0,0.0566,1.72e-05,0.0019,0.107,0.336
40,False,0.683,0.911,5,-3.332,0,0.0665,0.162,0.0,0.0726,0.879
77,False,0.829,0.886,8,-1.746,1,0.112,0.259,0.0,0.0559,0.777
0,True,0.795,0.694,1,-5.053,1,0.0595,0.0183,0.000186,0.115,0.327
29,False,0.521,0.526,7,-6.87,0,0.0349,0.552,0.00156,0.198,0.577
72,False,0.761,0.554,1,-8.119,0,0.0854,0.193,0.00844,0.0802,0.555
27,False,0.743,0.543,6,-7.983,1,0.111,0.1,0.0,0.246,0.499
70,False,0.735,0.839,10,-4.263,0,0.0381,0.129,0.0,0.41,0.609
42,False,0.8,0.64,5,-6.648,1,0.0387,0.415,0.0,0.119,0.56
11,False,0.611,0.436,1,-14.365,0,0.0313,0.469,0.965,0.232,0.204
0,False,0.424,0.0189,7,-26.86,0,0.115,0.967,0.895,0.133,0.167
0,False,0.23,0.994,8,-2.167,1,0.396,4.13e-05,0.000325,0.0662,0.325
44,False,0.574,0.689,2,-4.824,1,0.0746,0.189,0.0,0.301,0.617
26,False,0.806,0.491,9,-8.013,0,0.0474,0.00795,0.653,0.0885,0.143
38,False,0.509,0.97,4,-6.732,1,0.0697,0.00951,0.000234,0.0459,0.665
25,False,0.764,0.62,2,-6.778,1,0.341,0.511,0.0,0.109,0.36
20,False,0.661,0.309,0,-10.558,1,0.0272,0.793,1.55e-06,0.106,0.34
70,False,0.548,0.483,4,-9.102,1,0.0268,0.515,0.0674,0.0922,0.166
29,False,0.727,0.816,5,-6.912,0,0.0369,0.000577,0.00207,0.309,0.883
0,False,0.831,0.542,10,-6.652,0,0.169,0.234,0.0,0.261,0.493
0,True,0.845,0.723,11,-5.18,1,0.263,0.0112,0.0,0.107,0.667
15,False,0.535,0.564,2,-7.224,1,0.0394,0.361,0.0,0.119,0.278
0,False,0.688,0.639,5,-10.068,1,0.0425,0.47,0.655,0.117,0.602
26,False,0.507,0.195,5,-16.514,1,0.0756,0.874,0.92,0.111,0.0709
39,False,0.509,0.778,11,-3.608,1,0.0295,0.00998,0.0,0.19,0.216
17,False,0.584,0.77,11,-3.514,0,0.0644,0.0113,3.39e-05,0.418,0.411
76,False,0.715,0.605,0,-5.128,0,0.0428,0.239,1.41e-05,0.189,0.454
19,False,0.48,0.101,0,-11.186,1,0.0516,0.949,1.24e-05,0.109,0.345
66,False,0.663,0.71,11,-5.55,0,0.0599,0.00745,0.00559,0.147,0.487
0,False,0.524,0.487,6,-7.525,0,0.0299,0.253,0.0,0.0579,0.482
0,False,0.258,0.904,0,-5.625,1,0.0386,2.2e-05,0.218,0.255,0.832
45,False,0.656,0.397,2,-11.936,1,0.0704,0.676,0.924,0.0982,0.663
52,False,0.471,0.8,11,-6.624,0,0.0708,0.599,0.0,0.975,0.643
18,False,0.56,0.447,9,-5.644,1,0.0401,0.882,7.7e-06,0.272,0.725
14,False,0.624,0.264,9,-16.31,1,0.0354,0.839,0.000508,0.0771,0.779
66,True,0.765,0.906,8,-2.097,0,0.0965,0.125,0.0,0.423,0.95
24,False,0.607,0.331,5,-11.481,0,0.035,0.692,0.0,0.116,0.274
20,False,0.32,0.948,0,-3.909,0,0.117,0.000285,3.4e-05,0.0621,0.359
39,False,0.419,0.71,3,-8.115,1,0.0654,0.101,0.0,0.0902,0.853
12,False,0.627,0.78,8,-5.429,1,0.0518,0.00142,0.0308,0.0989,0.297
40,False,0.688,0.937,2,-4.438,0,0.0464,0.507,0.00113,0.138,0.805
43,False,0.244,0.684,10,-7.798,1,0.0384,0.0188,0.000585,0.239,0.135
13,False,0.235,0.969,8,-2.662,1,0.0655,1.76e-06,0.586,0.22,0.0657
59,False,0.89,0.672,7,-5.532,1,0.0621,0.707,0.000604,0.177,0.598
42,False,0.5,0.841,0,-6.456,1,0.163,0.805,0.0,0.641,0.911
62,False,0.412,0.61,10,-7.988,1,0.0379,0.177,0.000102,0.0851,0.242
24,False,0.623,0.346,0,-15.099,1,0.0344,0.824,0.0504,0.0564,0.148
46,False,0.456,0.935,5,-3.03,0,0.0324,0.028,0.776,0.741,0.387
1,False,0.223,0.91,7,-7.097,1,0.08,0.0116,0.000518,0.212,0.364
17,False,0.382,0.907,4,-5.322,1,0.16,0.0652,7.01e-06,0.115,0.216
55,True,0.709,0.604,4,-9.048,0,0.405,0.623,0.0,0.547,0.584
23,True,0.692,0.339,10,-19.111,1,0.959,0.831,0.0,0.697,0.575
19,False,0.52,0.901,5,-3.295,1,0.0641,0.035,0.0,0.163,0.886
52,False,0.437,0.417,8,-7.749,1,0.0285,0.724,3.58e-06,0.1,0.427
1,True,0.845,0.723,11,-5.18,1,0.263,0.0112,0.0,0.107,0.667
41,False,0.319,0.865,2,-3.7,1,0.107,0.19,0.699,0.0823,0.164
0,False,0.881,0.592,2,-4.898,1,0.0324,0.619,1.32e-05,0.0901,0.719
51,True,0.834,0.517,7,-9.095,1,0.0603,0.77,0.0,0.0873,0.147
23,False,0.798,0.786,11,-14.631,0,0.0545,0.0168,0.293,0.216,0.38
1,False,0.736,0.74,10,-6.662,0,0.0912,0.0174,0.0,0.0481,0.737
66,False,0.592,0.911,9,-7.975,1,0.0659,0.00608,0.0123,0.223,0.211
43,False,0.369,0.359,9,-9.284,1,0.0317,0.845,0.0,0.844,0.193
13,False,0.371,0.203,8,-14.63,1,0.0366,0.928,0.000351,0.325,0.264
34,False,0.337,0.857,2,-7.037,1,0.0662,0.188,3.22e-05,0.626,0.96
19,False,0.201,0.824,11,-13.332,0,0.0776,2.43e-05,0.00159,0.0991,0.0648
26,False,0.351,0.109,7,-11.997,0,0.0435,0.879,0.0,0.158,0.64
77,False,0.521,0.895,7,-5.242,1,0.0442,5.54e-05,0.349,0.0985,0.237
62,False,0.474,0.895,2,-4.443,0,0.0628,0.000254,0.000177,0.088,0.399
0,False,0.745,0.812,0,-5.77,1,0.0254,0.0954,0.0,0.0473,0.968
0,False,0.783,0.84,1,-3.416,1,0.051,0.174,0.0,0.412,0.838
36,False,0.814,0.66,3,-4.099,0,0.0339,0.257,0.0,0.144,0.967
63,False,0.709,0.871,5,-4.126,0,0.175,0.134,0.0,0.316,0.667
18,False,0.317,0.327,9,-13.577,0,0.038,0.921,0.594,0.671,0.503
22,False,0.484,0.936,6,-9.4,0,0.0504,2.23e-05,0.823,0.291,0.152
37,False,0.573,0.697,2,-3.988,1,0.0355,0.0127,0.0,0.102,0.647
49,False,0.354,0.076,9,-22.115,0,0.0545,0.982,0.839,0.149,0.0984
46,False,0.582,0.467,5,-7.674,1,0.0367,0.183,0.0,0.0931,0.486
42,False,0.551,0.478,10,-10.58,0,0.0378,0.526,0.0,0.288,0.523
17,False,0.432,0.526,4,-12.49,0,0.0612,0.0513,0.000105,0.0887,0.251
1,False,0.701,0.425,7,-10.965,1,0.375,0.328,0.13,0.1,0.562
20,False,0.621,0.787,0,-8.819,1,0.0384,0.175,0.186,0.179,0.73
64,False,0.846,0.573,6,-6.005,0,0.0633,0.0437,0.0,0.0856,0.553
49,False,0.653,0.401,5,-12.029,1,0.0279,0.893,0.143,0.109,0.311
26,False,0.446,0.862,5,-2.347,1,0.042,0.0319,0.0,0.284,0.512
37,False,0.702,0.829,4,-5.52,1,0.0297,0.00145,0.0,0.328,0.895
0,True,0.799,0.847,5,-7.808,1,0.0956,0.254,2.14e-05,0.339,0.529
8,False,0.615,0.896,11,-13.426,0,0.0542,0.014,0.888,0.148,0.36
0,False,0.588,0.847,8,-4.164,1,0.0705,0.0601,0.0,0.307,0.662
0,False,0.756,0.646,7,-5.795,1,0.319,0.152,1.81e-05,0.108,0.429
60,False,0.478,0.848,1,-3.85,0,0.0431,0.0934,0.0,0.0925,0.48
73,True,0.854,0.682,7,-5.212,1,0.053,0.335,0.000926,0.0569,0.507
33,False,0.877,0.773,7,-3.118,1,0.0352,0.154,0.000414,0.0889,0.796
47,False,0.459,0.399,6,-9.954,1,0.0339,0.433,0.0,0.682,0.374
62,False,0.519,0.666,10,-6.163,1,0.0262,0.553,0.000169,0.0948,0.461
22,False,0.264,0.13,1,-15.167,0,0.0437,0.891,0.0,0.105,0.0899
43,False,0.219,0.771,11,-5.047,1,0.0544,0.115,0.0,0.113,0.272
20,False,0.224,0.0651,7,-22.713,1,0.0469,0.521,0.599,0.188,0.0936
27,False,0.413,0.688,2,-8.694,1,0.035,0.0215,0.000201,0.973,0.269
0,False,0.87,0.572,3,-4.671,1,0.0388,0.687,0.0,0.091,0.697
42,False,0.606,0.31,3,-11.111,1,0.0289,0.936,0.000213,0.281,0.22
53,False,0.584,0.827,9,-5.717,0,0.245,0.22,0.0,0.863,0.454
57,False,0.589,0.296,0,-9.335,1,0.083,0.842,0.0,0.0736,0.611
0,False,0.582,0.705,3,-8.169,1,0.0539,0.29,1.38e-06,0.797,0.64
24,False,0.113,0.478,3,-10.158,1,0.0381,0.814,3.83e-06,0.661,0.178
18,False,0.623,0.45,3,-8.347,1,0.0974,0.924,0.0,0.104,0.892
65,False,0.643,0.906,1,-4.15,1,0.31,0.105,0.0,0.861,0.541
17,False,0.527,0.899,8,-8.211,1,0.107,0.000165,0.734,0.415,0.454
27,False,0.457,0.841,10,-4.252,1,0.0354,0.000791,0.00113,0.399,0.613
72,False,0.766,0.788,6,-3.128,0,0.312,0.105,5.81e-06,0.142,0.609
27,False,0.842,0.811,2,-6.476,1,0.109,0.00579,0.176,0.0702,0.594
52,False,0.357,0.837,0,-4.083,1,0.0458,0.0213,8.63e-06,0.298,0.0395
0,False,0.112,0.978,4,-2.64,1,0.117,0.000108,0.0241,0.117,0.371
1,False,0.494,0.796,7,-3.965,0,0.0324,0.0197,0.000178,0.309,0.447
48,False,0.619,0.484,1,-8.715,1,0.0572,0.116,0.000121,0.19,0.61
37,False,0.585,0.4,4,-11.811,0,0.0347,0.832,0.875,0.116,0.197
34,False,0.772,0.571,0,-10.234,1,0.0325,0.251,0.000173,0.0326,0.96
15,False,0.71,0.435,6,-5.396,0,0.0557,0.31,0.0,0.0679,0.474
20,False,0.568,0.391,4,-8.827,0,0.0295,0.43,0.000156,0.111,0.343
67,False,0.658,0.814,0,-4.631,1,0.0558,0.229,0.00676,0.216,0.69
24,True,0.663,0.706,2,-6.196,1,0.318,0.000952,9.68e-05,0.236,0.466
44,False,0.427,0.108,5,-20.024,0,0.0346,0.856,0.383,0.123,0.0377
49,False,0.548,0.728,6,-5.234,1,0.0373,0.263,0.00788,0.101,0.831
40,False,0.509,0.475,5,-8.994,0,0.0382,0.506,0.00383,0.168,0.173
73,False,0.324,0.539,2,-8.076,1,0.038,0.713,3.15e-05,0.118,0.486
76,False,0.891,0.819,8,-3.964,1,0.106,0.0261,0.000354,0.173,0.768
22,False,0.117,0.11,5,-26.081,1,0.0442,0.977,0.741,0.702,0.0449
0,False,0.552,0.946,2,-5.29,1,0.0927,0.000492,0.264,0.0767,0.282
29,False,0.582,0.994,10,-5.548,0,0.242,0.00017,0.895,0.335,0.0393
55,False,0.791,0.646,11,-4.598,1,0.117,0.135,1.33e-05,0.16,0.256
38,False,0.572,0.745,7,-8.642,1,0.0444,0.0895,8.64e-06,0.147,0.855
29,False,0.533,0.841,2,-4.418,1,0.0315,0.126,0.000212,0.184,0.97
11,False,0.653,0.298,1,-15.499,1,0.439,0.0444,0.0,0.103,0.812
0,False,0.732,0.92,7,-4.533,1,0.083,0.0668,6.11e-06,0.345,0.408
46,False,0.629,0.38,9,-10.874,1,0.0317,0.934,0.000693,0.103,0.232
28,False,0.508,0.888,0,-3.911,1,0.0393,9.21e-06,0.00137,0.0858,0.325
54,False,0.596,0.97,11,-2.7,0,0.0691,0.00208,0.00419,0.101,0.279
12,False,0.735,0.392,11,-8.235,1,0.0281,0.542,0.0,0.125,0.758
30,False,0.414,0.828,1,-4.893,1,0.0477,0.0372,3.64e-06,0.172,0.306
35,False,0.48,0.32,0,-10.39,1,0.0312,0.726,0.000343,0.107,0.0877
45,False,0.74,0.545,3,-8.204,1,0.0403,0.656,0.0,0.165,0.829
0,False,0.503,0.951,11,-3.52,1,0.139,0.0216,0.0,0.759,0.664
85,True,0.812,0.855,7,-3.725,1,0.0554,0.0789,0.000167,0.108,0.573
32,False,0.179,0.0538,11,-18.765,1,0.0343,0.967,1.66e-05,0.355,0.115
37,False,0.588,0.422,0,-12.054,1,0.0302,0.225,0.0,0.486,0.832
0,False,0.463,0.755,4,-7.244,1,0.0634,0.11,4.89e-06,0.103,0.252
23,False,0.399,0.223,5,-11.461,1,0.0298,0.594,0.0,0.065,0.117
84,False,0.649,0.716,8,-5.371,1,0.0349,0.0863,2.63e-05,0.135,0.163
23,False,0.285,0.9,9,-4.513,0,0.0593,0.000389,2.28e-05,0.337,0.431
50,True,0.535,0.717,4,-6.133,0,0.0428,0.149,0.00015,0.149,0.31
63,False,0.547,0.785,5,-5.865,0,0.0675,0.204,0.0,0.0835,0.764
56,False,0.593,0.61,5,-10.574,1,0.032,0.768,0.0117,0.147,0.907
45,False,0.424,0.056,4,-20.06,0,0.0517,0.898,0.000105,0.11,0.17
15,False,0.523,0.447,7,-10.943,1,0.0311,0.0036,0.000331,0.107,0.0657
23,False,0.514,0.995,7,-3.451,1,0.123,0.023,0.114,0.654,0.373
24,False,0.53,0.997,8,-4.707,0,0.0946,0.0938,0.000903,0.961,0.203
57,False,0.829,0.811,0,-5.693,1,0.392,0.321,0.0,0.056,0.919
16,False,0.545,0.952,1,-8.133,0,0.125,0.00244,0.0377,0.267,0.527
0,False,0.382,0.014,7,-27.667,0,0.0444,0.99,0.935,0.107,0.349
48,False,0.439,0.528,9,-7.117,1,0.0262,0.398,0.0,0.0703,0.079
24,False,0.276,0.934,6,-5.371,1,0.0716,6.41e-05,0.00219,0.297,0.307
53,False,0.669,0.884,9,-2.613,1,0.0402,0.00184,0.0,0.0676,0.963
1,False,0.378,0.934,11,-3.702,0,0.107,0.0013,0.0149,0.322,0.602
24,False,0.362,0.4,1,-7.607,1,0.0273,0.452,6.78e-06,0.147,0.262
50,True,0.249,0.828,3,-10.821,0,0.0685,3.04e-06,0.951,0.112,0.279
64,False,0.879,0.655,4,-5.602,1,0.0401,0.106,0.00397,0.131,0.67
67,False,0.338,0.847,3,-3.692,1,0.0458,0.00881,0.00105,0.147,0.232
9,False,0.629,0.797,8,-4.393,1,0.199,0.0218,0.0,0.107,0.708
55,False,0.428,0.442,7,-10.485,1,0.0303,0.775,0.000132,0.0818,0.687
58,True,0.77,0.621,1,-7.635,1,0.454,0.447,0.0,0.158,0.301
1,False,0.346,0.589,7,-9.922,1,0.036,0.21,0.00703,0.15,0.638
26,False,0.717,0.554,7,-5.389,1,0.044,0.0592,0.0,0.11,0.324
0,False,0.579,0.502,8,-7.57,1,0.0513,0.733,0.0,0.281,0.836
46,False,0.333,0.765,4,-7.748,1,0.0431,0.0173,0.0,0.191,0.411
50,True,0.657,0.387,8,-14.169,0,0.0782,0.508,0.0371,0.107,0.393
20,False,0.722,0.415,0,-11.043,1,0.0335,0.816,0.856,0.0762,0.799
36,False,0.765,0.327,7,-10.885,1,0.0648,0.98,0.942,0.115,0.56
62,False,0.423,0.651,0,-8.741,1,0.0406,0.00799,0.618,0.31,0.14
0,True,0.751,0.897,1,-3.602,1,0.0468,0.00957,2.72e-05,0.329,0.483
35,False,0.489,0.97,6,-3.832,1,0.125,0.00837,0.0,0.163,0.42
42,False,0.805,0.746,1,-5.211,0,0.185,0.238,0.0,0.215,0.717
72,True,0.622,0.799,11,-4.811,1,0.0342,0.00185,1.08e-06,0.269,0.6
20,False,0.24,0.437,5,-9.174,1,0.0293,0.158,1.91e-06,0.13,0.211
24,False,0.335,0.898,5,-2.364,0,0.14,0.022,6.48e-06,0.324,0.806
60,False,0.504,0.173,9,-18.548,0,0.0318,0.987,0.0755,0.355,0.116
37,False,0.329,0.501,7,-9.224,0,0.0432,0.529,0.0,0.426,0.347
46,False,0.421,0.346,11,-9.351,1,0.0255,0.875,9.27e-06,0.0895,0.318
28,False,0.716,0.509,2,-6.926,1,0.0753,0.683,0.891,0.0884,0.374
0,False,0.813,0.415,0,-5.926,1,0.0349,0.777,0.0,0.131,0.667
0,False,0.646,0.934,9,-6.955,1,0.0531,0.129,1.03e-05,0.0443,0.698
29,False,0.682,0.822,4,-8.477,0,0.0524,0.00346,1.68e-05,0.355,0.567
19,False,0.324,0.854,9,-5.599,0,0.189,0.0339,0.0,0.26,0.178
65,True,0.767,0.71,11,-7.177,0,0.352,0.0887,3.41e-06,0.106,0.244
0,False,0.329,0.853,11,-6.488,0,0.046,0.000161,0.74,0.309,0.0708
62,False,0.474,0.881,7,-1.846,1,0.0398,0.033,0.0,0.0513,0.587
66,False,0.678,0.449,4,-9.379,0,0.0869,0.477,0.0,0.536,0.606
33,False,0.337,0.976,1,-3.365,0,0.165,0.00047,0.000294,0.364,0.27
7,False,0.752,0.967,0,-13.97,1,0.053,2.48e-05,0.932,0.17,0.886
40,False,0.754,0.731,10,-4.643,0,0.0413,0.112,0.000239,0.157,0.552
0,False,0.538,0.825,0,-4.021,1,0.0478,0.0105,1.43e-05,0.0693,0.467
0,False,0.628,0.724,0,-5.03,1,0.049,0.0925,0.0,0.0853,0.515
71,False,0.481,0.496,8,-7.421,1,0.0262,0.588,0.0,0.132,0.453
39,False,0.706,0.868,7,-3.746,1,0.0267,0.00358,0.0,0.317,0.767
72,False,0.46,0.66,3,-6.642,1,0.0652,0.0108,0.000139,0.34,0.18
2,False,0.917,0.776,9,-2.248,0,0.154,0.0464,5.54e-05,0.08,0.656
45,False,0.526,0.896,3,-3.598,0,0.0455,0.000459,0.00102,0.119,0.424
47,True,0.64,0.542,5,-10.288,0,0.508,0.603,0.0,0.137,0.578
57,False,0.753,0.449,7,-7.631,1,0.0288,0.347,0.0,0.219,0.557
26,False,0.64,0.499,9,-8.219,1,0.0287,0.725,4.34e-05,0.0892,0.655
70,False,0.889,0.756,4,-4.23,1,0.056,0.132,0.0,0.0996,0.918
33,False,0.6,0.185,1,-16.663,1,0.0281,0.567,0.928,0.1,0.344
87,False,0.566,0.885,8,-4.528,1,0.0818,0.0958,9.97e-05,0.334,0.304
45,False,0.29,0.388,0,-12.525,0,0.0468,0.635,0.0421,0.136,0.132
36,False,0.339,0.429,0,-9.725,1,0.0402,0.493,0.000171,0.123,0.432
68,False,0.579,0.738,10,-5.711,1,0.0542,0.0821,1.52e-06,0.232,0.431
59,False,0.557,0.821,1,-7.794,0,0.0573,0.0189,0.0,0.0863,0.184
46,False,0.313,0.47,1,-11.142,1,0.0376,0.847,5.86e-06,0.0663,0.718
29,False,0.403,0.508,6,-11.019,1,0.0335,0.199,0.84,0.0826,0.133
43,False,0.676,0.477,8,-8.967,1,0.0545,0.0423,0.0,0.0678,0.521
47,False,0.861,0.752,9,-6.829,0,0.143,0.0872,0.0,0.0537,0.811
28,True,0.561,0.462,6,-5.445,1,0.0331,0.237,0.0,0.354,0.533
52,False,0.498,0.709,0,-3.135,0,0.0325,0.00815,0.0,0.127,0.439
33,False,0.718,0.526,7,-9.523,0,0.0597,0.735,0.0,0.12,0.697
34,False,0.258,0.985,0,-3.376,1,0.157,0.0202,0.000308,0.432,0.382
0,False,0.409,0.153,6,-10.74,0,0.0306,0.939,2.56e-05,0.108,0.18
0,False,0.666,0.921,9,-5.462,1,0.138,0.226,0.0,0.15,0.723
79,False,0.256,0.641,1,-10.283,1,0.0552,0.199,0.0329,0.0853,0.382
32,False,0.513,0.999,9,-5.894,0,0.166,0.00217,0.105,0.697,0.156
20,False,0.211,0.991,6,-5.864,0,0.116,7.93e-06,0.352,0.328,0.217
39,False,0.627,0.921,4,-4.859,1,0.189,0.0315,3.37e-06,0.0699,0.392
0,False,0.223,0.91,7,-7.097,1,0.08,0.0116,0.000518,0.212,0.364
54,True,0.523,0.662,1,-6.923,1,0.141,0.51,0.000198,0.653,0.542
64,False,0.289,0.43,10,-6.818,1,0.0332,0.624,0.0,0.101,0.531
0,False,0.475,0.715,8,-5.371,1,0.058,0.0863,2.67e-05,0.135,0.159
28,False,0.736,0.803,11,-6.93,1,0.0531,6.18e-05,0.802,0.375,0.185
27,False,0.806,0.864,10,-5.106,1,0.151,0.0795,0.000244,0.0473,0.901
8,False,0.87,0.636,8,-10.163,1,0.0974,0.00697,0.00232,0.2,0.726
28,True,0.334,0.959,6,-3.975,0,0.317,0.00221,1.19e-05,0.333,0.106
1,False,0.792,0.804,3,-4.752,1,0.259,0.537,0.0,0.342,0.807
27,False,0.51,0.875,1,-5.003,1,0.0616,0.347,5.16e-05,0.0189,0.758
16,False,0.379,0.939,11,-5.762,1,0.0878,0.00291,0.8,0.365,0.0819
29,False,0.171,0.0115,0,-26.859,0,0.0461,0.993,0.943,0.0832,0.0712
0,False,0.258,0.175,0,-11.903,1,0.0323,0.939,0.000156,0.136,0.107
42,False,0.456,0.469,2,-7.838,0,0.0339,0.143,0.936,0.212,0.106
44,False,0.81,0.701,11,-4.531,0,0.033,0.544,0.0,0.152,0.695
47,False,0.811,0.499,7,-9.37,1,0.0589,0.255,0.00478,0.189,0.373
12,False,0.448,0.274,11,-12.146,1,0.032,0.953,0.0,0.615,0.592
50,False,0.153,0.0555,9,-19.488,1,0.0351,0.978,0.953,0.121,0.0618
0,False,0.415,0.972,11,-5.446,1,0.0716,0.00448,0.146,0.339,0.588
49,False,0.63,0.984,11,-2.187,1,0.0658,0.000666,0.00804,0.163,0.214
17,False,0.133,0.856,1,-13.406,0,0.0974,5.89e-06,0.933,0.108,0.336
57,True,0.558,0.766,6,-5.953,0,0.231,0.263,0.0,0.32,0.182
1,False,0.503,0.582,0,-4.324,1,0.0253,0.472,0.0,0.103,0.326
41,True,0.51,0.684,4,-8.953,1,0.0394,0.541,0.0,0.156,0.564
41,False,0.308,0.727,7,-4.815,1,0.0475,0.0179,0.0,0.417,0.282
1,False,0.36,0.815,2,-12.779,1,0.146,0.46,0.0,0.365,0.439
0,False,0.772,0.81,0,-7.602,1,0.0322,0.687,2.42e-06,0.097,0.971
25,False,0.166,0.00892,5,-32.364,0,0.0514,0.988,0.955,0.0918,0.0929
45,False,0.806,0.263,5,-10.43,1,0.0502,0.787,0.0,0.182,0.868
10,False,0.331,0.597,3,-9.267,1,0.106,0.831,0.204,0.119,0.198
46,False,0.698,0.389,2,-6.246,0,0.0321,0.885,0.0,0.136,0.704
15,False,0.621,0.221,9,-12.15,0,0.0658,0.875,0.009,0.0851,0.532
49,False,0.482,0.789,1,-5.945,0,0.0486,0.00577,0.00173,0.11,0.263
49,False,0.467,0.981,1,-3.37,0,0.0485,0.0053,0.898,0.222,0.609
67,False,0.722,0.282,5,-7.484,1,0.106,0.373,0.00557,0.147,0.217
63,False,0.771,0.727,1,-4.285,0,0.0416,0.0205,4.54e-06,0.291,0.649
32,False,0.714,0.879,8,-4.605,1,0.0542,0.00914,6.78e-06,0.106,0.752
54,False,0.66,0.557,1,-9.597,1,0.03,0.158,0.0,0.543,0.788
46,False,0.335,0.298,8,-12.329,0,0.0328,0.859,0.00183,0.109,0.105
30,False,0.461,0.706,6,-5.863,1,0.103,0.536,1.1e-06,0.0506,0.842
41,False,0.237,0.161,2,-12.265,1,0.0326,0.778,0.00358,0.182,0.0812
44,False,0.502,0.202,7,-12.303,0,0.0347,0.359,0.0216,0.167,0.158
0,False,0.706,0.8,9,-9.421,0,0.0516,0.0332,0.037,0.0488,0.725
60,False,0.668,0.563,4,-8.23,1,0.0305,0.649,0.000347,0.11,0.289
59,False,0.494,0.91,1,-6.016,0,0.0479,0.561,1.13e-06,0.107,0.507
66,False,0.537,0.307,4,-10.967,1,0.0545,0.649,0.0,0.177,0.114
47,True,0.808,0.462,0,-11.588,1,0.0622,0.444,0.0,0.111,0.393
11,False,0.241,0.657,4,-10.225,0,0.0826,0.000458,0.7,0.49,0.19
0,False,0.75,0.916,7,-4.773,1,0.214,0.0566,0.000458,0.175,0.505
8,False,0.186,0.573,0,-19.173,1,0.192,0.496,0.896,0.102,0.0731
0,False,0.637,0.745,8,-8.607,1,0.0748,0.0173,0.000554,0.0372,0.859
38,False,0.591,0.944,10,-3.993,0,0.0585,0.128,0.0,0.0891,0.96
54,True,0.585,0.714,1,-4.117,0,0.116,0.25,0.0,0.0556,0.227
75,False,0.64,0.864,7,-6.576,1,0.0314,0.00832,0.0,0.123,0.701
49,False,0.877,0.808,11,-7.502,1,0.0401,0.0426,0.248,0.119,0.966
17,False,0.487,0.456,9,-7.037,1,0.0349,0.00663,0.00962,0.119,0.037
44,True,0.642,0.873,4,-4.68,0,0.0449,0.00119,0.000142,0.0432,0.923
47,False,0.729,0.52,5,-6.586,0,0.0258,0.562,0.000893,0.101,0.458
34,False,0.55,0.992,10,-3.154,0,0.0589,0.0209,0.000511,0.29,0.666
0,False,0.358,0.149,0,-19.512,1,0.0399,0.777,0.00711,0.11,0.113
66,False,0.329,0.45,2,-6.312,0,0.0405,0.594,0.0,0.13,0.284
51,False,0.49,0.964,3,-0.332,0,0.31,0.0292,0.0,0.168,0.416
68,False,0.536,0.894,9,-5.687,1,0.0479,0.00596,0.0168,0.118,0.784
28,False,0.464,0.963,8,-7.409,0,0.0715,0.000128,0.946,0.0463,0.0938
0,False,0.647,0.876,10,-5.662,1,0.185,0.881,3.59e-05,0.26,0.949
66,False,0.773,0.839,5,-4.046,1,0.0566,0.0276,0.00797,0.132,0.303
24,False,0.767,0.738,4,-4.351,1,0.0699,0.522,0.0,0.123,0.851
32,False,0.704,0.227,0,-11.239,1,0.0278,0.812,0.0,0.122,0.469
39,False,0.583,0.405,9,-8.134,0,0.0652,0.908,2.49e-05,0.111,0.185
30,False,0.448,0.477,7,-5.681,1,0.0316,0.185,0.0187,0.133,0.28
52,False,0.621,0.847,3,-6.108,1,0.278,0.0584,1.11e-06,0.109,0.373
66,False,0.684,0.481,0,-10.305,1,0.0391,0.228,0.0,0.157,0.48
57,False,0.776,0.477,1,-10.049,1,0.0308,0.592,0.000184,0.105,0.774
34,False,0.635,0.932,10,-6.141,1,0.0468,0.0176,0.000234,0.0375,0.539
0,False,0.629,0.56,0,-11.455,0,0.0523,0.595,0.0,0.182,0.88
52,False,0.563,0.837,8,-5.025,1,0.0457,0.0128,0.00922,0.0401,0.631
35,False,0.929,0.76,9,-11.062,0,0.114,0.522,0.0,0.061,0.782
24,False,0.552,0.717,8,-4.059,0,0.0328,0.00691,2.23e-06,0.0809,0.397
23,True,0.489,0.87,9,-8.622,0,0.06,0.0763,0.917,0.12,0.109
16,False,0.554,0.296,4,-9.12,0,0.048,0.873,0.000647,0.0694,0.718
45,False,0.508,0.101,1,-18.458,0,0.0506,0.682,0.0,0.0887,0.122
43,False,0.523,0.898,9,-6.235,0,0.13,0.0742,0.0,0.862,0.608
12,False,0.644,0.545,6,-7.448,1,0.442,0.514,0.864,0.116,0.571
25,True,0.653,0.912,9,-5.379,1,0.103,0.000538,1.36e-05,0.318,0.341
0,False,0.369,0.499,6,-9.301,1,0.0448,0.829,1.75e-06,0.154,0.69
44,False,0.895,0.516,4,-7.075,0,0.294,0.548,0.0,0.19,0.783
56,False,0.878,0.578,0,-7.572,1,0.0467,0.231,0.0,0.0821,0.961
0,False,0.169,0.0536,9,-25.27,0,0.058,0.98,0.854,0.105,0.143
41,False,0.586,0.56,11,-9.962,1,0.028,0.575,0.000209,0.082,0.426
1,False,0.627,0.858,11,-2.824,0,0.386,0.263,0.0,0.21,0.342
13,False,0.643,0.967,8,-4.052,0,0.0371,0.000437,0.242,0.0389,0.828
41,False,0.369,0.5,9,-11.338,1,0.0422,0.0223,0.0,0.083,0.56
59,False,0.543,0.458,0,-8.976,1,0.0274,0.226,0.00663,0.298,0.704
44,False,0.887,0.42,4,-11.553,0,0.0862,0.259,7.46e-06,0.101,0.093
24,True,0.958,0.538,1,-7.276,0,0.167,0.408,0.0,0.106,0.565
41,False,0.861,0.629,0,-8.4,1,0.0329,0.492,0.0,0.0426,0.962
0,False,0.654,0.382,2,-11.8,0,0.0545,0.737,0.00041,0.356,0.289
34,False,0.501,0.496,1,-7.5,1,0.121,0.384,0.694,0.191,0.575
34,False,0.803,0.423,5,-12.437,0,0.104,0.395,0.939,0.0928,0.469
52,False,0.518,0.44,3,-14.536,1,0.034,0.888,0.457,0.111,0.575
0,True,0.674,0.86,8,-3.318,1,0.0369,0.155,3.21e-06,0.359,0.771
13,False,0.618,0.492,9,-9.716,0,0.173,0.693,3.8e-05,0.116,0.171
1,False,0.529,0.897,2,-5.945,1,0.0586,0.0014,0.0,0.19,0.285
51,False,0.599,0.565,1,-6.304,1,0.0265,0.227,4.32e-05,0.0984,0.142
1,False,0.688,0.925,9,-6.69,1,0.0395,0.732,0.00131,0.136,0.932
0,False,0.579,0.502,8,-7.57,1,0.0513,0.733,0.0,0.281,0.836
41,False,0.37,0.657,1,-4.248,1,0.0296,0.306,0.0,0.156,0.662
15,True,0.432,0.995,3,-3.887,1,0.248,0.000611,0.458,0.109,0.156
45,False,0.561,0.852,0,-4.715,1,0.0772,0.587,0.0,0.957,0.676
30,False,0.574,0.819,4,-4.763,0,0.0302,0.00311,3.33e-05,0.133,0.61
0,False,0.575,0.957,5,-2.758,1,0.0826,0.00328,0.0,0.158,0.929
56,False,0.721,0.521,2,-8.123,1,0.0612,0.0707,0.00552,0.127,0.942
22,False,0.463,0.159,1,-18.907,1,0.0409,0.851,4.01e-06,0.106,0.287
74,False,0.66,0.689,4,-2.671,0,0.0337,0.0884,0.0,0.0922,0.427
54,False,0.561,0.257,7,-17.417,1,0.0343,0.858,0.00185,0.0949,0.579
25,False,0.483,0.265,7,-8.72,1,0.0378,0.976,2.68e-06,0.129,0.445
10,False,0.163,0.322,9,-16.863,1,0.0537,0.115,0.935,0.0594,0.0591
30,False,0.641,0.617,7,-10.513,1,0.0292,0.285,0.0,0.152,0.779
21,False,0.299,0.842,6,-8.981,0,0.111,1.16e-05,0.691,0.0742,0.469
20,True,0.706,0.995,11,-2.563,0,0.323,0.29,0.0107,0.09,0.119
46,True,0.812,0.573,2,-10.034,1,0.26,0.342,2.6e-06,0.0922,0.591
32,False,0.439,0.825,0,-4.834,1,0.0571,0.112,0.0,0.274,0.822
31,False,0.434,0.888,11,-3.836,1,0.0489,0.0901,0.0,0.0891,0.735
31,False,0.752,0.816,9,-7.685,1,0.0265,0.0344,0.0,0.4,0.908
62,False,0.537,0.964,5,-2.677,0,0.0552,0.018,0.00138,0.16,0.509
28,False,0.397,0.776,5,-6.339,1,0.0381,0.0983,4.09e-06,0.189,0.127
48,False,0.663,0.42,10,-7.465,1,0.0301,0.831,0.0,0.0822,0.427
19,False,0.0749,0.821,9,-4.507,0,0.052,5.4e-06,0.503,0.134,0.235
59,False,0.414,0.972,9,-2.41,0,0.258,0.00721,0.0,0.3,0.395
20,False,0.388,0.907,5,-6.006,0,0.0656,9.64e-06,0.749,0.116,0.184
40,False,0.299,0.478,9,-6.205,0,0.0268,0.501,0.293,0.0781,0.239
28,False,0.253,0.791,8,-4.889,1,0.0447,0.0119,0.0,0.0957,0.0808
25,False,0.252,0.703,5,-8.396,0,0.0467,0.0358,0.0779,0.712,0.0689
0,False,0.602,0.553,11,-9.336,1,0.0328,0.108,0.0,0.0512,0.971
39,False,0.537,0.674,11,-5.32,1,0.0284,0.426,0.0,0.128,0.329
54,False,0.694,0.471,8,-8.62,1,0.0281,0.411,0.0,0.233,0.466
7,False,0.763,0.624,6,-5.441,0,0.0294,0.599,0.0,0.323,0.883
14,False,0.331,0.987,6,-4.573,1,0.142,8.63e-05,0.165,0.0658,0.181
0,False,0.761,0.525,11,-6.9,1,0.0944,0.44,6.7e-06,0.0921,0.531
24,False,0.447,0.25,6,-11.624,1,0.0324,0.734,0.000928,0.307,0.115
43,False,0.428,0.297,2,-10.156,1,0.0452,0.948,0.928,0.119,0.281
78,False,0.72,0.63,10,-5.549,1,0.0413,0.615,0.0,0.108,0.512
22,False,0.468,0.991,5,-3.441,0,0.155,0.00201,0.000743,0.235,0.391
22,False,0.626,0.522,0,-11.857,1,0.0279,0.342,0.0,0.234,0.802
40,False,0.773,0.554,9,-9.796,1,0.0424,0.00134,0.0,0.042,0.57
25,False,0.592,0.481,11,-7.18,1,0.0328,0.0432,0.00221,0.067,0.58
30,True,0.836,0.52,7,-9.404,0,0.0723,0.0505,3.09e-05,0.119,0.264
53,False,0.758,0.515,1,-12.119,1,0.106,0.781,0.234,0.108,0.163
0,False,0.749,0.602,5,-5.097,1,0.0798,0.0313,0.000543,0.0337,0.965
0,False,0.818,0.598,10,-5.948,0,0.113,0.0573,1.32e-06,0.634,0.331
45,False,0.519,0.685,9,-7.171,1,0.0955,0.373,0.0,0.0629,0.745
36,False,0.698,0.715,10,-5.058,0,0.0382,0.208,0.0,0.109,0.403
31,False,0.613,0.855,8,-3.187,1,0.0446,0.434,0.0,0.326,0.906
38,False,0.566,0.759,0,-4.718,0,0.0993,0.0112,1.29e-05,0.106,0.38
12,False,0.582,0.821,0,-8.962,1,0.0683,0.0485,0.901,0.48,0.433
0,False,0.579,0.502,8,-7.57,1,0.0513,0.733,0.0,0.281,0.836
0,False,0.69,0.494,7,-14.759,0,0.041,0.198,2.26e-05,0.0616,0.86
46,False,0.679,0.608,0,-10.187,0,0.0368,0.639,7.55e-06,0.0873,0.361
57,False,0.314,0.37,1,-9.921,1,0.0286,0.781,0.139,0.122,0.28
39,False,0.673,0.333,0,-9.737,1,0.0342,0.798,1.61e-05,0.106,0.365
32,True,0.601,0.868,7,-4.686,1,0.0735,0.000523,1.17e-05,0.0899,0.875
51,False,0.561,0.903,7,-4.868,0,0.0463,0.00917,0.0613,0.188,0.084
0,False,0.5,0.908,2,-4.303,1,0.0418,0.0166,0.0,0.128,0.744
0,False,0.676,0.699,9,-5.984,1,0.0375,0.139,0.0,0.147,0.79
31,False,0.612,0.876,5,-4.799,1,0.0745,0.308,1.74e-06,0.325,0.694
0,False,0.265,0.79,7,-3.702,1,0.0366,0.00699,0.0,0.0523,0.248
44,True,0.791,0.559,8,-5.823,0,0.19,0.483,0.0,0.176,0.633
43,False,0.295,0.563,2,-8.686,1,0.0358,0.0305,0.0,0.0968,0.521
64,False,0.607,0.647,7,-7.17,0,0.0452,0.138,0.00102,0.255,0.689
40,False,0.251,0.554,9,-9.641,0,0.0334,0.0528,0.127,0.188,0.0764
71,False,0.621,0.918,1,-3.01,0,0.0552,0.0754,0.0,0.13,0.834
40,False,0.575,0.856,0,-4.804,1,0.121,0.00591,0.731,0.169,0.0736
31,False,0.722,0.836,2,-5.85,1,0.0333,0.412,0.0,0.0278,0.762
2,False,0.742,0.527,8,-6.892,0,0.0769,0.327,0.0,0.25,0.638
1,False,0.748,0.841,7,-5.08,1,0.177,0.00445,1.33e-06,0.0413,0.717
66,False,0.515,0.809,9,-5.817,0,0.0512,0.00455,0.0723,0.0905,0.525
19,False,0.499,0.937,4,-4.402,0,0.04,0.0181,0.00118,0.0583,0.471
49,False,0.329,0.923,6,-6.02,0,0.0794,6.41e-06,0.021,0.0644,0.498
0,False,0.581,0.571,9,-6.924,1,0.0738,0.587,0.0,0.139,0.456
22,False,0.409,0.981,5,-4.901,0,0.138,1.09e-05,0.00291,0.0568,0.198
51,False,0.704,0.865,4,-5.494,1,0.0678,0.489,0.0,0.863,0.817
0,False,0.64,0.637,6,-5.228,1,0.0322,0.129,0.0,0.109,0.793
46,False,0.156,0.737,7,-5.273,0,0.0512,0.00393,0.000185,0.122,0.275
25,False,0.239,0.98,1,-8.176,1,0.164,0.000363,0.00103,0.319,0.139
47,False,0.26,0.594,9,-6.845,1,0.0345,0.147,0.0,0.261,0.2
35,False,0.332,0.926,7,-6.956,1,0.0949,0.239,0.0,0.188,0.713
34,False,0.925,0.548,5,-8.255,0,0.0868,0.592,0.0,0.15,0.519
38,False,0.569,0.959,8,-3.703,1,0.0996,0.0911,0.00026,0.0809,0.96
72,False,0.446,0.632,1,-12.197,1,0.034,0.0793,0.000266,0.0881,0.359
46,False,0.523,0.698,10,-8.377,1,0.0777,0.0523,0.795,0.0794,0.0348
44,False,0.515,0.925,1,-9.209,1,0.0825,0.000178,0.844,0.109,0.134
63,False,0.701,0.68,2,-8.492,1,0.0264,0.303,1.51e-05,0.159,0.704
42,False,0.337,0.149,5,-14.073,1,0.0395,0.945,0.0,0.125,0.39
28,False,0.724,0.813,9,-5.53,1,0.0364,0.122,0.2,0.087,0.689
42,False,0.88,0.609,8,-10.487,1,0.0418,0.147,0.0,0.127,0.795
73,False,0.668,0.392,2,-12.178,0,0.0585,0.789,0.00275,0.345,0.323
9,False,0.515,0.621,2,-8.369,1,0.0359,0.0168,0.341,0.127,0.0948
60,False,0.689,0.143,6,-17.374,1,0.264,0.97,0.0,0.109,0.528
47,False,0.363,0.819,7,-3.128,1,0.0634,0.0591,0.0,0.0988,0.468
16,False,0.454,0.969,5,-7.841,1,0.044,0.0973,0.924,0.0999,0.19
43,False,0.642,0.516,5,-7.957,0,0.0237,0.541,2.65e-06,0.0924,0.372
41,False,0.417,0.846,2,-3.377,1,0.0594,0.0311,0.0,0.233,0.466
0,False,0.525,0.714,7,-5.727,1,0.0521,0.178,0.0815,0.528,0.456
0,True,0.668,0.394,2,-12.825,1,0.0778,0.124,4.06e-06,0.0805,0.0998
39,False,0.653,0.679,11,-7.354,0,0.0714,0.673,0.000441,0.608,0.877
23,False,0.325,1.0,1,-5.453,1,0.0621,0.00065,0.0114,0.227,0.0441
0,False,0.448,0.932,7,-4.424,1,0.0976,0.0174,0.0,0.347,0.709
7,False,0.685,0.697,10,-12.305,0,0.0373,8.41e-06,0.896,0.069,0.148
0,False,0.711,0.997,7,-3.078,1,0.075,0.0623,0.0,0.33,0.76
0,False,0.711,0.774,3,-6.769,1,0.0564,0.549,0.0,0.103,0.553
62,False,0.661,0.633,5,-8.819,0,0.052,0.0227,9.86e-05,0.104,0.782
54,True,0.722,0.628,5,-5.133,1,0.565,0.0837,0.0,0.11,0.797
21,False,0.509,0.411,4,-9.432,0,0.0321,0.564,0.0105,0.264,0.362
62,False,0.733,0.262,8,-16.316,1,0.0627,0.548,0.854,0.102,0.393
0,False,0.681,0.923,9,-4.365,0,0.0381,0.0729,0.0,0.0701,0.786
26,False,0.405,0.937,6,-7.694,1,0.0722,4.43e-05,0.0751,0.14,0.523
62,False,0.731,0.727,4,-6.001,0,0.327,0.0907,2.67e-05,0.852,0.79
48,False,0.812,0.579,11,-8.414,1,0.0524,0.000743,0.873,0.0972,0.521
53,False,0.41,0.141,2,-18.564,1,0.0337,0.932,0.0898,0.118,0.24
24,False,0.506,0.395,0,-11.887,1,0.043,0.598,0.0,0.109,0.207
35,False,0.895,0.318,1,-7.992,0,0.0892,0.00298,0.913,0.063,0.0785
0,False,0.445,0.278,10,-11.882,0,0.0313,0.914,0.00577,0.101,0.262
4,False,0.51,0.816,5,-5.331,0,0.0352,0.13,8.66e-06,0.224,0.588
19,False,0.55,0.956,1,-5.166,0,0.0869,0.427,0.163,0.0707,0.266
28,False,0.619,0.743,0,-8.492,1,0.29,0.0251,2.82e-06,0.116,0.669
39,False,0.629,0.732,9,-4.179,1,0.0497,0.605,5.72e-05,0.193,0.449
56,False,0.648,0.458,5,-15.169,1,0.0311,0.864,0.0944,0.366,0.0848
50,False,0.577,0.45,0,-10.327,1,0.0352,0.127,7.28e-05,0.138,0.711
15,False,0.628,0.83,2,-5.79,0,0.0419,0.00643,0.925,0.0737,0.122
30,False,0.244,0.939,2,-3.156,1,0.126,0.000255,0.699,0.343,0.394
36,False,0.428,0.873,0,-5.444,1,0.0361,0.027,0.0,0.0956,0.871
5,False,0.635,0.494,5,-9.74,0,0.054,0.598,0.8,0.124,0.0918
0,False,0.698,0.931,11,-4.32,0,0.0595,0.0237,0.852,0.0767,0.0825
45,False,0.549,0.4,5,-8.61,1,0.031,0.86,0.0,0.0887,0.238
0,False,0.568,0.505,0,-8.041,1,0.128,0.676,1.67e-05,0.516,0.692
63,False,0.653,0.604,7,-10.177,0,0.0327,0.0448,0.908,0.255,0.0768
0,False,0.524,0.487,6,-7.525,0,0.0299,0.253,0.0,0.0579,0.482
20,False,0.279,0.853,0,-5.483,1,0.0509,4.9e-06,0.00119,0.286,0.287
48,False,0.527,0.823,0,-8.581,1,0.0341,0.367,0.954,0.133,0.14
34,False,0.637,0.737,11,-7.881,0,0.0352,0.618,1.42e-06,0.0674,0.884
31,False,0.588,0.71,10,-6.249,1,0.0291,0.412,0.0,0.379,0.646
40,False,0.525,0.683,9,-6.509,1,0.0304,0.136,0.0,0.0904,0.746
47,False,0.663,0.446,11,-8.009,0,0.348,0.288,0.00524,0.324,0.221
12,False,0.211,0.988,5,-4.83,0,0.219,0.000304,0.0364,0.839,0.0928
35,False,0.284,0.959,1,-6.02,0,0.123,0.00142,0.000146,0.0866,0.665
36,False,0.732,0.934,3,-2.281,1,0.226,0.05,0.0,0.103,0.804
0,False,0.808,0.505,9,-10.658,0,0.0387,0.00403,0.776,0.0946,0.194
0,False,0.719,0.794,6,-6.965,1,0.302,0.0239,0.0,0.46,0.632
0,False,0.803,0.75,11,-4.67,1,0.0551,0.0233,3.87e-05,0.045,0.628
55,False,0.588,0.652,1,-7.875,0,0.031,0.0322,4.41e-05,0.103,0.217
52,False,0.263,0.459,6,-8.696,0,0.0349,0.0875,0.00104,0.105,0.152
29,False,0.519,0.247,5,-16.248,1,0.0355,0.157,0.0,0.414,0.783
41,False,0.795,0.895,10,-5.024,0,0.0495,0.000168,0.87,0.093,0.192
53,True,0.85,0.731,0,-5.479,1,0.0871,0.196,0.0,0.488,0.898
70,False,0.448,0.61,3,-2.695,0,0.0342,0.0102,0.000491,0.135,0.214
32,False,0.587,0.915,11,-4.893,0,0.0322,0.0116,0.602,0.255,0.165
48,False,0.319,0.927,1,-2.64,0,0.0549,8.98e-05,0.0941,0.325,0.233
39,False,0.179,0.796,10,-8.652,1,0.0412,4.79e-06,0.832,0.109,0.178
41,False,0.818,0.558,7,-8.568,1,0.122,0.00423,1.51e-05,0.313,0.848
63,False,0.73,0.639,7,-11.025,0,0.0524,0.0853,0.00221,0.102,0.658
1,True,0.812,0.855,7,-3.725,1,0.0554,0.0789,0.000167,0.108,0.573
74,False,0.437,0.864,4,-7.842,0,0.0904,0.396,0.0314,0.242,0.749
0,False,0.588,0.722,6,-4.667,1,0.0289,0.0663,0.0,0.0721,0.243
24,False,0.543,0.297,10,-12.371,1,0.0313,0.444,0.0,0.371,0.266
64,False,0.634,0.858,4,-2.226,0,0.0809,0.101,8.56e-06,0.258,0.637
28,False,0.377,0.19,6,-21.428,1,0.0552,0.989,0.887,0.0965,0.173
77,False,0.465,0.919,4,-4.025,1,0.0408,1.83e-05,2.07e-05,0.262,0.537
62,True,0.645,0.698,0,-6.063,0,0.0543,0.557,0.0,0.111,0.259
0,False,0.531,0.906,6,-4.791,1,0.0352,0.0286,4.66e-05,0.101,0.347
0,True,0.732,0.758,11,-1.694,1,0.189,0.214,0.0,0.388,0.78
61,True,0.79,0.728,2,-9.221,1,0.391,0.366,0.0,0.112,0.403
0,False,0.689,0.856,5,-3.394,0,0.0813,0.0493,0.0,0.232,0.706
19,False,0.493,0.928,11,-3.883,1,0.0501,0.000311,0.000351,0.285,0.284
5,False,0.547,0.163,6,-19.722,0,0.0294,0.842,0.946,0.166,0.179
44,False,0.5,0.831,5,-4.582,0,0.0383,0.00718,0.0,0.275,0.813
0,False,0.32,0.968,8,-4.709,1,0.173,0.00372,0.00508,0.453,0.276
0,False,0.373,0.289,2,-11.743,1,0.0384,0.935,0.594,0.547,0.262
26,False,0.474,0.727,2,-5.892,1,0.0329,0.123,2.82e-06,0.244,0.83
1,False,0.26,0.144,7,-12.935,1,0.0397,0.893,0.0,0.296,0.241
1,False,0.663,0.287,9,-9.469,1,0.0344,0.854,6.85e-06,0.346,0.438
52,False,0.625,0.808,8,-3.321,1,0.0333,0.000478,0.28,0.163,0.27
0,False,0.264,0.167,7,-20.194,0,0.0354,0.943,0.517,0.29,0.108
12,False,0.617,0.835,2,-10.861,1,0.0371,7.98e-06,0.742,0.103,0.523
45,False,0.547,0.229,9,-8.393,1,0.0284,0.821,0.0,0.119,0.293
18,False,0.776,0.924,8,-7.158,1,0.0528,0.0321,0.0666,0.192,0.314
2,False,0.623,0.668,6,-7.282,0,0.0531,0.475,0.0,0.0862,0.823
2,False,0.831,0.789,0,-5.498,1,0.0661,0.121,0.0,0.328,0.826
37,False,0.62,0.255,4,-12.163,1,0.0281,0.937,0.0,0.0918,0.25
44,False,0.39,0.802,0,-3.816,1,0.0537,0.0632,8.54e-06,0.383,0.237
55,False,0.457,0.705,6,-5.554,0,0.028,0.00318,0.0,0.314,0.402
58,False,0.58,0.418,4,-10.307,1,0.0295,0.453,0.00151,0.28,0.168
0,False,0.505,0.687,1,-11.207,1,0.0462,0.234,0.0,0.874,0.72
59,False,0.258,0.659,5,-5.903,0,0.0596,0.253,0.0,0.111,0.272
32,False,0.571,0.811,6,-5.978,0,0.0389,0.108,0.524,0.191,0.887
43,False,0.368,0.754,1,-5.185,1,0.0502,0.00928,0.0,0.256,0.281
51,False,0.579,0.109,3,-16.129,1,0.0379,0.938,0.0344,0.108,0.276
30,False,0.69,0.789,9,-5.274,1,0.0494,0.449,0.0,0.112,0.872
52,True,0.844,0.788,11,-7.043,1,0.136,0.0905,0.000656,0.0839,0.536
0,False,0.321,0.909,11,-4.612,1,0.041,1.62e-05,0.139,0.0442,0.209
68,False,0.786,0.667,5,-8.272,1,0.054,0.0112,0.053,0.074,0.688
56,False,0.654,0.876,8,-4.6,0,0.0673,0.0223,0.00345,0.0844,0.466
0,False,0.484,0.332,1,-10.312,1,0.037,0.787,0.0,0.373,0.683
2,False,0.722,0.826,5,-5.464,0,0.108,0.227,4.06e-06,0.222,0.494
20,False,0.179,0.657,6,-6.959,1,0.0692,0.887,0.0,0.975,0.293
58,False,0.668,0.982,9,-7.979,0,0.0331,0.0437,0.849,0.887,0.591
71,False,0.63,0.788,5,-6.7,1,0.0298,0.00322,0.0237,0.0883,0.63
11,False,0.688,0.866,6,-6.285,1,0.104,0.0207,0.00334,0.216,0.901
0,False,0.534,0.782,7,-10.611,1,0.0365,0.0116,0.0552,0.186,0.728
63,False,0.553,0.685,2,-10.624,1,0.0266,0.145,0.859,0.138,0.491
48,True,0.872,0.627,0,-9.392,0,0.178,0.272,0.0259,0.0956,0.853
0,False,0.795,0.565,3,-4.457,0,0.0948,0.131,0.0,0.0802,0.55
63,False,0.693,0.67,11,-8.863,0,0.0425,0.388,0.772,0.152,0.725
48,False,0.694,0.867,4,-5.603,1,0.0793,0.531,0.0,0.189,0.642
62,False,0.955,0.538,1,-8.394,1,0.0734,0.132,0.00146,0.0704,0.837
0,False,0.468,0.565,7,-5.615,1,0.101,0.522,0.0,0.0517,0.581
37,False,0.316,0.967,5,-2.807,1,0.0612,0.0339,6.16e-06,0.357,0.571
0,False,0.634,0.689,11,-5.406,1,0.0307,0.0109,0.0,0.114,0.899
63,False,0.956,0.34,6,-10.195,0,0.0487,0.0614,0.0,0.0596,0.593
70,False,0.665,0.539,11,-7.213,0,0.0474,0.825,5.85e-06,0.121,0.368
39,False,0.676,0.434,4,-5.719,0,0.0391,0.566,0.000123,0.0526,0.567
10,False,0.942,0.663,2,-4.411,1,0.149,0.0194,8.23e-05,0.267,0.751
51,False,0.681,0.809,6,-5.285,1,0.35,0.0677,1.44e-05,0.114,0.449
0,False,0.579,0.754,4,-5.249,1,0.0261,0.00805,0.0,0.0803,0.734
8,False,0.823,0.877,10,-10.498,0,0.0621,0.0407,0.905,0.0956,0.129
71,False,0.479,0.781,9,-6.344,0,0.124,0.221,0.55,0.0964,0.258
64,False,0.504,0.364,1,-9.277,0,0.03,0.893,7.88e-05,0.0904,0.365
38,False,0.768,0.893,1,-3.979,1,0.0426,0.358,0.0,0.254,0.927
72,False,0.708,0.672,6,-7.493,0,0.0582,0.322,0.0,0.135,0.399
29,False,0.579,0.642,9,-8.01,0,0.0302,0.58,0.000191,0.155,0.428
34,False,0.444,0.465,11,-13.632,0,0.026,0.000152,0.0349,0.0633,0.28
0,False,0.565,0.816,5,-6.814,0,0.0396,0.705,0.0002,0.0853,0.933
6,False,0.749,0.723,11,-5.381,0,0.0575,4.57e-05,0.758,0.636,0.432
25,False,0.595,0.62,0,-6.697,1,0.0723,0.178,0.0,0.348,0.295
45,False,0.51,0.786,6,-2.883,1,0.0471,0.0114,0.0,0.0731,0.409
20,False,0.549,0.478,0,-6.186,1,0.0276,0.783,0.0,0.255,0.341
12,False,0.304,0.959,3,-8.706,0,0.0829,0.232,0.974,0.826,0.0623
10,False,0.439,0.0592,2,-21.971,1,0.0436,0.864,0.0588,0.41,0.337
67,False,0.582,0.791,0,-3.643,0,0.0427,0.0296,0.105,0.118,0.0422
46,False,0.789,0.701,6,-6.582,0,0.035,0.00202,0.418,0.117,0.326
0,False,0.43,0.0341,5,-24.869,1,0.0565,0.81,0.531,0.109,0.158
63,False,0.626,0.512,1,-9.15,0,0.0247,0.155,4.65e-05,0.215,0.73
21,False,0.354,0.131,3,-21.506,1,0.0337,0.951,0.631,0.178,0.346
0,False,0.804,0.786,10,-3.837,0,0.0735,0.144,0.0,0.0928,0.575
26,False,0.735,0.251,0,-11.144,1,0.0507,0.832,2.91e-06,0.104,0.957
47,False,0.557,0.496,5,-9.272,1,0.0276,0.626,1.32e-06,0.102,0.293
34,False,0.401,0.342,8,-10.614,1,0.0295,0.841,0.00589,0.121,0.123
46,False,0.305,0.517,0,-6.474,1,0.0354,0.106,0.0,0.0614,0.201
23,False,0.563,0.254,5,-14.142,1,0.0384,0.892,0.729,0.0841,0.635
46,False,0.679,0.674,10,-7.25,1,0.074,0.824,0.0,0.357,0.947
80,False,0.646,0.741,5,-4.973,0,0.034,0.0275,0.0,0.312,0.571
53,False,0.4,0.694,3,-8.486,1,0.0621,0.573,0.0,0.874,0.727
43,False,0.489,0.31,2,-12.169,0,0.149,0.868,0.0,0.845,0.347
22,True,0.506,0.948,9,-5.427,1,0.478,0.652,2.31e-06,0.97,0.965
27,False,0.554,0.545,0,-11.22,1,0.028,0.742,0.0268,0.218,0.726
75,False,0.504,0.708,11,-5.896,0,0.0343,0.00112,0.000424,0.788,0.51
74,True,0.797,0.44,5,-6.587,0,0.0594,0.471,1.57e-06,0.0849,0.436
44,False,0.467,0.723,0,-7.101,0,0.0536,0.117,3.49e-06,0.186,0.207
0,False,0.669,0.669,0,-4.185,1,0.0849,0.274,0.0,0.289,0.546
45,False,0.47,0.292,6,-9.899,0,0.0284,0.904,0.000104,0.0889,0.168
1,False,0.611,0.781,2,-5.261,1,0.149,0.08,0.0,0.264,0.413
56,False,0.768,0.788,1,-5.514,1,0.0687,0.0992,2.94e-05,0.103,0.931
1,True,0.725,0.864,9,-5.601,1,0.0838,0.0121,0.0,0.0796,0.839
30,False,0.761,0.912,0,-3.312,0,0.0379,0.358,4.08e-06,0.35,0.968
60,True,0.801,0.591,2,-5.18,1,0.143,0.0186,0.0,0.108,0.231
14,True,0.632,0.735,1,-8.107,1,0.0401,0.00796,0.0243,0.349,0.686
58,False,0.606,0.913,9,-7.865,1,0.0417,0.0154,0.905,0.326,0.817
18,False,0.631,0.661,7,-8.808,0,0.25,0.279,2.67e-05,0.0647,0.314
39,False,0.509,0.731,6,-4.475,1,0.0397,0.451,0.00389,0.411,0.641
12,False,0.199,0.998,6,-4.425,0,0.162,2.6e-05,0.00682,0.0419,0.038
38,False,0.619,0.885,10,-4.309,1,0.0592,0.0234,0.48,0.111,0.227
20,False,0.133,0.944,0,-4.561,1,0.129,4.09e-06,0.919,0.32,0.306
27,False,0.649,0.559,9,-8.074,0,0.191,0.202,1.28e-05,0.0746,0.52
19,False,0.707,0.429,1,-7.716,1,0.0329,0.355,0.0,0.062,0.591
0,False,0.315,0.489,1,-7.958,0,0.0782,0.967,1.13e-05,0.963,0.233
25,False,0.249,0.333,5,-13.157,0,0.0372,0.941,0.158,0.318,0.48
41,False,0.624,0.945,10,-2.002,0,0.0442,0.000945,0.0113,0.713,0.39
0,False,0.565,0.707,9,-5.65,1,0.0298,0.0101,8.16e-05,0.0851,0.831
73,False,0.425,0.544,9,-7.105,0,0.0292,0.0562,0.0,0.115,0.138
16,False,0.279,0.993,8,-2.279,1,0.116,3.14e-06,0.817,0.0841,0.0569
12,False,0.219,0.0882,10,-28.521,1,0.0393,0.811,0.912,0.1,0.0313
0,True,0.586,0.556,6,-7.639,1,0.0592,0.00655,0.0,0.0836,0.517
63,False,0.415,0.657,9,-6.758,0,0.0295,0.052,0.0552,0.233,0.69
41,False,0.455,0.665,4,-8.579,0,0.0593,0.843,0.000593,0.272,0.849
17,False,0.717,0.513,4,-7.916,0,0.0337,0.00956,0.813,0.112,0.79
33,False,0.0,2.03e-05,1,-9.316,1,0.0,0.186,0.00105,0.497,0.0
5,False,0.638,0.0559,9,-19.111,1,0.0589,0.936,8.31e-05,0.213,0.615
5,False,0.77,0.642,7,-10.841,1,0.0756,0.0206,0.914,0.102,0.369
20,False,0.41,0.923,10,-5.385,1,0.0642,0.0662,0.0,0.322,0.386
17,False,0.154,0.726,7,-8.868,1,0.0891,8.06e-05,0.938,0.384,0.0631
0,False,0.791,0.841,0,-3.267,0,0.0471,0.0913,0.0,0.0913,0.828
11,False,0.394,0.159,7,-12.68,1,0.0286,0.964,0.727,0.121,0.246
0,False,0.53,0.874,9,-9.044,0,0.128,0.000879,0.633,0.364,0.202
16,False,0.56,0.728,0,-7.151,1,0.0445,0.653,0.00662,0.104,0.393
55,False,0.82,0.385,0,-9.019,1,0.0307,0.63,0.0,0.113,0.654
38,True,0.578,0.713,2,-8.106,0,0.293,0.374,0.0,0.193,0.358
58,False,0.69,0.847,6,-4.565,1,0.0374,0.0145,0.041,0.0777,0.49
2,False,0.807,0.803,11,-4.156,1,0.126,0.6,0.0085,0.136,0.706
40,False,0.456,0.455,1,-7.53,1,0.0305,0.668,1.05e-05,0.0936,0.132
25,False,0.434,0.903,7,-5.975,1,0.0427,3.94e-05,0.0516,0.0857,0.439
40,False,0.564,0.826,7,-2.313,1,0.0363,0.424,0.0,0.96,0.646
25,False,0.546,0.672,4,-5.988,0,0.0744,0.146,0.0,0.216,0.551
22,False,0.705,0.906,4,-2.734,0,0.119,0.344,0.0,0.328,0.851
22,False,0.743,0.336,6,-14.684,1,0.0301,0.892,0.00348,0.0983,0.439
50,False,0.874,0.634,11,-6.672,1,0.126,0.202,0.61,0.0895,0.136
0,False,0.258,0.0478,4,-26.069,1,0.0505,0.993,0.902,0.113,0.0859
55,False,0.822,0.591,9,-6.615,0,0.0515,0.0133,0.147,0.114,0.384
68,False,0.202,0.644,11,-5.212,1,0.0324,0.0979,0.0,0.109,0.252
46,False,0.687,0.834,7,-7.699,1,0.0823,0.00413,0.893,0.0608,0.055
33,False,0.576,0.763,0,-9.279,1,0.0448,0.000645,0.322,0.0733,0.705
43,True,0.649,0.563,4,-5.606,0,0.147,0.57,0.0,0.103,0.578
50,False,0.481,0.933,8,-5.447,1,0.0445,0.00505,3.25e-06,0.044,0.502
59,False,0.555,0.596,0,-7.278,1,0.0298,0.665,1.05e-05,0.108,0.352
39,True,0.809,0.509,2,-7.572,0,0.237,0.371,0.000911,0.102,0.174
35,False,0.619,0.546,4,-11.055,1,0.0293,0.282,3.24e-06,0.132,0.386
58,False,0.408,0.692,11,-9.478,1,0.0685,0.235,0.0255,0.197,0.684
62,False,0.582,0.891,1,-4.709,1,0.0947,0.538,0.0,0.378,0.661
30,False,0.255,0.342,0,-9.902,1,0.0339,0.795,0.0,0.173,0.342
45,False,0.438,0.614,10,-8.786,1,0.0381,0.00247,0.00193,0.95,0.346
45,False,0.516,0.471,2,-10.508,1,0.0299,0.595,4.28e-06,0.785,0.361
30,False,0.528,0.481,0,-8.846,1,0.0271,0.107,7.55e-06,0.115,0.513
62,False,0.754,0.845,10,-2.554,0,0.161,0.126,0.0,0.603,0.793
66,True,0.49,0.833,6,-5.899,1,0.0487,0.0116,0.000504,0.15,0.39
21,False,0.489,0.402,9,-10.111,1,0.0311,0.0749,2.58e-05,0.118,0.368
0,False,0.692,0.369,5,-9.061,1,0.0988,0.931,0.000778,0.105,0.166
39,False,0.354,0.736,0,-4.222,1,0.0475,0.0202,0.000433,0.103,0.208
0,False,0.377,0.362,7,-7.255,1,0.0354,0.686,2.92e-05,0.135,0.262
17,False,0.296,0.993,6,-6.452,1,0.147,1.34e-05,0.913,0.192,0.0702
23,False,0.898,0.657,6,-3.814,1,0.148,0.00866,0.0,0.0523,0.964
0,False,0.677,0.744,10,-6.806,0,0.0296,0.0405,0.000153,0.074,0.631
48,False,0.676,0.606,5,-12.167,1,0.0349,0.604,0.826,0.0804,0.0911
63,False,0.462,0.187,4,-19.991,1,0.0304,0.954,0.847,0.0985,0.252
11,False,0.414,0.0282,9,-27.009,1,0.0582,0.996,0.853,0.132,0.495
0,False,0.792,0.895,1,-3.112,0,0.0587,0.165,0.0,0.0501,0.793
51,False,0.417,0.959,3,-5.853,0,0.154,0.0741,0.000243,0.764,0.522
0,False,0.745,0.598,10,-6.053,1,0.0975,0.129,0.0,0.678,0.789
38,False,0.164,0.547,10,-20.848,0,0.0759,8.14e-05,0.969,0.357,0.0233
44,False,0.699,0.138,10,-13.479,1,0.0318,0.864,8.79e-06,0.116,0.287
70,False,0.709,0.929,5,-1.583,0,0.061,0.0431,0.00648,0.125,0.477
0,False,0.621,0.785,6,-4.499,1,0.11,0.0165,5.92e-06,0.0512,0.779
32,False,0.452,0.889,7,-3.204,1,0.0531,0.0303,0.0,0.381,0.876
19,False,0.494,0.54,4,-8.543,1,0.0312,0.192,1.22e-05,0.093,0.16
53,False,0.888,0.923,6,-3.516,1,0.137,0.117,0.0,0.0522,0.945
37,True,0.81,0.751,9,-5.591,0,0.24,0.414,0.000202,0.5,0.76
57,False,0.622,0.247,1,-12.472,1,0.0758,0.87,0.0,0.14,0.627
56,False,0.856,0.596,3,-6.067,1,0.0709,0.242,0.0,0.0995,0.588
10,False,0.952,0.854,1,-8.304,1,0.195,0.0813,3.27e-06,0.121,0.638
27,False,0.454,0.899,8,-4.662,1,0.0425,0.0013,0.219,0.107,0.292
46,False,0.685,0.701,0,-10.272,0,0.0363,0.0354,0.796,0.109,0.2
44,False,0.55,0.214,0,-14.945,1,0.0308,0.662,0.000229,0.104,0.0752
71,False,0.62,0.627,7,-6.187,1,0.0307,0.497,0.0,0.133,0.557
0,False,0.276,0.937,7,-6.952,1,0.163,0.000531,0.123,0.227,0.306
36,False,0.546,0.464,9,-18.492,0,0.0638,0.00383,8.78e-06,0.224,0.731
17,False,0.76,0.667,8,-6.134,0,0.0536,0.306,0.000189,0.089,0.946
36,False,0.558,0.546,7,-5.117,1,0.0261,0.00152,1.58e-06,0.06,0.369
1,False,0.361,0.97,8,-5.69,0,0.0837,6.58e-06,0.000162,0.039,0.561
40,False,0.51,0.674,9,-6.274,1,0.0296,0.0811,1.28e-06,0.105,0.422
22,False,0.59,0.616,2,-7.261,1,0.133,0.145,0.0,0.596,0.581
37,False,0.564,0.451,2,-7.928,1,0.0303,0.597,0.0,0.131,0.315
0,True,0.695,0.884,11,-1.953,0,0.172,0.106,0.0,0.134,0.803
39,False,0.514,0.408,9,-8.999,0,0.0364,0.835,0.0,0.193,0.854
52,False,0.301,0.47,1,-7.896,1,0.0314,0.195,0.0,0.113,0.0724
59,False,0.533,0.757,7,-6.73,0,0.0453,0.00733,0.0,0.111,0.358
69,False,0.361,0.871,8,-4.313,1,0.0393,0.0119,0.0,0.318,0.575
49,False,0.625,0.534,0,-13.765,0,0.042,0.751,0.891,0.0934,0.459
29,False,0.747,0.612,8,-7.631,1,0.0347,0.339,0.0,0.225,0.796
0,False,0.579,0.502,8,-7.57,1,0.0513,0.733,0.0,0.281,0.836
60,False,0.647,0.56,9,-8.809,1,0.0387,0.723,0.0,0.118,0.913
51,False,0.691,0.669,0,-6.131,1,0.0325,0.339,0.0,0.663,0.752
36,False,0.369,0.637,11,-6.279,1,0.0299,0.0443,0.0,0.179,0.121
21,False,0.763,0.966,1,-4.684,1,0.0926,0.689,0.0,0.0962,0.914
52,False,0.864,0.623,2,-9.346,1,0.0418,0.048,1.79e-05,0.0546,0.86
52,False,0.334,0.367,9,-10.719,1,0.0428,0.929,2.11e-06,0.114,0.344
72,True,0.322,0.555,11,-8.726,0,0.129,0.208,0.00437,0.325,0.397
59,True,0.635,0.688,11,-6.136,0,0.0346,0.0023,1.07e-05,0.507,0.389
29,False,0.911,0.676,1,-7.684,1,0.251,0.128,0.00181,0.21,0.82
18,False,0.778,0.86,0,-9.231,1,0.0469,0.000622,0.79,0.11,0.75
44,False,0.588,0.604,9,-7.602,1,0.024,0.343,6.86e-05,0.252,0.351
62,False,0.484,0.187,5,-14.076,1,0.0423,0.796,0.0,0.0785,0.227
18,False,0.183,0.887,1,-5.99,1,0.058,2.99e-06,0.893,0.356,0.15
48,False,0.54,0.829,0,-5.212,1,0.0484,0.802,0.0,0.287,0.392
21,False,0.492,0.894,5,-5.707,0,0.0407,1.92e-06,0.198,0.308,0.619
38,False,0.6,0.555,3,-6.038,0,0.132,0.358,1.53e-05,0.16,0.179
37,False,0.603,0.707,0,-5.667,1,0.0355,0.0253,1.75e-06,0.381,0.293
48,False,0.576,0.804,9,-3.616,0,0.038,0.231,0.0,0.953,0.452
45,False,0.637,0.805,5,-5.852,1,0.0997,0.569,0.0,0.121,0.94
39,False,0.69,0.503,9,-11.697,0,0.0568,0.753,2.97e-06,0.319,0.446
58,False,0.688,0.468,10,-12.503,1,0.15,0.89,0.000134,0.177,0.946
0,False,0.517,0.609,7,-5.702,1,0.0291,0.0631,0.0,0.106,0.239
47,False,0.614,0.949,5,-6.93,0,0.0386,0.146,2.17e-06,0.472,0.67
36,False,0.665,0.956,7,-2.357,0,0.0463,0.013,0.0,0.819,0.651
23,False,0.586,0.778,4,-6.884,0,0.276,0.0938,0.0,0.107,0.699
0,False,0.788,0.981,1,-3.82,1,0.0572,0.00104,0.856,0.0198,0.684
0,False,0.39,0.091,2,-18.195,0,0.031,0.983,0.908,0.0769,0.0744
11,False,0.788,0.931,1,-6.765,1,0.073,9.52e-05,0.79,0.0312,0.725
0,False,0.545,0.7,5,-6.961,1,0.0323,0.0982,0.0,0.1,0.799
54,False,0.673,0.874,9,-7.17,1,0.085,0.00063,0.696,0.134,0.239
35,False,0.161,0.962,10,-21.869,0,0.0819,0.726,0.49,0.202,0.00655
43,False,0.705,0.515,4,-14.346,1,0.0466,0.91,0.25,0.114,0.678
0,True,0.602,0.557,0,-10.321,1,0.178,0.253,0.0,0.11,0.765
75,False,0.43,0.606,4,-5.115,0,0.0431,0.131,0.0,0.173,0.123
38,False,0.486,0.485,5,-12.391,0,0.0331,0.00446,1.69e-05,0.369,0.353
54,False,0.504,0.0273,2,-21.441,1,0.0415,0.931,1.1e-05,0.109,0.395
34,False,0.595,0.879,2,-3.83,1,0.0347,0.00048,0.848,0.115,0.166
0,False,0.886,0.708,4,-5.915,0,0.0911,0.107,0.0114,0.044,0.965
33,False,0.57,0.547,10,-9.11,1,0.0283,0.669,2.01e-05,0.0849,0.714
59,False,0.571,0.732,7,-6.068,0,0.154,0.116,0.0,0.378,0.584
19,False,0.763,0.757,1,-7.755,0,0.0342,0.0587,0.55,0.189,0.876
26,True,0.335,0.696,9,-9.472,0,0.0307,0.642,0.0,0.12,0.403
40,False,0.66,0.966,11,-5.369,1,0.0479,4.74e-05,0.678,0.308,0.132
0,False,0.641,0.293,2,-10.711,1,0.0291,0.836,0.0,0.217,0.373
23,False,0.373,0.37,2,-12.215,1,0.0276,0.234,0.0294,0.106,0.149
11,False,0.878,0.447,11,-8.132,1,0.0945,0.0142,0.0,0.187,0.96
0,False,0.606,0.591,9,-4.05,1,0.0305,0.106,0.0,0.0859,0.427
20,False,0.286,0.965,1,-5.226,1,0.18,3.51e-05,0.878,0.394,0.187
0,False,0.679,0.764,6,-5.301,1,0.0391,0.031,9.05e-06,0.0951,0.471
3,False,0.568,0.808,1,-7.042,0,0.0378,0.0327,1.08e-05,0.218,0.849
1,False,0.378,0.934,11,-3.702,0,0.107,0.0013,0.0149,0.322,0.602
40,True,0.374,0.943,6,-4.108,0,0.0556,0.000175,0.000156,0.125,0.338
0,False,0.53,0.799,8,-5.631,1,0.0551,0.0113,0.0,0.896,0.307
61,False,0.607,0.827,9,-4.282,1,0.0484,0.289,2.95e-06,0.719,0.552
0,True,0.616,0.717,8,-6.178,1,0.11,0.194,9.81e-05,0.0731,0.72
46,False,0.765,0.245,0,-12.94,1,0.0983,0.667,0.826,0.106,0.434
0,False,0.277,0.0113,4,-38.384,0,0.0285,0.769,0.00268,0.321,0.0725
70,False,0.525,0.852,7,-9.519,1,0.222,0.731,5.11e-05,0.218,0.884
0,False,0.369,0.499,6,-9.301,1,0.0448,0.829,1.75e-06,0.154,0.69
59,False,0.707,0.941,1,-2.606,0,0.041,0.0173,3.65e-05,0.134,0.337
0,False,0.457,0.962,0,-3.722,1,0.0495,0.000455,0.00271,0.319,0.721
0,False,0.486,0.977,7,-4.172,1,0.148,3.71e-06,0.913,0.104,0.0835
24,False,0.32,0.986,1,-3.266,0,0.133,7.1e-05,0.000222,0.316,0.414
23,False,0.479,0.888,8,-5.997,0,0.153,0.00614,0.00105,0.339,0.225
49,False,0.102,0.581,5,-9.61,1,0.0394,7.19e-05,0.88,0.297,0.171
58,False,0.558,0.859,2,-3.992,0,0.0421,0.00469,0.00196,0.0831,0.31
0,False,0.43,0.543,8,-6.296,1,0.0367,0.463,0.000523,0.0928,0.354
0,False,0.448,0.932,7,-4.424,1,0.0976,0.0174,0.0,0.347,0.709
0,True,0.609,0.948,9,-4.938,1,0.113,0.00404,0.0978,0.042,0.786
39,False,0.533,0.678,1,-4.401,0,0.0334,0.00779,6.69e-05,0.132,0.0596
53,False,0.773,0.842,7,-4.433,0,0.0689,0.213,0.731,0.139,0.601
12,False,0.541,0.42,8,-6.341,1,0.0527,0.289,0.0,0.068,0.349
37,True,0.62,0.849,11,-3.563,0,0.0336,0.154,3.81e-05,0.365,0.78
9,False,0.598,0.264,3,-15.032,1,0.047,0.507,0.853,0.146,0.105
7,False,0.592,0.0557,0,-20.601,1,0.0493,0.958,0.0373,0.0642,0.709
12,False,0.743,0.961,6,-9.085,1,0.0913,0.208,0.892,0.453,0.336
0,False,0.42,0.755,7,-5.904,1,0.0584,0.593,0.0,0.204,0.361
0,False,0.593,0.823,7,-4.289,1,0.0293,0.167,1.13e-06,0.0856,0.953
20,False,0.78,0.934,11,-4.843,0,0.0426,0.118,0.738,0.0588,0.879
38,False,0.307,0.152,4,-16.993,0,0.035,0.983,0.887,0.148,0.167
40,False,0.578,0.43,5,-6.134,0,0.0305,0.33,0.0,0.0854,0.288
16,False,0.592,0.964,2,0.643,1,0.182,0.00894,0.00457,0.169,0.343
0,False,0.13,0.0694,11,-29.206,1,0.0578,0.975,0.000708,0.13,0.133
39,False,0.692,0.661,4,-3.124,0,0.11,0.357,0.0,0.296,0.673
42,False,0.611,0.767,4,-4.951,0,0.13,0.337,0.0,0.194,0.726
27,False,0.706,0.584,4,-8.492,1,0.0289,0.694,0.879,0.0759,0.339
35,False,0.307,0.632,0,-8.513,1,0.0454,0.138,0.0,0.0478,0.497
35,False,0.614,0.682,9,-6.589,0,0.0243,0.0241,0.00151,0.3,0.822
63,False,0.46,0.463,2,-6.798,1,0.0769,0.645,0.0,0.13,0.17
28,False,0.631,0.834,7,-5.714,1,0.0503,0.541,2.67e-05,0.0395,0.679
56,False,0.655,0.499,0,-10.039,0,0.0433,0.569,0.763,0.111,0.255
64,False,0.578,0.655,9,-7.935,1,0.0277,0.121,6.91e-06,0.137,0.898
58,False,0.528,0.934,1,0.42,1,0.168,0.00308,0.00614,0.084,0.41
47,False,0.607,0.704,8,-6.567,1,0.0488,0.101,0.0,0.3,0.897
23,False,0.525,0.64,0,-7.929,1,0.0477,0.301,0.0,0.129,0.765
60,False,0.568,0.892,1,-3.091,1,0.0464,0.0111,0.0,0.379,0.783
0,False,0.732,0.923,11,-5.217,1,0.0873,0.00219,0.0137,0.322,0.762
0,False,0.707,0.409,9,-8.68,1,0.0348,0.484,6.09e-06,0.184,0.428
7,False,0.582,0.685,1,-13.318,1,0.0359,0.00215,0.897,0.106,0.374
5,False,0.696,0.991,10,-5.565,0,0.0503,0.0239,0.841,0.0831,0.642
77,False,0.399,0.491,6,-10.778,0,0.0538,0.0563,0.00089,0.11,0.151
47,False,0.424,0.846,1,-6.745,1,0.0649,0.000141,2.4e-06,0.0999,0.0887
50,False,0.847,0.631,4,-6.4,0,0.187,0.121,0.0,0.146,0.716
26,False,0.462,0.827,4,-7.946,1,0.0627,0.0591,0.00013,0.977,0.248
40,False,0.464,0.284,7,-14.977,1,0.0307,0.778,0.0,0.695,0.458
26,False,0.653,0.897,10,-5.939,0,0.161,0.184,0.0,0.541,0.513
18,False,0.722,0.548,2,-9.077,0,0.0291,0.582,0.0,0.214,0.417
29,False,0.417,0.592,10,-13.715,1,0.0361,0.381,0.00153,0.276,0.965
55,False,0.533,0.983,5,-5.175,1,0.107,9.47e-05,0.49,0.136,0.12
58,False,0.652,0.777,10,-8.303,1,0.0317,0.00612,0.603,0.102,0.0715
25,False,0.456,0.476,7,-15.652,1,0.0306,0.357,0.00308,0.302,0.963
41,False,0.407,0.697,1,-5.915,0,0.0372,0.0853,0.0,0.0894,0.137
67,False,0.608,0.461,11,-13.083,0,0.146,0.828,0.00104,0.107,0.512
0,False,0.614,0.615,0,-6.7,0,0.0444,0.054,0.0,0.0921,0.374
56,False,0.422,0.677,11,-5.76,1,0.0365,0.251,3.55e-06,0.16,0.146
65,False,0.834,0.678,6,-6.242,0,0.0515,0.0546,0.263,0.103,0.551
54,True,0.566,0.906,7,-5.199,1,0.0681,0.000741,0.0,0.343,0.405
25,False,0.724,0.683,3,-6.774,0,0.0292,0.00807,0.00363,0.0994,0.796
78,False,0.702,0.825,6,-3.787,0,0.0601,0.00883,0.0,0.0674,0.915
23,False,0.646,0.992,9,-3.125,1,0.17,0.0399,0.614,0.339,0.176
0,False,0.429,0.63,0,-7.392,1,0.0329,0.078,0.0,0.104,0.211
37,False,0.301,0.297,2,-12.963,1,0.0354,0.419,0.0,0.111,0.146
3,False,0.565,0.792,9,-4.983,0,0.132,0.0913,0.0,0.114,0.639
51,False,0.651,0.753,3,-4.956,0,0.0518,0.11,0.0,0.249,0.355
55,False,0.51,0.808,1,-5.694,0,0.0413,1.7e-05,1.91e-05,0.149,0.396
34,False,0.713,0.838,0,-4.404,0,0.0438,0.0687,4.64e-05,0.363,0.975
60,False,0.68,0.64,1,-6.691,0,0.0336,0.29,0.00593,0.124,0.738
37,False,0.433,0.829,6,-7.738,0,0.169,0.501,0.0,0.966,0.837
45,False,0.44,0.489,4,-8.725,1,0.0392,0.254,0.0,0.709,0.239
65,False,0.754,0.571,2,-8.547,1,0.0421,0.0173,0.0,0.3,0.82
70,True,0.66,0.139,6,-16.339,0,0.0323,0.964,1.1e-05,0.105,0.312
19,False,0.573,0.92,11,-8.486,1,0.61,0.786,0.0,0.87,0.4
74,False,0.445,0.179,1,-12.938,1,0.0396,0.952,0.00056,0.107,0.119
28,False,0.49,0.694,4,-7.77,0,0.0463,0.0645,6.55e-05,0.106,0.292
30,False,0.423,0.607,0,-7.079,1,0.0382,0.0944,0.0,0.204,0.808
60,False,0.77,0.817,0,-4.092,0,0.0339,0.0265,0.000103,0.084,0.866
27,False,0.464,0.455,9,-8.732,1,0.0337,0.334,0.0,0.31,0.131
52,False,0.427,0.262,0,-18.505,1,0.0429,0.244,0.879,0.227,0.0405
33,False,0.758,0.819,11,-5.945,0,0.0528,0.0646,0.000168,0.138,0.827
42,False,0.595,0.952,5,-1.892,0,0.042,0.0269,0.671,0.109,0.59
21,False,0.139,0.962,10,-4.629,1,0.0808,3.88e-06,0.457,0.443,0.0935
31,False,0.136,0.863,7,-28.098,1,0.0699,0.545,0.923,0.504,0.00766
0,False,0.716,0.972,10,-5.634,0,0.0416,0.000145,0.0356,0.125,0.0837
21,False,0.708,0.989,4,-4.339,0,0.139,0.0669,0.0,0.257,0.283
50,True,0.425,0.509,1,-5.455,0,0.0332,0.214,0.000189,0.108,0.0374
0,False,0.146,0.132,5,-20.822,1,0.0408,0.993,0.734,0.107,0.0787
67,False,0.741,0.667,10,-5.445,1,0.134,0.0575,0.0,0.106,0.595
36,False,0.548,0.942,2,-4.994,1,0.0683,0.108,0.0,0.339,0.746
21,False,0.621,0.439,2,-6.849,1,0.0635,0.987,0.31,0.187,0.851
66,False,0.318,0.902,1,-4.605,1,0.131,0.0116,0.0,0.393,0.437
35,False,0.572,0.0745,6,-16.153,1,0.0314,0.988,0.949,0.11,0.152
5,False,0.835,0.675,11,-6.846,0,0.0527,0.0144,0.744,0.0775,0.358
35,False,0.605,0.495,9,-8.534,1,0.0363,0.295,0.0,0.0868,0.546
37,False,0.419,0.979,7,-4.147,0,0.166,0.18,0.0,0.915,0.271
64,False,0.614,0.277,1,-11.943,0,0.042,0.967,0.891,0.0698,0.236
0,False,0.354,0.982,4,-3.026,0,0.168,0.000237,0.000301,0.204,0.194
58,False,0.669,0.642,5,-9.004,1,0.0515,0.00221,0.834,0.203,0.838
43,True,0.603,0.687,6,-3.675,1,0.166,0.244,0.0,0.106,0.696
64,False,0.285,0.396,1,-8.741,1,0.0318,0.674,6.6e-05,0.102,0.219
34,False,0.519,0.896,8,-9.341,0,0.0358,0.000374,7.17e-05,0.0884,0.882
19,False,0.797,0.259,5,-15.188,1,0.0624,0.921,0.904,0.113,0.476
20,False,0.341,0.282,5,-11.424,0,0.0439,0.78,0.0,0.234,0.0911
23,False,0.383,0.15,4,-17.672,1,0.0478,0.981,0.901,0.0918,0.0592
38,False,0.564,0.73,4,-5.538,0,0.0361,0.274,0.0,0.119,0.272
0,True,0.721,0.714,11,-5.436,0,0.234,0.107,0.0,0.562,0.506
18,False,0.573,0.964,5,-3.487,0,0.0801,0.0331,0.0,0.221,0.74
0,False,0.392,0.779,7,-10.917,1,0.202,0.000263,0.519,0.13,0.295
0,False,0.54,0.944,5,-5.723,0,0.0445,0.000189,0.065,0.209,0.409
19,False,0.514,0.248,9,-14.946,0,0.0386,0.794,0.92,0.0922,0.201
40,False,0.462,0.69,5,-7.192,1,0.0331,0.348,0.143,0.106,0.709
68,False,0.645,0.321,2,-12.15,1,0.0263,0.521,0.000186,0.129,0.427
44,True,0.737,0.496,9,-4.189,0,0.0638,0.373,0.0,0.243,0.29
0,False,0.734,0.874,8,-3.158,1,0.0662,0.168,1.14e-05,0.0489,0.905
45,False,0.654,0.57,1,-7.408,1,0.0279,0.125,0.943,0.144,0.0847
16,False,0.223,0.996,5,-3.548,1,0.11,0.00013,0.717,0.167,0.0529
36,False,0.671,0.323,9,-10.097,0,0.0272,0.318,0.885,0.112,0.215
33,False,0.157,0.966,1,-30.405,1,0.0514,0.125,0.992,0.886,1e-05
0,False,0.71,0.291,5,-14.132,0,0.0338,0.35,0.0,0.128,0.856
30,False,0.804,0.457,6,-7.845,1,0.197,0.6,0.0,0.15,0.552
40,False,0.673,0.606,2,-9.571,1,0.0403,0.224,1.77e-05,0.0648,0.653
0,False,0.586,0.715,11,-5.962,0,0.159,0.013,1.15e-06,0.54,0.59
0,False,0.677,0.744,10,-6.806,0,0.0296,0.0405,0.000153,0.074,0.631
22,False,0.648,0.883,4,-7.021,1,0.037,0.00479,6.09e-06,0.396,0.949
25,False,0.396,0.937,5,-2.527,0,0.0677,0.0773,0.0,0.0889,0.141
0,False,0.242,0.925,11,-5.486,1,0.108,4.76e-06,0.863,0.255,0.28
69,False,0.616,0.576,11,-5.495,0,0.0532,0.0723,0.0,0.375,0.269
30,False,0.545,0.697,8,-8.325,0,0.0342,0.876,0.00578,0.0701,0.769
46,False,0.334,0.457,2,-8.338,1,0.0304,0.629,0.0,0.105,0.3
0,False,0.689,0.705,0,-3.224,0,0.102,0.256,1.06e-06,0.108,0.456
24,False,0.469,0.51,10,-10.411,1,0.0337,0.475,0.0393,0.123,0.0697
37,False,0.517,0.603,6,-5.383,0,0.0806,0.0262,0.0,0.0855,0.183
46,False,0.364,0.873,2,-5.894,1,0.0455,0.174,0.0,0.939,0.235
23,False,0.497,0.217,5,-13.719,1,0.0281,0.709,1.91e-05,0.0932,0.166
30,False,0.693,0.541,2,-14.333,1,0.0379,0.537,3.12e-06,0.0532,0.946
0,False,0.815,0.359,1,-15.663,1,0.0572,0.00645,0.000101,0.0931,0.85
44,False,0.715,0.733,10,-4.556,0,0.0288,0.364,1.36e-06,0.102,0.948
56,False,0.292,0.906,8,-4.073,1,0.0605,0.000256,0.000743,0.231,0.348
58,False,0.486,0.953,0,-2.244,1,0.0766,0.0505,0.0,0.115,0.595
17,False,0.244,0.872,1,-8.925,1,0.152,0.000843,0.732,0.643,0.253
0,False,0.62,0.537,11,-6.462,1,0.0263,0.163,0.0,0.13,0.41
0,False,0.434,0.36,2,-8.602,0,0.0268,0.912,0.0,0.166,0.439
38,False,0.601,0.956,2,-3.759,1,0.0349,0.000395,0.877,0.242,0.0389
19,False,0.587,0.412,10,-13.534,1,0.0304,0.846,0.00125,0.124,0.828
5,False,0.699,0.855,1,-5.798,0,0.0793,0.00427,0.00925,0.102,0.175
0,False,0.436,0.88,9,-8.547,1,0.0651,0.0154,0.0,0.205,0.683
76,False,0.557,0.533,10,-6.817,0,0.0252,0.0492,0.0,0.205,0.233
52,False,0.405,0.943,11,-5.154,0,0.0584,0.0569,0.48,0.613,0.4
0,False,0.444,0.669,8,-6.727,0,0.125,0.0669,0.0,0.124,0.44
22,False,0.455,0.805,8,-5.346,1,0.037,0.445,2.84e-05,0.323,0.934
25,False,0.36,0.583,4,-6.028,1,0.0403,0.455,0.0,0.199,0.216
41,False,0.762,0.956,2,-3.398,0,0.0421,0.189,0.0747,0.318,0.961
36,False,0.506,0.766,11,-7.771,0,0.136,0.472,2.34e-05,0.821,0.647
24,False,0.357,0.943,1,-6.679,1,0.0608,0.000122,0.313,0.226,0.257
33,False,0.159,0.122,1,-19.339,0,0.0523,0.995,0.698,0.15,0.0191
55,False,0.8,0.573,0,-7.145,1,0.0501,0.6,2.15e-05,0.177,0.539
20,False,0.657,0.854,2,-5.317,1,0.0483,0.521,1.33e-06,0.19,0.806
37,False,0.609,0.639,11,-6.239,1,0.0297,0.0193,6.29e-06,0.0623,0.435
21,False,0.709,0.407,2,-10.265,0,0.0387,0.974,0.901,0.267,0.743
11,False,0.379,0.889,0,-7.553,1,0.513,0.00168,0.0,0.632,0.222
37,False,0.525,0.806,4,-8.566,1,0.0826,0.00944,7.62e-06,0.622,0.885
56,False,0.655,0.54,3,-10.11,1,0.031,0.0178,0.86,0.0899,0.375
56,False,0.537,0.385,3,-6.216,1,0.0391,0.841,0.0,0.0948,0.554
42,False,0.463,0.715,9,-7.273,0,0.0362,0.393,0.0,0.349,0.313
22,True,0.399,0.982,1,-3.248,1,0.168,0.00212,0.0,0.207,0.212
22,False,0.499,0.371,8,-14.488,0,0.0614,0.431,0.0,0.076,0.627
28,False,0.569,0.544,1,-6.267,0,0.0289,0.603,1.39e-05,0.109,0.744
23,False,0.575,0.761,1,-3.497,0,0.0552,0.0356,0.0,0.221,0.365
69,False,0.622,0.779,9,-5.799,1,0.037,0.102,0.000934,0.145,0.761
0,False,0.205,0.115,8,-22.21,1,0.0423,0.985,0.494,0.322,0.0917
0,False,0.524,0.614,0,-8.05,1,0.0363,0.202,0.0,0.0802,0.751
62,False,0.689,0.815,7,-4.55,1,0.0972,0.149,0.0,0.23,0.701
54,False,0.618,0.522,4,-7.94,0,0.0461,0.695,8.94e-06,0.0944,0.356
37,False,0.757,0.413,4,-12.893,1,0.0627,0.823,0.0,0.115,0.614
14,False,0.696,0.925,6,-9.858,1,0.067,0.007,0.827,0.432,0.56
48,False,0.447,0.81,6,-7.323,0,0.0671,0.000138,7.95e-06,0.411,0.503
45,False,0.7,0.935,10,-8.774,0,0.0408,0.0456,0.831,0.347,0.811
58,False,0.552,0.521,9,-6.721,1,0.0286,0.333,0.0,0.0901,0.142
24,False,0.653,0.745,5,-7.745,0,0.258,0.239,0.0,0.143,0.634
1,False,0.844,0.756,4,-5.211,0,0.127,0.135,0.00424,0.145,0.619
38,False,0.628,0.779,0,-8.922,1,0.136,0.393,0.0,0.913,0.787
26,False,0.545,0.73,4,-10.456,1,0.0578,0.572,0.227,0.971,0.797
32,False,0.57,0.78,2,-8.766,1,0.0401,0.0403,0.0251,0.429,0.24
63,False,0.766,0.618,11,-8.552,0,0.124,0.0187,0.000115,0.181,0.513
34,False,0.37,0.191,4,-13.765,1,0.046,0.93,3.15e-06,0.326,0.139
24,True,0.625,0.906,5,-5.042,1,0.924,0.836,0.0,0.955,0.438
40,False,0.507,0.559,7,-6.335,1,0.0254,0.759,6.6e-06,0.0951,0.319
24,False,0.502,0.607,11,-10.992,1,0.125,0.24,0.0,0.935,0.558
25,False,0.568,0.24,7,-13.851,1,0.0292,0.902,0.099,0.111,0.508
41,False,0.746,0.856,10,-6.701,0,0.0497,0.0169,4.68e-06,0.069,0.625
42,False,0.238,0.239,2,-11.987,1,0.0312,0.968,0.776,0.0832,0.0398
21,False,0.551,0.977,0,-2.591,1,0.0295,0.000105,0.00131,0.28,0.41
47,False,0.165,0.0448,2,-28.218,1,0.0426,0.943,0.779,0.0912,0.0565
53,False,0.509,0.611,9,-5.786,1,0.0334,0.185,0.0,0.116,0.208
57,False,0.615,0.358,5,-9.694,1,0.0552,0.705,0.0,0.113,0.432
32,True,0.487,0.837,0,-5.865,1,0.0623,0.0133,0.0,0.102,0.207
26,True,0.604,0.661,1,-8.698,0,0.94,0.833,0.0,0.944,0.328
29,False,0.755,0.776,0,-6.134,1,0.0379,0.456,0.0022,0.357,0.774
11,False,0.483,0.789,5,-9.402,1,0.0341,0.00156,0.0277,0.151,0.0736
0,False,0.653,0.507,11,-17.18,0,0.0534,0.687,0.0147,0.155,0.831
48,False,0.355,0.554,7,-7.54,1,0.0486,0.641,0.0,0.569,0.489
35,False,0.371,0.667,0,-5.328,0,0.0596,0.0166,0.0,0.364,0.234
65,False,0.794,0.753,10,-3.112,1,0.0609,0.543,0.0,0.12,0.906
0,False,0.728,0.695,2,-9.058,0,0.0391,0.519,0.0,0.124,0.836
0,False,0.379,0.562,10,-8.078,1,0.0376,0.0741,1.17e-05,0.137,0.172
45,False,0.228,0.082,7,-21.568,1,0.033,0.931,0.896,0.0879,0.0389
29,True,0.849,0.78,7,-7.745,1,0.0881,0.255,0.0,0.232,0.517
54,True,0.515,0.652,5,-6.653,0,0.0565,0.0333,0.0522,0.202,0.253
26,True,0.521,0.87,8,-5.657,0,0.0402,0.000473,0.318,0.136,0.356
43,False,0.351,0.794,0,-4.417,1,0.0355,0.0022,2.06e-06,0.0846,0.338
16,False,0.607,0.912,1,-7.069,1,0.132,0.0163,0.187,0.1,0.181
49,False,0.59,0.72,7,-10.114,0,0.0791,0.744,0.0,0.884,0.722
77,False,0.867,0.646,1,-4.674,0,0.288,0.303,0.0,0.279,0.67
39,False,0.604,0.805,6,-6.917,0,0.823,0.406,0.0,0.658,0.237
21,False,0.122,0.0912,5,-26.015,1,0.0365,0.944,0.934,0.527,0.117
0,False,0.376,0.437,1,-9.106,0,0.0985,0.762,2.47e-05,0.686,0.465
18,False,0.323,0.116,2,-18.776,1,0.041,0.977,0.981,0.0776,0.068
37,False,0.8,0.741,10,-11.836,0,0.0587,0.000545,0.831,0.12,0.458
0,False,0.436,0.319,1,-7.87,1,0.0295,0.802,1.94e-05,0.12,0.255
36,False,0.769,0.601,0,-6.996,1,0.0855,0.0413,0.000174,0.0638,0.788
8,False,0.364,0.444,0,-12.159,1,0.0383,0.78,0.947,0.112,0.0376
21,False,0.513,0.799,10,-3.117,0,0.0679,0.36,0.0,0.397,0.299
0,False,0.503,0.582,0,-4.324,1,0.0253,0.472,0.0,0.103,0.326
10,False,0.726,0.731,1,-7.431,1,0.192,0.00414,0.668,0.116,0.229
61,False,0.443,0.973,4,-4.386,0,0.133,0.00161,0.0,0.353,0.458
21,False,0.584,0.961,1,-5.707,1,0.0475,0.00118,0.387,0.137,0.792
22,False,0.359,0.933,0,-6.087,1,0.13,0.00193,2.37e-06,0.0616,0.205
39,False,0.546,0.121,0,-17.448,1,0.0658,0.896,0.0,0.16,0.52
43,False,0.545,0.844,0,-6.648,1,0.0698,0.705,0.0,0.954,0.683
55,False,0.398,0.208,5,-10.525,1,0.0394,0.953,6.26e-06,0.108,0.132
27,False,0.255,0.941,9,-5.749,0,0.0539,0.000317,0.0462,0.96,0.399
72,False,0.759,0.902,9,-6.068,0,0.051,0.00532,0.0522,0.343,0.408
54,False,0.345,0.291,0,-8.748,1,0.0278,0.641,0.0399,0.151,0.299
61,False,0.481,0.944,8,-3.665,1,0.231,0.00926,0.000328,0.278,0.396
0,False,0.456,0.615,1,-5.454,1,0.0529,0.614,0.0,0.0908,0.416
0,False,0.885,0.479,0,-11.416,1,0.069,0.0385,0.0221,0.319,0.869
0,False,0.688,0.816,1,-4.017,0,0.29,0.0381,3.1e-06,0.128,0.343
39,True,0.929,0.726,1,-4.246,1,0.146,0.217,0.0,0.0599,0.681
0,False,0.27,0.0423,2,-23.163,0,0.0347,0.994,0.942,0.0744,0.0574
22,False,0.454,0.328,2,-6.089,1,0.0337,0.871,0.85,0.117,0.451
27,False,0.85,0.684,1,-2.32,1,0.0675,0.478,1.4e-06,0.0608,0.748
23,False,0.502,0.303,5,-11.047,0,0.0473,0.838,7.29e-06,0.105,0.612
43,False,0.582,0.548,1,-7.632,1,0.0401,0.424,0.0,0.129,0.274
40,False,0.427,0.0771,1,-20.939,1,0.0468,0.987,0.853,0.119,0.184
20,True,0.565,0.88,7,-6.724,1,0.347,0.171,0.0,0.265,0.89
36,False,0.529,0.652,9,-6.177,1,0.0254,0.716,0.000836,0.11,0.467
73,False,0.629,0.703,2,-4.875,1,0.0504,0.519,0.0,0.11,0.402
32,False,0.539,0.188,2,-12.494,1,0.0316,0.905,3.46e-06,0.118,0.241
63,False,0.725,0.615,5,-7.217,1,0.0453,0.02,0.00821,0.138,0.411
55,False,0.507,0.96,8,-2.619,1,0.0394,0.0132,0.971,0.0703,0.801
1,False,0.854,0.446,1,-8.957,0,0.198,0.313,0.215,0.156,0.57
0,False,0.791,0.586,1,-6.343,1,0.147,0.181,0.0,0.105,0.643
49,False,0.609,0.634,1,-5.669,1,0.0297,0.134,0.0,0.0878,0.449
21,False,0.198,0.257,8,-17.361,1,0.0415,0.968,0.949,0.11,0.0381
47,False,0.632,0.884,7,-2.752,1,0.0362,0.198,0.0,0.937,0.655
16,False,0.634,0.891,7,-6.856,1,0.0522,0.000197,0.000167,0.182,0.537
40,False,0.478,0.524,7,-7.588,1,0.0267,0.121,0.0,0.667,0.32
33,False,0.446,0.42,10,-14.791,1,0.0994,0.818,2.34e-06,0.104,0.642
17,False,0.655,0.256,4,-14.003,1,0.0293,0.354,2.22e-06,0.112,0.315
60,False,0.54,0.405,6,-7.295,1,0.0272,0.768,0.0,0.11,0.309
19,False,0.787,0.385,1,-7.672,1,0.0566,0.0194,0.879,0.208,0.448
36,False,0.827,0.765,10,-8.418,0,0.0743,0.0059,0.901,0.103,0.0968
25,False,0.584,0.685,9,-7.45,1,0.0327,0.0279,0.0516,0.097,0.604
15,False,0.195,0.966,1,-3.475,1,0.181,1.08e-05,0.91,0.298,0.156
47,True,0.894,0.403,3,-7.567,1,0.0916,0.412,2.44e-06,0.111,0.609
74,False,0.61,0.891,4,-5.452,0,0.0587,0.000805,0.0928,0.0657,0.51
2,False,0.627,0.675,5,-7.125,0,0.212,0.125,0.0,0.0784,0.961
53,False,0.45,0.244,5,-12.895,1,0.0379,0.768,0.0,0.352,0.113
12,False,0.383,0.126,0,-20.645,1,0.046,0.986,0.421,0.0859,0.416
0,False,0.691,0.894,9,-1.681,0,0.115,0.291,0.0,0.104,0.623
18,False,0.376,0.866,9,-7.781,1,0.0587,9.12e-05,0.883,0.608,0.122
0,False,0.532,0.842,2,-6.152,1,0.0403,0.00131,1.2e-06,0.33,0.715
0,False,0.318,0.0543,8,-24.681,1,0.0385,0.991,0.932,0.111,0.0388
69,False,0.723,0.57,9,-8.589,0,0.0429,0.00412,0.00183,0.0862,0.575
0,False,0.611,0.61,4,-6.745,1,0.0314,0.0186,0.0,0.125,0.242
36,True,0.614,0.498,4,-9.263,0,0.457,0.134,0.0,0.0944,0.198
84,False,0.695,0.884,6,-2.278,0,0.0753,0.0561,0.0,0.213,0.914
18,False,0.48,0.676,4,-7.727,0,0.0631,0.00996,0.642,0.116,0.199
16,False,0.785,0.874,4,-8.122,0,0.0485,0.0782,0.816,0.0728,0.962
32,False,0.689,0.913,0,-8.694,1,0.0661,0.288,0.891,0.178,0.649
0,False,0.149,0.553,10,-6.576,1,0.0412,0.906,0.719,0.637,0.369
39,False,0.42,0.52,5,-13.33,1,0.126,0.903,0.0046,0.539,0.286
0,False,0.734,0.836,10,-4.803,0,0.0736,0.0171,1.71e-05,0.179,0.622
60,False,0.709,0.904,10,-4.376,0,0.0489,0.186,0.133,0.0896,0.202
33,False,0.0688,0.326,0,-15.193,1,0.0412,0.792,0.756,0.114,0.0387
24,False,0.448,0.98,10,-2.922,0,0.0826,0.000267,0.0,0.371,0.323
34,False,0.622,0.715,6,-6.279,1,0.0435,0.118,0.0,0.105,0.638
21,False,0.531,0.94,6,-3.817,0,0.045,0.00209,0.000292,0.587,0.427
21,False,0.323,0.584,2,-10.413,1,0.0883,0.955,0.00144,0.897,0.46
0,False,0.409,0.0191,2,-31.753,1,0.0324,0.992,0.912,0.0981,0.181
43,False,0.473,0.52,4,-12.013,0,0.0327,0.61,0.931,0.0876,0.204
0,True,0.456,0.405,2,-11.919,1,0.0453,0.0394,0.269,0.112,0.06
53,False,0.71,0.792,0,-5.996,1,0.0453,0.0792,3.32e-05,0.0871,0.858
12,False,0.788,0.85,10,-6.502,0,0.0538,0.000296,0.000983,0.14,0.567
16,False,0.474,0.994,5,-4.666,1,0.124,0.00325,0.000608,0.498,0.0383
50,False,0.638,0.291,9,-7.144,1,0.0442,0.822,0.0,0.318,0.378
1,False,0.361,0.941,6,-6.686,1,0.069,0.0296,0.00697,0.933,0.442
26,False,0.418,0.993,7,-1.361,1,0.189,0.000969,6.11e-06,0.169,0.415
26,True,0.254,0.989,5,-4.192,0,0.473,0.00189,0.0,0.358,0.156
0,False,0.732,0.826,11,-4.936,1,0.0353,0.173,0.0,0.352,0.772
0,False,0.349,0.139,9,-19.982,1,0.0347,0.992,0.898,0.113,0.342
18,False,0.244,0.913,7,-3.689,1,0.0456,0.00178,0.769,0.109,0.0841
38,False,0.637,0.785,9,-4.667,1,0.371,0.276,0.0,0.283,0.491
22,False,0.501,0.984,2,-1.319,1,0.358,0.0882,0.0,0.255,0.378
1,True,0.807,0.606,3,-8.871,0,0.0872,0.0946,0.0,0.119,0.304
16,False,0.475,0.661,2,-8.63,1,0.222,0.871,2e-06,0.319,0.567
0,False,0.729,0.737,2,-3.727,0,0.064,0.275,7.58e-06,0.137,0.369
60,True,0.708,0.213,7,-8.266,1,0.0396,0.924,0.00118,0.111,0.109
56,False,0.61,0.886,11,-6.739,0,0.0491,0.0133,0.00138,0.0877,0.81
70,False,0.558,0.497,8,-7.175,1,0.0256,0.0285,5.36e-06,0.0799,0.444
31,False,0.681,0.989,9,-2.722,1,0.128,0.0172,0.00806,0.811,0.455
38,False,0.776,0.927,11,-7.38,0,0.0489,0.0105,0.887,0.0992,0.0334
55,False,0.517,0.909,4,-2.815,1,0.0378,0.451,0.0135,0.0923,0.683
41,False,0.446,0.452,2,-7.832,0,0.0288,0.326,7.68e-05,0.293,0.351
72,False,0.717,0.73,9,-4.729,0,0.0568,0.383,0.0,0.398,0.792
0,False,0.582,0.705,3,-8.169,1,0.0539,0.29,1.38e-06,0.797,0.64
0,True,0.468,0.983,1,-2.848,1,0.114,6.21e-05,0.000292,0.0568,0.0914
21,False,0.434,0.274,11,-9.961,1,0.0588,0.936,2.12e-06,0.195,0.206
14,False,0.666,0.899,6,-4.913,0,0.0397,0.00885,9.44e-06,0.0726,0.529
23,True,0.443,0.991,4,-4.705,1,0.104,0.000441,0.407,0.84,0.0685
32,False,0.544,0.546,2,-8.543,1,0.393,0.0561,0.0,0.13,0.554
34,False,0.335,0.996,11,-19.941,0,0.0345,0.382,0.61,0.889,0.0115
60,False,0.673,0.486,5,-7.987,0,0.103,0.475,0.00022,0.0906,0.535
61,False,0.57,0.921,4,-3.892,0,0.0724,0.0127,0.0,0.818,0.381
64,True,0.894,0.698,6,-8.264,0,0.275,0.0279,3.56e-06,0.329,0.695
23,False,0.348,0.657,4,-6.666,1,0.0299,0.352,0.277,0.301,0.655
83,False,0.578,0.866,1,-3.804,1,0.0619,0.00701,0.0,0.257,0.619
27,False,0.409,0.107,9,-19.361,1,0.051,0.995,0.876,0.0991,0.498
60,True,0.552,0.87,1,-3.998,1,0.048,9.54e-05,0.0968,0.283,0.364
39,False,0.469,0.957,5,-3.703,0,0.276,0.419,0.00836,0.25,0.648
51,True,0.401,0.933,7,-3.111,1,0.112,0.000157,0.000401,0.215,0.484
23,True,0.627,0.849,9,-5.295,1,0.923,0.832,0.0,0.941,0.463
30,False,0.697,0.663,7,-6.035,1,0.0373,0.191,0.0,0.357,0.82
42,False,0.288,0.898,2,-5.204,1,0.0663,0.00176,0.000117,0.313,0.53
42,False,0.755,0.779,0,-7.91,1,0.0402,0.00458,0.598,0.174,0.25
0,True,0.714,0.818,8,-6.016,0,0.0532,0.0724,0.0,0.115,0.541
45,False,0.496,0.921,6,-4.771,0,0.0445,0.00228,1.49e-05,0.641,0.49
1,False,0.348,0.0223,3,-27.507,1,0.0388,0.994,0.923,0.118,0.279
0,False,0.77,0.743,6,-3.251,1,0.0299,0.0205,0.0003,0.144,0.843
2,False,0.484,0.152,5,-11.775,0,0.0528,0.994,1.25e-05,0.268,0.342
46,False,0.814,0.213,5,-9.424,0,0.0477,0.802,0.379,0.126,0.174
0,True,0.609,0.948,9,-4.938,1,0.113,0.00404,0.0978,0.042,0.786
51,False,0.75,0.401,0,-9.105,1,0.305,0.326,0.177,0.269,0.23
26,False,0.427,0.537,5,-14.06,0,0.0363,0.00339,0.0,0.103,0.454
32,False,0.588,0.405,5,-12.279,1,0.0327,0.304,0.00587,0.107,0.625
85,False,0.31,0.7,9,-5.678,1,0.047,0.011,0.00965,0.0828,0.763
18,False,0.591,0.755,2,-16.916,1,0.0538,0.00123,0.854,0.122,0.808
7,False,0.58,0.695,6,-8.244,0,0.0671,0.00638,0.0,0.174,0.402
88,False,0.526,0.866,0,-5.822,1,0.0568,0.00287,7.78e-05,0.0945,0.248
69,False,0.689,0.695,11,-5.22,1,0.0429,0.019,0.0,0.123,0.359
73,False,0.436,0.934,2,-2.685,1,0.0507,1.03e-05,0.14,0.321,0.384
2,False,0.328,0.517,2,-6.124,1,0.0777,0.266,0.0,0.262,0.287
73,True,0.731,0.811,1,-3.225,1,0.0712,0.0204,0.0,0.411,0.426
15,False,0.741,0.374,4,-11.203,1,0.0413,0.942,0.00014,0.0862,0.923
27,False,0.462,0.851,9,-2.771,1,0.0346,0.000962,0.000724,0.277,0.701
28,False,0.371,0.955,5,-6.344,1,0.0858,0.00703,0.0,0.0697,0.718
58,False,0.549,0.274,1,-12.565,1,0.0379,0.798,6.63e-06,0.103,0.207
0,False,0.534,0.839,2,-2.951,1,0.053,0.0698,0.0,0.264,0.576
22,False,0.445,0.833,9,-7.373,0,0.0279,0.00256,0.736,0.167,0.652
40,False,0.8,0.252,11,-9.816,1,0.214,0.513,0.224,0.109,0.495
54,False,0.749,0.731,4,-10.865,1,0.108,0.00314,0.867,0.111,0.0598
34,False,0.725,0.194,9,-16.627,0,0.0393,0.681,0.902,0.0864,0.132
0,False,0.607,0.481,7,-9.347,0,0.0269,0.404,0.0,0.107,0.78
0,False,0.904,0.817,8,-3.956,1,0.0871,0.0254,0.000141,0.232,0.753
51,False,0.78,0.24,11,-12.996,1,0.0711,0.373,0.0141,0.452,0.171
45,False,0.63,0.749,7,-5.147,0,0.0744,0.14,0.0,0.0666,0.573
47,False,0.691,0.916,9,-5.313,1,0.117,0.029,0.0,0.121,0.394
30,False,0.586,0.877,2,-4.466,1,0.084,0.0355,0.0,0.305,0.549
50,False,0.497,0.649,11,-10.205,0,0.0334,0.0145,3.78e-06,0.0477,0.567
43,False,0.294,0.441,4,-7.625,0,0.0327,0.836,0.467,0.102,0.328
29,False,0.793,0.839,8,-6.854,0,0.0399,0.00321,0.0163,0.608,0.837
33,False,0.564,0.837,4,-4.734,1,0.0296,0.00457,1.26e-05,0.0709,0.261
19,False,0.666,0.512,7,-12.917,1,0.033,0.0585,0.029,0.219,0.388
18,False,0.666,0.892,1,-6.502,0,0.289,0.015,0.0,0.0552,0.909
30,False,0.792,0.585,5,-9.595,0,0.0509,0.0159,0.858,0.117,0.104
39,False,0.71,0.822,7,-2.324,1,0.0426,0.348,0.0,0.132,0.729
19,True,0.863,0.798,11,-5.543,0,0.336,0.703,0.0,0.271,0.834
41,False,0.705,0.67,0,-6.494,1,0.0295,0.376,2.75e-05,0.186,0.701
54,False,0.681,0.915,0,-7.549,0,0.0423,0.00102,0.413,0.0731,0.109
59,False,0.479,0.535,11,-6.676,0,0.03,0.49,0.0,0.0923,0.21
0,False,0.585,0.274,5,-9.831,1,0.0717,0.791,0.0,0.109,0.471
44,False,0.156,0.901,6,-8.03,1,0.0562,1.99e-05,0.806,0.035,0.171
9,False,0.769,0.917,10,-13.125,0,0.0402,0.0625,0.825,0.0909,0.758
79,False,0.639,0.526,0,-6.697,1,0.0256,0.245,2.43e-05,0.25,0.488
7,False,0.695,0.983,10,-6.204,0,0.0509,0.000169,0.895,0.0437,0.37
8,False,0.439,0.506,1,-12.867,0,0.35,0.197,0.047,0.185,0.055
23,False,0.574,0.992,1,-1.792,1,0.132,0.0151,6.83e-06,0.65,0.266
21,False,0.367,0.606,1,-13.294,1,0.0607,0.0732,0.743,0.113,0.0768
40,False,0.437,0.989,6,-7.107,0,0.0533,0.000219,0.556,0.313,0.0978
59,False,0.451,0.306,2,-6.325,0,0.0403,0.82,0.00544,0.207,0.262
28,False,0.345,0.883,2,-7.354,1,0.0438,0.000714,6.04e-05,0.317,0.489
26,False,0.702,0.884,11,-4.742,1,0.0916,0.111,0.0,0.373,0.563
27,False,0.29,0.129,10,-23.333,1,0.055,0.733,0.762,0.113,0.182
29,False,0.274,0.99,11,-3.769,0,0.0751,0.00336,0.0401,0.943,0.37
31,False,0.213,0.998,2,-3.415,1,0.215,0.00019,0.0,0.24,0.154
30,False,0.271,0.597,8,-4.128,0,0.0311,0.158,0.00135,0.246,0.0746
33,False,0.351,0.59,7,-7.291,1,0.0545,0.441,0.0,0.124,0.113
0,False,0.577,0.842,0,-8.0,1,0.0322,0.193,0.146,0.0713,0.0385
54,False,0.262,0.209,2,-10.685,1,0.0385,0.919,1.98e-06,0.0805,0.141
72,True,0.747,0.834,3,-2.867,0,0.045,0.374,0.0,0.0586,0.687
33,False,0.44,0.408,7,-9.774,1,0.0271,0.729,2.48e-06,0.0881,0.479
31,False,0.558,0.95,4,-6.071,0,0.18,0.0366,0.000488,0.973,0.319
48,False,0.707,0.927,1,-6.861,1,0.109,0.121,0.55,0.086,0.0519
17,False,0.701,0.375,1,-9.167,0,0.134,0.97,0.00045,0.0815,0.764
23,True,0.253,0.72,6,-7.925,1,0.0514,0.000558,0.0025,0.111,0.533
27,False,0.626,0.0752,5,-13.282,1,0.0431,0.955,0.00743,0.362,0.357
8,False,0.926,0.471,2,-9.568,1,0.112,0.000432,0.00847,0.104,0.476
37,False,0.574,0.244,0,-10.319,1,0.0436,0.826,0.00695,0.0872,0.448
43,False,0.434,0.676,0,-8.545,1,0.0305,0.00236,0.0,0.398,0.486
19,False,0.241,0.336,10,-8.287,1,0.0313,0.477,0.0,0.0793,0.0665
0,False,0.798,0.821,7,-6.143,1,0.0596,0.0985,5.84e-06,0.178,0.526
0,False,0.886,0.708,4,-5.915,0,0.0911,0.107,0.0114,0.044,0.965
26,False,0.278,0.213,7,-17.459,1,0.0401,0.86,0.0149,0.0512,0.139
46,False,0.668,0.677,3,-5.81,1,0.0341,0.364,0.0,0.135,0.403
0,False,0.683,0.668,3,-8.36,1,0.0749,0.833,2.75e-06,0.0548,0.77
57,False,0.38,0.829,5,-6.105,1,0.0405,8.4e-05,0.00208,0.342,0.0534
65,False,0.339,0.707,0,-5.121,0,0.0428,0.0113,0.0,0.337,0.359
52,False,0.716,0.534,6,-9.327,1,0.0531,0.00729,0.74,0.0682,0.271
33,False,0.689,0.773,0,-7.786,0,0.0507,0.0668,0.794,0.103,0.138
26,False,0.379,0.967,11,-3.953,0,0.0821,0.000347,0.00678,0.0688,0.798
56,True,0.653,0.78,5,-7.253,0,0.0663,0.114,3.23e-06,0.117,0.26
0,False,0.679,0.764,6,-5.301,1,0.0391,0.031,9.05e-06,0.0951,0.471
44,False,0.8,0.551,9,-10.566,1,0.041,0.000462,0.815,0.119,0.149
50,False,0.666,0.289,7,-12.404,1,0.0317,0.641,8.2e-06,0.109,0.415
44,True,0.462,0.826,6,-4.841,1,0.322,0.435,0.0,0.204,0.576
28,False,0.115,0.43,2,-26.167,1,0.06,0.879,0.978,0.119,0.362
56,False,0.702,0.326,1,-11.575,1,0.0313,0.731,0.000287,0.146,0.556
31,False,0.527,0.378,9,-8.863,0,0.0258,0.922,4.12e-05,0.104,0.249
0,True,0.75,0.856,2,-5.802,1,0.0457,0.0778,3.65e-05,0.117,0.94
0,False,0.596,0.448,5,-9.616,1,0.0396,0.365,5.22e-06,0.207,0.796
44,False,0.39,0.757,3,-11.223,0,0.0311,0.0016,0.000758,0.0388,0.739
59,False,0.469,0.722,6,-4.806,1,0.0326,0.232,0.0,0.123,0.529
0,False,0.575,0.881,9,-13.012,1,0.0356,0.000113,2.59e-05,0.147,0.692
1,False,0.553,0.991,8,-3.703,1,0.0925,4.44e-05,0.0729,0.179,0.324
30,False,0.471,0.778,1,-6.309,1,0.34,0.186,0.0,0.364,0.683
39,False,0.572,0.669,0,-12.087,1,0.0481,0.0117,0.0,0.111,0.632
0,False,0.281,0.0665,9,-20.983,0,0.0495,0.988,1.23e-05,0.0904,0.159
41,False,0.397,0.909,1,-4.796,0,0.128,0.0202,5.44e-05,0.335,0.436
17,False,0.333,0.378,6,-16.326,1,0.0541,0.514,0.91,0.0828,0.0689
31,False,0.634,0.71,0,-6.972,1,0.0271,0.224,0.000213,0.132,0.487
21,True,0.586,0.556,6,-7.639,1,0.0592,0.00655,0.0,0.0836,0.517
64,False,0.387,0.117,0,-17.803,1,0.0299,0.925,0.000171,0.109,0.166
89,False,0.548,0.816,0,-4.209,1,0.0465,0.122,0.0,0.335,0.557
0,False,0.344,0.0258,2,-34.634,1,0.0392,0.637,0.322,0.0845,0.0355
85,True,0.515,0.43,7,-9.935,1,0.0372,0.0097,0.000133,0.129,0.104
35,False,0.684,0.697,7,-10.563,1,0.0533,0.445,0.000138,0.11,0.895
22,False,0.306,0.0955,7,-18.601,0,0.0437,0.978,0.917,0.0876,0.0831
9,False,0.691,0.894,9,-1.681,0,0.115,0.291,0.0,0.104,0.623
1,False,0.709,0.795,7,-4.765,0,0.0713,0.000503,1.08e-05,0.222,0.597
8,False,0.914,0.672,4,-6.035,1,0.0475,0.47,0.0,0.138,0.807
35,False,0.622,0.843,9,-5.205,0,0.15,0.616,2.21e-06,0.104,0.607
20,False,0.694,0.558,7,-9.534,1,0.0359,0.766,0.0251,0.173,0.58
43,False,0.545,0.613,6,-8.874,1,0.0273,0.111,5.53e-06,0.0943,0.16
28,False,0.701,0.548,5,-10.52,1,0.0315,0.367,0.0,0.235,0.842
0,False,0.705,0.874,0,-2.514,0,0.0723,0.17,0.0,0.0669,0.788
48,False,0.541,0.627,10,-7.027,0,0.066,0.767,1.96e-05,0.103,0.451
8,False,0.109,0.303,10,-12.752,1,0.0404,0.683,0.261,0.116,0.035
35,False,0.76,0.842,1,-4.446,1,0.0421,0.229,0.0139,0.358,0.625
65,True,0.608,0.71,11,-4.998,1,0.0636,0.43,0.0,0.0903,0.613
34,False,0.316,0.951,10,-5.081,0,0.056,6.41e-05,0.0,0.339,0.718
31,False,0.316,0.863,11,-6.17,1,0.097,0.00278,8.5e-05,0.0417,0.557
38,False,0.699,0.95,8,-5.291,1,0.0369,0.0243,7.05e-06,0.583,0.709
0,False,0.548,0.809,11,-4.001,0,0.0328,0.000298,2.96e-06,0.156,0.409
0,False,0.735,0.842,5,-4.079,0,0.0403,0.00519,4.52e-06,0.308,0.681
20,False,0.479,0.995,7,-4.777,1,0.075,1.16e-05,0.987,0.0499,0.158
18,False,0.689,0.689,7,-9.818,1,0.0583,0.0108,0.883,0.273,0.682
23,False,0.136,0.99,4,-3.845,1,0.107,2.32e-06,0.868,0.29,0.0359
0,False,0.65,0.736,0,-5.222,1,0.0378,0.122,0.0,0.0998,0.595
17,False,0.687,0.334,4,-11.446,1,0.0728,0.978,0.00777,0.0768,0.964
31,False,0.525,0.641,4,-6.825,1,0.0793,0.572,0.0,0.253,0.919
66,False,0.608,0.845,6,-2.292,1,0.0597,0.136,0.0,0.111,0.322
36,False,0.634,0.792,5,-9.201,1,0.0608,0.616,1.9e-06,0.749,0.797
49,False,0.358,0.65,7,-9.241,0,0.0429,0.0546,1.34e-06,0.641,0.226
14,False,0.572,0.98,7,-4.933,1,0.0997,0.000399,0.766,0.0606,0.405
46,False,0.643,0.508,5,-8.325,1,0.0432,0.492,0.0,0.121,0.408
18,False,0.914,0.362,2,-9.317,1,0.124,0.737,0.0,0.0813,0.642
16,False,0.665,0.723,11,-12.277,0,0.0368,0.0259,0.00469,0.0799,0.74
34,False,0.707,0.626,8,-9.211,1,0.0448,0.00547,0.0,0.268,0.878
16,False,0.552,0.424,8,-6.649,1,0.0722,0.604,0.0,0.0849,0.596
40,False,0.805,0.519,6,-11.246,0,0.0854,0.0745,1.4e-06,0.076,0.681
22,False,0.252,0.297,1,-12.543,1,0.0406,0.958,0.000202,0.135,0.172
51,False,0.533,0.165,2,-14.879,1,0.0396,0.929,0.937,0.105,0.189
27,False,0.792,0.744,11,-4.744,1,0.0554,0.0766,4.55e-05,0.0548,0.65
43,False,0.613,0.711,2,-7.046,1,0.193,0.599,0.0,0.655,0.853
18,False,0.589,0.965,5,-2.988,0,0.197,0.0055,0.0048,0.745,0.271
0,False,0.694,0.853,4,-4.207,0,0.107,0.0367,9.89e-05,0.352,0.74
16,False,0.164,0.856,9,-4.534,0,0.0599,2.66e-06,0.0247,0.24,0.163
0,False,0.57,0.904,0,-2.876,1,0.0601,0.00284,0.0,0.253,0.478
20,False,0.542,0.736,1,-5.913,1,0.0607,0.0729,0.0,0.695,0.189
41,False,0.618,0.083,4,-23.665,1,0.057,0.745,0.000123,0.146,0.597
11,False,0.632,0.431,0,-14.856,1,0.949,0.754,0.0,0.791,0.369
61,False,0.465,0.844,1,-4.352,0,0.0379,0.00109,0.399,0.0865,0.155
15,False,0.641,0.195,1,-12.673,1,0.0292,0.921,1.97e-05,0.201,0.532
55,False,0.398,0.982,2,-3.979,1,0.178,0.00306,0.0243,0.44,0.401
3,False,0.57,0.672,8,-5.888,0,0.0716,0.172,1.04e-06,0.0768,0.461
0,False,0.373,0.333,10,-9.876,1,0.0303,0.59,0.0,0.121,0.0815
60,False,0.632,0.944,1,-3.065,1,0.0476,0.239,0.0,0.125,0.934
24,False,0.54,0.834,0,-6.942,1,0.0531,0.0917,0.00282,0.158,0.377
0,False,0.505,0.627,6,-7.851,1,0.0273,0.423,7.4e-05,0.0755,0.296
0,False,0.183,0.00699,11,-30.087,1,0.039,0.952,0.965,0.124,0.0728
26,False,0.445,0.834,8,-4.792,1,0.0306,0.000645,3.66e-06,0.0695,0.272
25,False,0.617,0.711,9,-4.941,1,0.0334,0.537,0.0004,0.146,0.721
0,False,0.516,0.818,11,-6.076,1,0.0393,0.00701,0.0,0.337,0.769
43,False,0.324,0.766,9,-8.478,0,0.0776,0.0261,0.844,0.102,0.0399
13,False,0.272,0.972,3,-4.334,0,0.131,2.66e-06,0.181,0.125,0.0348
13,False,0.355,0.959,10,-6.204,0,0.205,0.00047,0.000543,0.119,0.189
50,True,0.499,0.843,6,-2.224,1,0.113,0.0138,0.0,0.124,0.533
57,False,0.379,0.502,11,-10.84,0,0.0528,0.158,0.533,0.0934,0.0373
56,False,0.764,0.337,6,-14.35,0,0.0472,0.351,0.0172,0.0991,0.178
43,False,0.781,0.608,5,-4.303,1,0.0763,0.0634,0.0,0.221,0.351
1,False,0.462,0.765,5,-7.011,1,0.036,0.324,0.231,0.0757,0.399
24,False,0.772,0.33,2,-9.51,1,0.0342,0.886,0.001,0.136,0.472
50,False,0.418,0.153,10,-14.484,1,0.0293,0.879,4.23e-06,0.156,0.267
32,True,0.338,0.887,7,-4.772,1,0.227,0.0482,0.0,0.336,0.233
0,False,0.175,0.0869,2,-20.248,0,0.0427,0.955,0.251,0.0783,0.0345
62,False,0.93,0.483,3,-9.925,1,0.0411,0.0289,0.00244,0.103,0.57
44,False,0.514,0.123,10,-11.512,1,0.0379,0.851,0.0394,0.127,0.169
1,False,0.512,0.93,9,-4.343,1,0.0508,0.17,0.00119,0.561,0.677
35,False,0.865,0.603,8,-6.356,1,0.0366,0.161,8.54e-05,0.0735,0.976
38,False,0.513,0.95,4,-3.979,1,0.0944,0.00367,1.47e-06,0.317,0.493
82,False,0.541,0.96,0,-2.947,0,0.0505,0.0663,2.25e-06,0.344,0.812
23,False,0.154,0.879,4,-5.583,0,0.103,0.000453,0.622,0.3,0.189
52,False,0.309,0.204,3,-10.867,1,0.0397,0.949,0.0,0.127,0.289
24,False,0.395,0.841,0,-4.819,0,0.0418,0.039,0.0948,0.672,0.0421
56,False,0.566,0.743,0,-5.377,1,0.0361,0.0265,0.0,0.329,0.649
0,False,0.729,0.737,2,-3.727,0,0.064,0.275,7.58e-06,0.137,0.369
51,False,0.502,0.891,4,-4.732,0,0.0455,0.032,0.00568,0.118,0.225
55,False,0.56,0.75,0,-5.885,1,0.0816,0.223,0.427,0.204,0.279
0,False,0.682,0.646,4,-9.274,0,0.0667,0.576,2.13e-05,0.0978,0.785
45,False,0.441,0.213,5,-16.42,1,0.0338,0.885,0.0274,0.0874,0.138
0,False,0.497,0.897,5,-4.21,1,0.0513,0.00635,0.0,0.305,0.539
56,False,0.764,0.628,11,-5.851,1,0.0503,0.053,0.0,0.114,0.196
63,False,0.517,0.753,0,-7.928,0,0.0515,0.0228,0.278,0.105,0.269
38,False,0.897,0.458,2,-10.331,1,0.0621,0.245,0.212,0.0449,0.151
43,False,0.532,0.934,7,-4.663,1,0.0758,0.000627,0.000836,0.185,0.448
29,False,0.253,0.355,4,-10.13,1,0.034,0.749,4.82e-05,0.346,0.191
27,False,0.345,0.245,2,-17.01,1,0.0702,0.891,2.75e-06,0.922,0.342
73,False,0.535,0.548,1,-6.51,1,0.037,0.533,1.48e-06,0.123,0.477
0,False,0.546,0.85,9,-8.415,1,0.0498,0.449,0.000779,0.74,0.747
69,False,0.684,0.247,5,-13.71,1,0.0281,0.872,0.000166,0.113,0.768
0,False,0.521,0.679,11,-6.664,0,0.0291,0.482,0.921,0.0928,0.207
37,False,0.443,0.84,1,-6.684,1,0.117,0.245,0.0,0.683,0.276
0,False,0.424,0.843,6,-6.197,1,0.0394,0.00101,0.00896,0.366,0.115
55,False,0.292,0.535,3,-6.892,1,0.0393,0.0355,0.0,0.0977,0.316
14,False,0.544,0.303,5,-12.708,0,0.0365,0.953,0.00215,0.0486,0.726
0,False,0.638,0.762,10,-4.053,1,0.0976,0.0583,0.0,0.0523,0.736
0,False,0.488,0.156,0,-11.457,0,0.0922,0.981,0.00855,0.116,0.402
64,False,0.782,0.622,2,-5.832,1,0.0411,0.288,0.53,0.58,0.921
45,False,0.35,0.975,3,-3.242,1,0.129,8.65e-05,1.36e-05,0.216,0.267
71,False,0.317,0.887,9,-7.292,1,0.0375,0.000582,0.00258,0.0891,0.871
0,False,0.43,0.543,8,-6.296,1,0.0367,0.463,0.000523,0.0928,0.354
50,False,0.567,0.494,7,-11.309,1,0.046,0.245,0.00132,0.712,0.547
27,False,0.323,0.183,2,-16.404,1,0.0445,0.929,0.777,0.115,0.0367
33,False,0.768,0.621,9,-8.564,0,0.04,0.101,0.00594,0.105,0.698
2,False,0.873,0.658,4,-8.031,0,0.108,0.00858,0.0061,0.0999,0.483
0,False,0.668,0.522,4,-7.42,1,0.0311,0.696,0.0,0.609,0.718
0,True,0.566,0.909,7,-4.184,1,0.0637,5.81e-05,0.000254,0.0981,0.275
42,False,0.374,0.667,2,-3.978,1,0.0352,0.222,0.0,0.124,0.279
34,False,0.471,0.184,9,-12.326,0,0.0651,0.971,0.00736,0.133,0.482
39,False,0.595,0.748,11,-14.063,1,0.0492,0.126,0.0,0.0842,0.748
0,False,0.56,0.436,7,-8.761,1,0.491,0.918,0.0,0.093,0.402
46,False,0.517,0.873,1,-6.874,0,0.0349,0.00218,4.8e-05,0.95,0.246
0,False,0.819,0.473,1,-8.356,0,0.0567,0.016,0.433,0.0644,0.638
33,False,0.262,0.117,5,-20.88,1,0.0456,0.864,0.0,0.551,0.313
17,True,0.393,0.975,11,-5.274,1,0.0423,3.13e-05,0.0174,0.614,0.392
46,False,0.633,0.634,2,-6.059,1,0.0306,0.226,0.0,0.781,0.371
0,False,0.634,0.664,10,-7.82,0,0.0623,0.00203,0.11,0.171,0.171
22,True,0.538,0.797,8,-12.169,1,0.95,0.918,1.76e-05,0.586,0.448
0,False,0.554,0.195,4,-10.144,1,0.298,0.994,0.0174,0.0589,0.566
42,False,0.698,0.73,4,-8.146,0,0.094,0.00786,8.57e-05,0.214,0.537
2,True,0.83,0.623,6,-4.056,1,0.0801,0.0219,0.0,0.0812,0.614
27,False,0.693,0.547,7,-11.135,1,0.235,0.137,2.83e-06,0.088,0.603
44,False,0.607,0.98,1,-0.488,1,0.25,0.000282,0.841,0.566,0.396
55,True,0.723,0.837,11,-6.487,1,0.0389,0.0103,0.000477,0.0834,0.643
5,False,0.541,0.587,2,-9.766,1,0.0392,4.01e-06,0.691,0.0548,0.444
0,False,0.596,0.315,8,-9.175,1,0.0428,0.961,0.0,0.258,0.64
30,False,0.588,0.69,4,-8.72,0,0.0396,0.014,0.2,0.0729,0.436
28,False,0.782,0.88,9,-6.34,1,0.0472,0.592,0.0,0.205,0.899
0,False,0.179,0.145,2,-16.26,1,0.0433,0.00239,0.85,0.1,0.0381
37,False,0.636,0.871,7,-6.47,1,0.0312,0.169,0.0,0.202,0.939
34,False,0.786,0.721,10,-6.94,1,0.0625,0.235,0.00087,0.12,0.891
23,False,0.547,0.867,6,-5.04,1,0.0326,0.0546,0.489,0.0735,0.253
51,True,0.697,0.676,7,-3.51,0,0.0395,0.00752,0.0,0.0898,0.372
65,False,0.733,0.673,9,-6.572,0,0.0333,0.0132,0.0049,0.16,0.636
49,False,0.577,0.911,1,-4.449,1,0.0512,0.0186,0.0587,0.159,0.543
31,False,0.441,0.796,9,-2.851,0,0.0431,0.0167,2.52e-06,0.166,0.696
21,True,0.877,0.596,7,-4.882,0,0.323,0.348,0.0,0.0585,0.717
21,False,0.723,0.636,10,-10.265,0,0.25,0.3,2.37e-05,0.144,0.813
58,False,0.494,0.214,7,-11.041,1,0.0363,0.92,1.07e-05,0.107,0.35
0,False,0.473,0.977,8,-8.651,0,0.15,0.0243,0.604,0.0931,0.0449
44,False,0.522,0.782,1,-6.383,1,0.0647,0.716,0.0,0.867,0.702
70,False,0.153,0.417,1,-11.587,1,0.0318,0.434,0.000622,0.211,0.166
31,False,0.822,0.459,5,-5.009,1,0.073,0.287,0.822,0.287,0.521
49,False,0.712,0.918,2,-1.957,1,0.0722,0.35,0.0,0.109,0.83
0,False,0.809,0.757,1,-6.246,0,0.0424,0.0157,0.0943,0.0997,0.587
48,False,0.695,0.78,10,-4.912,1,0.0514,0.11,0.000143,0.0744,0.604
57,False,0.335,0.92,1,-4.086,1,0.0986,0.00118,0.0,0.354,0.246
17,False,0.62,0.929,7,-6.813,1,0.045,0.0037,0.0566,0.0942,0.417
43,False,0.696,0.581,5,-10.402,1,0.0628,0.435,6.59e-06,0.667,0.268
43,False,0.611,0.583,7,-5.471,1,0.0306,0.182,0.0,0.143,0.663
4,False,0.601,0.824,0,-4.757,1,0.0474,0.00866,0.173,0.155,0.246
53,False,0.524,0.962,2,-2.796,1,0.0292,2.39e-05,0.496,0.332,0.234
0,False,0.601,0.713,4,-3.758,0,0.0449,0.0282,0.0,0.158,0.464
11,False,0.296,0.0242,9,-27.154,1,0.0546,0.99,0.907,0.199,0.248
28,False,0.76,0.917,0,-5.197,1,0.186,0.0269,0.0,0.107,0.966
35,False,0.757,0.453,7,-10.801,1,0.041,0.411,6.38e-05,0.125,0.868
59,False,0.246,0.111,3,-24.418,1,0.0443,0.913,0.871,0.11,0.137
42,False,0.657,0.522,0,-11.893,1,0.0301,0.601,0.000865,0.108,0.229
9,False,0.704,0.622,2,-10.363,1,0.0314,0.574,0.0454,0.0529,0.379
43,False,0.404,0.668,10,-5.746,0,0.0303,0.0137,0.000326,0.123,0.495
50,False,0.56,0.978,1,-4.538,0,0.0824,0.0173,0.674,0.286,0.553
71,False,0.686,0.688,6,-4.981,0,0.0254,0.39,1.03e-06,0.0924,0.493
57,False,0.544,0.501,8,-7.152,0,0.0625,0.455,0.0,0.108,0.517
42,False,0.51,0.844,9,-2.321,0,0.335,0.43,0.0,0.0454,0.575
33,False,0.252,0.961,4,-3.42,0,0.0706,0.000452,0.000474,0.0674,0.421
74,False,0.703,0.68,9,-6.118,0,0.0431,0.0171,0.0,0.178,0.536
20,True,0.524,0.532,10,-13.171,0,0.948,0.884,0.0,0.765,0.51
47,True,0.652,0.57,5,-9.013,0,0.0259,0.638,0.00815,0.154,0.78
47,False,0.415,0.448,0,-7.659,1,0.0303,0.417,0.0,0.106,0.249
43,False,0.759,0.862,7,-4.604,1,0.293,0.209,0.0,0.0557,0.623
52,False,0.705,0.643,0,-8.766,0,0.0548,0.000831,0.000605,0.136,0.223
42,False,0.449,0.704,6,-8.83,1,0.0712,0.0194,0.614,0.319,0.273
9,False,0.539,0.773,5,-8.504,1,0.0374,0.00309,0.725,0.149,0.0779
61,False,0.707,0.931,2,-5.463,1,0.0545,0.0933,0.00267,0.153,0.702
35,False,0.683,0.838,6,-5.741,1,0.0416,0.0272,0.747,0.114,0.0399
45,False,0.706,0.951,7,-4.189,1,0.0658,0.447,0.0,0.899,0.95
52,False,0.792,0.836,7,-6.252,1,0.0648,0.006,0.878,0.108,0.183
32,False,0.798,0.506,9,-9.331,0,0.0824,0.00225,0.578,0.101,0.356
41,False,0.394,0.934,10,-5.494,1,0.103,0.000205,0.000258,0.204,0.262
45,False,0.484,0.803,4,-4.539,0,0.0462,0.00909,1.42e-06,0.161,0.19
45,False,0.559,0.561,0,-8.924,1,0.0244,0.213,0.0304,0.135,0.103
11,False,0.0717,0.459,6,-16.526,1,0.0622,0.738,0.931,0.0925,0.0356
43,False,0.624,0.402,9,-14.837,0,0.0327,0.571,0.873,0.105,0.326
30,False,0.575,0.758,9,-5.512,0,0.031,0.157,0.0,0.0853,0.703
67,False,0.617,0.514,9,-7.099,1,0.0722,0.0154,0.0,0.118,0.365
58,False,0.764,0.426,2,-11.045,1,0.0405,0.629,0.000119,0.132,0.726
88,True,0.795,0.845,9,-3.809,0,0.135,0.105,1.14e-05,0.172,0.769
40,False,0.631,0.675,1,-5.778,1,0.329,0.172,0.46,0.29,0.453
53,False,0.805,0.879,4,-4.799,0,0.0415,0.0503,0.000758,0.338,0.912
39,False,0.508,0.747,9,-10.249,0,0.0469,0.0112,0.000339,0.0954,0.439
18,False,0.417,0.313,2,-9.524,0,0.0533,0.882,5.9e-05,0.648,0.335
68,False,0.605,0.834,8,-5.879,0,0.286,0.204,0.0,0.214,0.503
18,False,0.823,0.938,9,-10.606,1,0.097,0.0271,0.0848,0.112,0.404
17,False,0.854,0.639,7,-6.915,1,0.11,0.00533,0.41,0.63,0.652
21,False,0.41,0.946,5,-3.776,1,0.066,0.00692,0.0,0.35,0.0781
55,False,0.163,0.047,3,-24.975,0,0.0344,0.938,0.955,0.14,0.0389
52,False,0.299,0.448,1,-7.819,1,0.0452,0.0275,0.0,0.0892,0.172
13,False,0.371,0.969,6,-7.777,1,0.0889,1.03e-05,0.0305,0.228,0.294
44,False,0.434,0.404,0,-13.207,1,0.0458,0.341,0.899,0.0734,0.136
0,False,0.57,0.409,5,-7.555,0,0.0331,0.345,0.000188,0.219,0.304
63,False,0.34,0.96,1,-5.427,1,0.0802,0.238,4.32e-06,0.0378,0.475
0,False,0.359,0.573,9,-6.054,1,0.0326,0.665,0.000178,0.136,0.562
43,False,0.557,0.585,7,-6.753,1,0.0396,0.572,0.0,0.972,0.599
5,False,0.361,0.169,11,-13.005,0,0.0344,0.989,0.000171,0.0933,0.198
18,False,0.649,0.338,0,-13.893,1,0.0766,0.713,0.862,0.101,0.58
22,False,0.608,0.788,8,-4.413,1,0.375,0.0995,0.0,0.207,0.676
19,False,0.173,0.89,4,-7.81,0,0.0672,1.52e-06,0.822,0.237,0.091
0,False,0.44,0.838,9,-6.196,1,0.0423,0.0956,0.0,0.473,0.619
54,False,0.275,0.657,11,-3.9,1,0.0431,0.396,0.000148,0.305,0.219
43,False,0.709,0.479,6,-13.243,1,0.943,0.776,0.0,0.436,0.682
26,False,0.453,0.171,11,-13.325,0,0.0426,0.815,0.0,0.687,0.526
43,False,0.438,0.953,6,-2.085,0,0.152,0.0126,0.00394,0.104,0.124
67,False,0.486,0.948,9,-1.59,1,0.122,0.0242,0.0286,0.137,0.507
58,False,0.595,0.688,2,-6.391,1,0.0386,0.516,0.0,0.0842,0.866
50,False,0.731,0.418,5,-8.51,1,0.0382,0.381,0.0,0.111,0.843
56,False,0.467,0.937,5,-8.285,1,0.0483,0.0269,0.0,0.235,0.848
18,False,0.646,0.194,11,-8.878,0,0.0515,0.984,0.165,0.171,0.627
37,False,0.677,0.717,7,-8.342,1,0.0633,0.188,0.000585,0.0935,0.6
25,False,0.447,0.332,7,-11.319,1,0.0334,0.864,0.798,0.0815,0.67
48,False,0.642,0.728,7,-6.692,1,0.0315,0.245,0.00238,0.101,0.411
0,False,0.689,0.623,5,-5.025,0,0.0621,0.254,0.0,0.113,0.546
47,False,0.639,0.791,8,-5.968,1,0.0335,0.231,0.0,0.111,0.305
43,False,0.442,0.925,9,-3.781,1,0.0648,0.00195,0.496,0.0851,0.196
45,False,0.526,0.931,7,-6.723,1,0.0526,0.342,9.91e-05,0.271,0.929
37,False,0.578,0.162,5,-10.48,1,0.0374,0.74,0.0,0.178,0.195
60,False,0.781,0.373,11,-10.866,1,0.0791,0.202,0.0346,0.142,0.301
62,False,0.616,0.557,11,-5.871,0,0.0413,0.354,1.53e-06,0.345,0.626
0,False,0.446,0.814,9,-3.421,1,0.0306,0.000682,0.000814,0.101,0.554
0,False,0.51,0.306,4,-11.214,0,0.0305,0.687,0.0,0.0811,0.23
38,False,0.738,0.558,10,-12.088,0,0.0423,0.000663,0.163,0.17,0.601
3,False,0.627,0.117,8,-21.584,1,0.0376,0.979,0.926,0.264,0.382
48,False,0.653,0.848,9,-3.978,1,0.0325,0.2,0.0,0.608,0.434
0,False,0.863,0.768,7,-2.227,0,0.184,0.0851,0.000119,0.105,0.673
1,False,0.736,0.781,5,-3.98,1,0.0443,0.00124,0.0138,0.0796,0.787
3,False,0.558,0.54,3,-7.2,1,0.0305,0.501,0.0,0.252,0.654
38,False,0.65,0.889,0,-5.194,1,0.0503,0.287,0.000583,0.0441,0.869
4,False,0.798,0.62,8,-7.079,0,0.232,0.414,0.0192,0.112,0.235
11,False,0.627,0.854,7,-4.58,1,0.0716,0.000943,0.000756,0.21,0.387
0,False,0.603,0.609,7,-7.063,1,0.0278,0.188,0.0,0.0982,0.275
60,False,0.486,0.623,11,-5.07,0,0.0309,0.0097,3.4e-05,0.178,0.275
0,False,0.647,0.876,10,-5.662,1,0.185,0.881,3.59e-05,0.26,0.949
0,False,0.516,0.818,11,-6.076,1,0.0393,0.00701,0.0,0.337,0.769
45,False,0.635,0.565,7,-5.223,1,0.0569,0.667,0.0,0.0569,0.923
34,False,0.258,0.985,0,-3.376,1,0.157,0.0202,0.000308,0.432,0.382
0,False,0.601,0.713,4,-3.758,0,0.0449,0.0282,0.0,0.158,0.464
64,False,0.432,0.695,1,-8.022,1,0.111,0.732,0.0014,0.274,0.513
0,True,0.715,0.622,4,-3.046,0,0.111,0.11,0.0,0.123,0.407
40,False,0.651,0.36,9,-9.286,1,0.03,0.756,0.0,0.255,0.468
0,False,0.647,0.876,10,-5.662,1,0.185,0.881,3.59e-05,0.26,0.949
77,False,0.462,0.836,11,-5.766,0,0.0621,0.00517,0.0,0.18,0.671
27,False,0.451,0.996,6,-3.203,1,0.167,4.67e-05,0.0411,0.58,0.176
43,False,0.655,0.8,0,-6.416,1,0.0332,0.0101,0.0,0.232,0.561
14,False,0.212,0.998,2,-4.392,1,0.13,9.46e-06,0.00993,0.262,0.0392
40,False,0.659,0.321,7,-11.66,1,0.0287,0.629,0.00108,0.153,0.242
51,False,0.488,0.99,8,-2.718,1,0.0574,0.000144,0.0453,0.389,0.221
22,False,0.551,0.991,7,-4.164,1,0.164,5.54e-05,0.811,0.388,0.103
40,True,0.559,0.334,0,-8.837,1,0.0585,0.8,0.0,0.147,0.546
47,False,0.642,0.642,2,-6.174,1,0.0339,0.362,0.0,0.379,0.502
21,False,0.277,0.938,0,-7.986,1,0.0704,0.0855,0.00565,0.129,0.193
43,False,0.824,0.828,11,-5.04,0,0.267,0.193,0.0,0.119,0.707
88,False,0.754,0.646,7,-5.795,1,0.317,0.152,1.85e-05,0.108,0.429
22,False,0.608,0.338,6,-17.962,0,0.926,0.916,2.24e-06,0.698,0.873
47,False,0.11,0.939,3,-3.975,0,0.104,0.000391,0.35,0.145,0.097
45,False,0.51,0.162,0,-13.51,1,0.0424,0.907,0.0,0.111,0.242
0,False,0.619,0.696,7,-6.263,0,0.0315,1.93e-05,0.00555,0.38,0.727
8,False,0.599,0.619,4,-8.495,0,0.257,0.291,0.0,0.631,0.603
46,False,0.769,0.718,0,-5.809,1,0.0241,0.234,0.0,0.168,0.725
29,False,0.519,0.212,11,-13.321,1,0.0277,0.85,0.0,0.133,0.31
57,False,0.276,0.259,2,-17.332,0,0.034,0.987,0.866,0.102,0.416
43,False,0.662,0.681,11,-10.138,1,0.0477,0.284,0.00148,0.0769,0.414
80,False,0.491,0.583,7,-10.964,1,0.0376,0.185,0.0,0.406,0.908
38,False,0.348,0.511,2,-9.779,1,0.0363,0.0304,0.0,0.919,0.16
29,False,0.653,0.574,6,-7.322,0,0.312,0.037,0.0,0.153,0.611
35,False,0.34,0.913,0,-4.682,1,0.0367,1.73e-06,1.04e-05,0.247,0.382
68,False,0.521,0.763,3,-4.693,1,0.0408,0.00835,0.0,0.155,0.197
41,False,0.613,0.878,4,-5.731,1,0.0313,0.00777,9.2e-05,0.168,0.902
3,False,0.347,0.118,4,-21.192,0,0.0416,0.967,0.0612,0.118,0.257
45,False,0.57,0.368,6,-7.521,1,0.0802,0.356,0.0,0.0976,0.598
12,False,0.23,0.947,1,-6.995,1,0.127,0.00136,0.924,0.282,0.332
1,False,0.71,0.625,6,-9.008,0,0.0295,0.029,1.1e-05,0.108,0.784
22,True,0.683,0.909,1,-6.075,1,0.924,0.772,0.0,0.764,0.385
7,False,0.79,0.804,11,-13.473,1,0.0749,0.766,0.939,0.102,0.402
0,False,0.208,0.0956,0,-21.139,1,0.0411,0.931,0.858,0.107,0.0342
1,False,0.78,0.856,8,-6.264,0,0.267,0.0233,0.0,0.0916,0.605
39,False,0.465,0.708,2,-10.568,1,0.0286,0.000239,7.57e-06,0.0872,0.685
38,False,0.803,0.654,0,-10.071,1,0.0468,0.00349,0.733,0.0859,0.435
53,False,0.687,0.63,2,-5.13,1,0.031,0.0576,0.0,0.257,0.548
40,False,0.31,0.386,9,-8.984,1,0.0283,0.714,0.0,0.962,0.137
0,False,0.553,0.337,10,-10.334,1,0.0303,0.818,0.0,0.113,0.664
20,False,0.493,0.687,1,-8.011,1,0.0989,0.0302,3.97e-05,0.639,0.152
66,False,0.465,0.813,7,-4.321,1,0.0841,0.00281,0.0,0.0464,0.614
8,False,0.352,0.144,9,-28.327,1,0.037,0.824,0.889,0.0789,0.0367
0,False,0.579,0.502,8,-7.57,1,0.0513,0.733,0.0,0.281,0.836
57,False,0.74,0.922,10,-7.719,0,0.0436,0.00616,0.691,0.149,0.54
0,False,0.524,0.614,0,-8.05,1,0.0363,0.202,0.0,0.0802,0.751
81,False,0.762,0.77,5,-2.758,1,0.223,0.138,0.0,0.15,0.631
21,False,0.574,0.654,7,-10.598,1,0.0292,0.914,0.244,0.306,0.76
74,False,0.603,0.148,7,-10.449,1,0.0279,0.927,0.0,0.101,0.228
21,False,0.328,0.246,7,-12.041,1,0.0434,0.369,0.00776,0.23,0.105
63,False,0.569,0.521,10,-10.183,0,0.0839,0.514,0.00469,0.0962,0.143
39,False,0.528,0.706,11,-7.784,0,0.0521,0.519,0.0967,0.139,0.245
20,False,0.709,0.594,8,-5.642,0,0.271,0.367,0.0227,0.0796,0.879
40,False,0.452,0.242,2,-16.941,1,0.0344,0.698,0.46,0.0942,0.347
43,False,0.563,0.563,9,-6.451,1,0.0328,0.753,0.0,0.0598,0.454
59,False,0.503,0.849,5,-2.709,1,0.0615,0.00428,0.0,0.0667,0.762
35,False,0.671,0.883,5,-3.269,0,0.0279,0.0882,0.0,0.299,0.644
0,False,0.688,0.812,2,-4.355,1,0.135,0.243,0.0,0.0742,0.834
10,False,0.774,0.657,6,-6.587,0,0.0817,0.469,0.586,0.584,0.815
56,False,0.452,0.962,11,-3.063,0,0.0831,0.00901,0.0,0.065,0.566
29,False,0.469,0.149,1,-23.247,1,0.0422,0.964,0.189,0.353,0.195
64,True,0.897,0.815,10,-4.227,0,0.212,0.159,0.0,0.0637,0.804
21,False,0.562,0.405,2,-11.091,0,0.0278,0.0545,1.29e-06,0.194,0.328
0,False,0.0816,0.76,2,-10.222,1,0.0698,0.427,0.655,0.399,0.0069
19,False,0.103,0.364,5,-21.217,1,0.0479,0.844,0.923,0.13,0.117
40,True,0.876,0.323,11,-10.539,1,0.521,0.222,0.00111,0.108,0.15
21,False,0.371,0.377,6,-9.774,0,0.0417,0.707,0.021,0.115,0.16
45,False,0.557,0.736,4,-4.75,0,0.031,0.19,1.06e-05,0.105,0.477
0,False,0.406,0.377,10,-11.717,1,0.0597,0.764,0.0,0.272,0.717
59,False,0.608,0.93,8,-3.97,1,0.0604,0.000561,0.00175,0.156,0.432
71,False,0.818,0.799,1,-4.1,0,0.156,0.00107,0.128,0.057,0.0815
41,False,0.67,0.466,4,-6.868,0,0.0363,0.53,0.0,0.0799,0.392
29,False,0.668,0.592,9,-13.028,1,0.0302,0.0542,8.03e-05,0.082,0.869
35,True,0.724,0.234,9,-13.595,1,0.0586,0.62,0.0,0.0992,0.686
61,False,0.675,0.5,10,-5.825,1,0.0258,0.3,0.0,0.312,0.773
33,False,0.577,0.513,0,-8.775,0,0.0414,0.664,2.27e-06,0.328,0.341
32,False,0.468,0.993,10,-24.274,0,0.0386,0.25,0.945,0.932,0.00964
49,False,0.316,0.802,9,-7.545,1,0.0485,0.604,1.04e-05,0.893,0.684
1,False,0.597,0.38,11,-9.514,0,0.0747,0.988,0.000231,0.194,0.732
31,False,0.245,0.974,1,-1.413,1,0.436,0.171,4.97e-05,0.35,0.162
42,False,0.693,0.296,0,-13.52,1,0.0704,0.741,0.0,0.0955,0.58
59,False,0.507,0.627,2,-6.804,1,0.125,0.556,0.0,0.229,0.371
9,False,0.591,0.545,11,-8.416,1,0.0623,0.872,0.764,0.147,0.712
19,False,0.159,0.931,3,-6.663,0,0.0836,4.16e-06,0.92,0.85,0.0458
0,False,0.677,0.506,9,-6.652,0,0.0964,0.345,0.0,0.118,0.497
37,False,0.247,0.94,0,-4.768,1,0.113,0.129,0.0,0.916,0.405
34,False,0.646,0.677,11,-7.288,1,0.0574,0.109,0.0,0.703,0.522
53,False,0.795,0.588,0,-6.413,1,0.0808,0.663,1.34e-06,0.194,0.26
28,False,0.432,0.0498,7,-17.124,0,0.0513,0.994,0.949,0.0932,0.0589
0,False,0.885,0.856,1,-5.396,1,0.0554,0.181,0.0367,0.092,0.9
78,True,0.668,0.902,2,-3.924,1,0.0386,0.169,8.74e-05,0.198,0.913
0,False,0.25,0.168,1,-16.789,0,0.0329,0.822,0.000135,0.136,0.141
50,False,0.344,0.672,6,-5.888,0,0.0586,0.00877,1.04e-06,0.196,0.133
51,False,0.754,0.828,1,-4.443,1,0.0355,0.0276,0.0266,0.0799,0.728
21,False,0.622,0.121,3,-22.338,1,0.0536,0.97,0.917,0.143,0.5
70,False,0.425,0.369,4,-11.876,1,0.0379,0.183,0.00126,0.112,0.65
40,False,0.685,0.534,1,-6.644,1,0.28,0.308,0.0,0.206,0.236
17,False,0.906,0.464,0,-6.764,1,0.0841,0.0063,0.0138,0.0872,0.754
39,False,0.817,0.579,0,-8.123,0,0.0527,0.628,0.0,0.068,0.911
24,False,0.707,0.848,0,-5.092,1,0.0374,0.0128,0.0,0.168,0.497
0,False,0.703,0.66,10,-5.119,0,0.123,0.137,0.0,0.192,0.79
42,False,0.238,0.766,9,-6.927,0,0.0341,0.0469,0.00409,0.184,0.135
0,False,0.389,0.206,5,-16.943,1,0.0354,0.948,0.344,0.0967,0.275
46,False,0.333,0.681,1,-7.894,1,0.0694,0.376,7.91e-06,0.157,0.43
0,False,0.577,0.995,1,-1.934,1,0.0856,0.225,0.0,0.388,0.795
76,False,0.507,0.729,11,-5.399,0,0.0393,0.0182,1.4e-06,0.0658,0.272
61,False,0.702,0.871,10,-6.728,0,0.0926,0.127,4.18e-05,0.0819,0.664
53,False,0.744,0.615,0,-8.756,1,0.0394,0.0103,0.00113,0.134,0.444
59,False,0.265,0.58,9,-4.767,0,0.0491,0.491,0.0,0.243,0.345
0,True,0.682,0.633,4,-6.213,1,0.239,0.307,0.0328,0.112,0.601
23,False,0.689,0.854,8,-4.788,0,0.0334,0.0168,0.00146,0.104,0.632
62,False,0.504,0.056,9,-24.25,1,0.0478,0.992,0.963,0.11,0.337
8,False,0.661,0.517,5,-16.147,0,0.0415,0.105,0.755,0.235,0.296
50,False,0.642,0.251,1,-13.259,1,0.0633,0.943,0.0013,0.265,0.111
33,False,0.786,0.723,7,-8.337,1,0.0437,0.000919,0.862,0.23,0.0342
26,False,0.221,0.954,1,-4.46,1,0.125,0.000329,8.97e-06,0.215,0.331
0,False,0.499,0.295,5,-11.782,1,0.0287,0.794,0.0,0.0829,0.323
41,False,0.532,0.413,4,-13.833,1,0.0418,0.744,0.0166,0.229,0.798
48,False,0.627,0.408,5,-9.87,1,0.052,0.626,0.0,0.315,0.337
58,False,0.377,0.858,11,-4.9,0,0.148,0.134,0.00185,0.0985,0.117
38,False,0.626,0.801,0,-5.124,0,0.036,0.123,1.15e-05,0.526,0.754
69,False,0.679,0.762,10,-4.253,0,0.0316,0.00469,0.23,0.0446,0.511
16,False,0.315,0.955,1,-5.02,0,0.194,1.42e-05,0.0648,0.512,0.316
48,False,0.591,0.647,4,-8.34,1,0.0277,0.067,6.57e-05,0.231,0.678
26,False,0.464,0.791,6,-4.34,1,0.0497,1.21e-05,0.244,0.102,0.7
31,False,0.767,0.904,9,-3.443,1,0.0655,0.306,0.0096,0.0636,0.962
63,False,0.567,0.526,8,-5.029,1,0.0251,0.153,2.34e-06,0.103,0.231
44,False,0.798,0.657,4,-6.435,0,0.0537,0.0162,8.89e-05,0.196,0.209
0,False,0.543,0.999,7,-0.918,1,0.18,0.0865,0.00042,0.368,0.0466
48,False,0.442,0.6,2,-5.845,1,0.0306,0.535,0.0,0.127,0.157
0,False,0.524,0.614,0,-8.05,1,0.0363,0.202,0.0,0.0802,0.751
58,False,0.454,0.143,6,-26.672,0,0.0558,0.959,0.958,0.111,0.235
21,False,0.398,0.33,1,-14.102,1,0.0665,0.806,0.000768,0.0834,0.435
55,False,0.739,0.548,2,-11.073,0,0.0367,0.129,0.867,0.109,0.175
2,False,0.168,0.0442,11,-18.784,1,0.0371,0.908,0.914,0.694,0.0384
19,False,0.631,0.261,2,-8.626,0,0.173,0.992,9.29e-05,0.0976,0.623
0,False,0.513,0.296,7,-15.81,1,0.0496,0.99,0.803,0.158,0.804
65,False,0.719,0.935,7,-3.752,1,0.0589,0.167,0.0,0.0973,0.738
46,False,0.333,0.681,1,-7.894,1,0.0694,0.376,7.91e-06,0.157,0.43
58,False,0.529,0.307,9,-8.24,1,0.0335,0.851,0.0,0.104,0.439
13,False,0.345,0.995,2,-6.741,1,0.127,0.000491,0.928,0.288,0.0696
66,False,0.636,0.702,0,-5.352,0,0.0334,0.0223,0.0,0.293,0.516
56,False,0.703,0.284,8,-12.47,1,0.0787,0.885,0.000997,0.111,0.0979
42,True,0.843,0.435,4,-14.406,0,0.137,0.0599,3.94e-06,0.0645,0.147
55,False,0.328,0.937,1,-2.249,0,0.36,0.00528,5.73e-05,0.365,0.514
0,False,0.787,0.749,8,-10.028,1,0.0579,0.448,0.00147,0.146,0.737
0,False,0.223,0.91,7,-7.097,1,0.08,0.0116,0.000518,0.212,0.364
74,False,0.498,0.83,6,-5.157,0,0.0421,0.00461,0.0,0.139,0.453
20,False,0.53,0.94,4,-3.873,1,0.0445,0.0168,2.31e-05,0.128,0.582
0,False,0.611,0.519,1,-9.854,1,0.035,0.481,4.82e-06,0.107,0.462
48,False,0.521,0.507,7,-7.007,1,0.0319,0.0162,4.43e-05,0.148,0.153
54,False,0.706,0.21,1,-21.867,0,0.0604,0.737,0.817,0.0938,0.246
48,False,0.515,0.53,10,-8.767,1,0.0444,0.197,0.00012,0.108,0.0764
0,False,0.169,0.0413,3,-27.419,1,0.0474,0.994,0.958,0.12,0.0431
24,False,0.678,0.884,1,-5.032,1,0.101,5.21e-05,1.14e-05,0.143,0.458
39,False,0.716,0.881,2,-5.879,1,0.0935,0.0434,0.0,0.0383,0.962
50,False,0.689,0.874,9,-5.275,0,0.0464,0.0816,0.129,0.272,0.961
45,False,0.687,0.45,0,-10.871,0,0.128,0.799,1.37e-05,0.411,0.934
3,False,0.716,0.511,1,-6.257,1,0.0332,0.483,0.0,0.0928,0.324
0,False,0.751,0.379,2,-3.406,1,0.123,0.698,0.0,0.0464,0.801
27,False,0.797,0.673,0,-7.691,1,0.0745,0.175,0.00617,0.132,0.429
20,False,0.437,0.885,7,-6.89,1,0.0377,3.71e-05,0.00795,0.137,0.443
21,False,0.121,0.955,9,-6.765,1,0.0633,0.0,0.87,0.109,0.0518
14,False,0.538,0.79,11,-7.243,1,0.0718,0.178,0.0,0.29,0.803
36,False,0.494,0.45,2,-8.072,1,0.0687,0.622,0.0,0.242,0.368
63,True,0.489,0.987,11,-4.57,0,0.0806,7.62e-05,0.0,0.788,0.297
0,True,0.497,0.353,7,-9.641,1,0.108,0.125,0.0,0.0785,0.169
74,False,0.583,0.732,11,-5.728,0,0.0457,0.00312,9.86e-06,0.269,0.276
21,False,0.377,0.0562,7,-16.777,1,0.0341,0.967,0.934,0.141,0.445
23,False,0.721,0.363,5,-11.557,0,0.0341,0.699,0.905,0.107,0.647
1,False,0.567,0.92,1,-5.669,1,0.0483,0.468,4.04e-05,0.28,0.9
8,False,0.854,0.667,10,-12.485,0,0.118,0.00798,0.937,0.0584,0.552
47,False,0.747,0.668,7,-8.844,0,0.0505,0.314,0.934,0.0522,0.679
40,False,0.769,0.743,0,-4.808,1,0.0445,0.128,0.0,0.17,0.961
35,False,0.401,0.989,11,-2.953,1,0.448,0.136,0.0,0.088,0.533
23,False,0.54,0.387,0,-10.584,1,0.0278,0.588,7.45e-05,0.105,0.189
57,False,0.557,0.429,6,-10.266,1,0.189,0.387,0.000478,0.192,0.596
80,False,0.421,0.873,10,-4.343,1,0.0564,0.0654,0.0,0.123,0.629
12,False,0.778,0.932,6,-3.823,1,0.0431,0.000543,0.665,0.093,0.468
33,False,0.356,0.935,2,-5.864,0,0.101,0.00023,2.1e-05,0.214,0.512
25,False,0.531,0.911,0,-3.093,1,0.0472,0.156,0.0,0.415,0.559
68,False,0.239,0.287,7,-12.565,0,0.0388,0.876,0.644,0.122,0.185
59,False,0.165,0.0386,4,-30.602,0,0.04,0.904,0.869,0.107,0.0451
21,False,0.883,0.277,7,-9.518,0,0.0606,0.811,0.00015,0.0808,0.628
8,False,0.623,0.696,4,-8.837,0,0.0561,0.00157,0.628,0.341,0.138
11,False,0.165,0.997,9,-1.8,0,0.236,0.00222,0.857,0.222,0.0383
63,False,0.651,0.7,1,-4.264,0,0.0318,0.352,0.0,0.061,0.214
34,False,0.571,0.831,0,-7.647,1,0.0605,0.759,0.0,0.415,0.884
14,False,0.326,0.879,3,-14.048,1,0.0671,6.19e-06,0.732,0.223,0.304
30,False,0.664,0.906,9,-8.509,0,0.0737,0.000366,0.902,0.126,0.0765
60,False,0.684,0.481,2,-12.59,1,0.0384,0.475,6.57e-05,0.118,0.784
12,False,0.659,0.305,2,-14.039,1,0.0269,0.584,0.000824,0.106,0.586
63,False,0.343,0.884,5,-4.123,0,0.128,0.623,0.000623,0.497,0.94
53,False,0.69,0.78,5,-4.446,0,0.0594,0.00733,0.00183,0.0729,0.238
0,False,0.679,0.764,6,-5.301,1,0.0391,0.031,9.05e-06,0.0951,0.471
27,False,0.461,0.575,0,-7.044,1,0.0302,0.754,0.0434,0.315,0.614
39,False,0.42,0.174,2,-15.309,0,0.137,0.9,0.0,0.376,0.135
8,False,0.624,0.759,2,-8.262,1,0.0398,0.000746,0.477,0.109,0.293
20,False,0.307,0.401,1,-10.693,1,0.0317,0.822,2.08e-05,0.16,0.197
0,False,0.715,0.782,1,-7.787,1,0.0391,0.0418,0.0228,0.233,0.623
0,False,0.509,0.261,4,-8.962,0,0.0513,0.977,0.00285,0.109,0.173
22,False,0.627,0.374,0,-13.446,0,0.0738,0.99,0.906,0.135,0.688
52,False,0.572,0.317,0,-9.108,1,0.0241,0.705,0.00385,0.528,0.38
66,False,0.433,0.174,5,-18.791,0,0.0537,0.982,0.101,0.111,0.366
63,False,0.486,0.963,0,-5.586,0,0.129,0.248,2.39e-06,0.158,0.533
0,False,0.684,0.487,5,-5.887,1,0.0367,0.495,4.57e-06,0.0821,0.456
44,False,0.687,0.327,10,-7.459,1,0.039,0.516,0.0,0.0908,0.793
72,False,0.508,0.33,4,-14.071,1,0.0265,0.259,0.154,0.114,0.101
61,False,0.765,0.555,10,-7.579,0,0.374,0.409,2.04e-06,0.073,0.828
25,False,0.509,0.511,0,-10.719,0,0.0293,0.626,8.46e-06,0.365,0.799
50,False,0.554,0.648,1,-5.35,1,0.0297,0.666,0.0,0.105,0.413
29,False,0.699,0.964,5,-4.223,1,0.035,0.001,0.771,0.187,0.404
26,False,0.637,0.974,8,-3.238,1,0.244,0.135,0.0,0.0929,0.588
44,False,0.73,0.396,0,-7.382,1,0.0277,0.657,0.000447,0.297,0.681
80,False,0.396,0.293,2,-14.062,1,0.0275,0.941,0.000196,0.105,0.343
35,False,0.542,0.632,0,-6.544,1,0.056,0.485,0.0,0.0705,0.804
0,False,0.826,0.932,7,-4.057,1,0.0692,0.00328,0.66,0.0306,0.443
36,False,0.432,0.701,1,-6.181,1,0.0474,0.0202,0.0,0.151,0.169
38,False,0.771,0.674,9,-5.821,0,0.0468,0.0995,1.47e-06,0.113,0.138
49,False,0.755,0.784,7,-5.899,1,0.0319,0.26,0.0,0.284,0.491
26,False,0.792,0.818,5,-5.783,1,0.0406,0.00787,0.014,0.0716,0.742
0,False,0.357,0.0147,5,-22.524,0,0.0479,0.985,0.000447,0.0584,0.11
22,False,0.443,0.521,10,-16.134,1,0.935,0.664,0.0,0.903,0.344
1,False,0.798,0.625,4,-6.83,1,0.13,0.383,3.33e-05,0.125,0.774
40,False,0.368,0.754,1,-5.185,1,0.0502,0.00928,0.0,0.256,0.281
42,False,0.739,0.726,11,-6.384,0,0.192,0.285,0.0,0.108,0.58
41,False,0.462,0.638,7,-5.653,1,0.0271,0.248,1.26e-06,0.0697,0.482
46,False,0.617,0.789,11,-7.891,0,0.029,0.000185,0.000174,0.0909,0.934
49,False,0.308,0.302,7,-7.874,1,0.0343,0.86,0.0,0.121,0.425
0,True,0.609,0.948,9,-4.938,1,0.113,0.00404,0.0978,0.042,0.786
53,False,0.555,0.954,5,-1.064,1,0.0849,0.000597,0.276,0.0292,0.4
40,False,0.485,0.939,0,-3.964,0,0.0887,0.483,0.0,0.867,0.666
55,False,0.723,0.647,5,-7.975,0,0.103,0.02,0.331,0.1,0.456
45,False,0.716,0.494,4,-14.118,1,0.0288,0.62,1.28e-05,0.303,0.805
39,False,0.524,0.636,0,-7.238,0,0.034,0.782,0.0535,0.0662,0.827
58,False,0.468,0.501,11,-10.841,1,0.03,0.752,1.21e-05,0.108,0.544
43,False,0.551,0.982,8,-1.265,1,0.139,9.38e-06,0.877,0.19,0.175
9,False,0.751,0.606,4,-5.188,1,0.0537,0.534,0.0319,0.347,0.131
18,False,0.7,0.933,5,-4.084,1,0.0605,0.166,0.195,0.0501,0.863
16,False,0.702,0.744,4,-8.701,1,0.0335,0.258,0.898,0.117,0.115
51,False,0.507,0.832,5,-7.707,1,0.0467,0.0149,7e-06,0.429,0.553
66,False,0.303,0.349,11,-15.52,1,0.208,0.758,0.000169,0.363,0.337
39,False,0.619,0.802,11,-5.319,1,0.0974,0.438,0.0,0.32,0.93
25,False,0.275,0.949,9,-7.404,1,0.0953,0.00139,0.013,0.304,0.421
61,False,0.677,0.703,9,-9.344,1,0.0344,0.143,6.96e-05,0.514,0.962
66,False,0.592,0.911,9,-7.975,1,0.0659,0.00608,0.0123,0.223,0.211
26,False,0.731,0.726,1,-6.629,1,0.033,0.824,0.69,0.23,0.63
42,False,0.711,0.873,0,-2.896,0,0.0458,0.419,0.0,0.347,0.886
0,False,0.635,0.393,9,-10.889,1,0.0394,0.652,0.0,0.0845,0.97
16,False,0.0679,0.917,9,-6.398,1,0.0686,1.51e-06,0.000689,0.211,0.194
73,False,0.578,0.756,2,-5.82,1,0.115,0.157,0.000232,0.249,0.663
34,False,0.607,0.799,9,-3.511,1,0.0418,0.0328,0.044,0.355,0.247
28,False,0.651,0.425,3,-6.002,1,0.0309,0.879,4.54e-06,0.156,0.302
39,False,0.672,0.757,10,-6.471,1,0.162,0.147,0.0,0.339,0.712
25,False,0.224,0.995,0,-2.532,0,0.22,4.23e-05,0.00231,0.34,0.115
28,False,0.764,0.651,10,-8.043,0,0.0813,0.407,0.0,0.199,0.475
36,False,0.546,0.464,9,-18.492,0,0.0638,0.00383,8.78e-06,0.224,0.731
14,False,0.638,0.892,4,-4.631,0,0.0616,0.00115,0.807,0.328,0.118
35,False,0.424,0.875,11,-6.162,0,0.261,0.0028,0.0,0.603,0.641
65,True,0.776,0.353,4,-8.317,0,0.0687,0.435,0.0,0.302,0.658
37,False,0.448,0.736,9,-5.016,1,0.0523,0.0881,0.0,0.0621,0.75
0,False,0.488,0.627,9,-7.266,0,0.0295,0.429,0.000133,0.114,0.482
21,False,0.792,0.854,7,-6.17,1,0.105,0.116,4.02e-06,0.108,0.829
23,False,0.737,0.836,5,-8.039,0,0.0442,0.379,4.57e-06,0.305,0.853
75,False,0.656,0.932,4,-3.405,0,0.0708,0.00347,0.00147,0.144,0.544
61,False,0.488,0.922,10,-2.542,0,0.0978,0.0306,0.0,0.374,0.52
26,True,0.417,0.929,6,-3.675,1,0.225,0.00711,0.0,0.658,0.402
55,False,0.441,0.753,0,-4.074,1,0.044,0.0701,0.0,0.027,0.254
0,False,0.553,0.337,10,-10.334,1,0.0303,0.818,0.0,0.113,0.664
39,False,0.415,0.693,9,-4.664,1,0.0318,0.027,0.0,0.183,0.572
68,False,0.197,0.956,10,-2.908,0,0.0663,7.61e-05,0.00992,0.261,0.209
76,False,0.74,0.848,2,-4.697,1,0.097,0.306,0.0,0.193,0.881
36,False,0.493,0.945,8,-2.837,1,0.0501,0.311,0.0,0.528,0.947
25,False,0.324,0.149,5,-18.318,1,0.051,0.976,1.33e-05,0.136,0.154
20,False,0.409,0.984,0,-3.749,1,0.0914,0.00266,0.000375,0.188,0.355
64,False,0.816,0.8,10,-5.705,0,0.0738,0.028,7.38e-05,0.129,0.533
0,False,0.365,0.134,7,-38.409,1,0.59,0.871,0.126,0.118,0.175
65,False,0.858,0.833,5,-3.747,0,0.0471,0.375,0.0,0.112,0.693
59,False,0.635,0.385,6,-11.621,1,0.0341,0.39,0.783,0.0993,0.117
57,False,0.635,0.35,7,-10.591,1,0.0284,0.754,0.0,0.0743,0.307
26,False,0.392,0.78,7,-4.328,1,0.0526,0.15,0.0,0.262,0.466
32,False,0.656,0.642,9,-10.186,0,0.0722,0.483,1.36e-05,0.317,0.62
14,False,0.816,0.429,7,-6.386,1,0.206,0.128,0.0,0.0479,0.971
22,False,0.511,0.33,2,-7.122,1,0.0585,0.609,0.846,0.0982,0.259
66,False,0.768,0.806,8,-6.277,1,0.0517,0.376,1.65e-06,0.0787,0.925
2,False,0.486,0.978,8,-2.591,1,0.0934,0.0005,0.0,0.203,0.397
46,False,0.285,0.694,11,-3.358,1,0.0482,0.511,0.000128,0.374,0.163
0,False,0.65,0.736,0,-5.222,1,0.0378,0.122,0.0,0.0998,0.595
0,False,0.711,0.958,1,-1.95,1,0.0609,0.0799,0.0,0.361,0.816
0,False,0.696,0.343,7,-11.596,0,0.0376,0.707,0.000119,0.107,0.38
40,False,0.512,0.598,0,-5.868,1,0.0628,0.569,0.0,0.297,0.747
31,False,0.604,0.966,1,-3.054,1,0.0557,0.0669,0.00137,0.437,0.145
45,False,0.478,0.347,0,-7.43,1,0.0261,0.0672,0.0,0.0838,0.28
54,False,0.57,0.778,0,-4.723,0,0.0384,0.179,1.36e-06,0.227,0.493
55,False,0.571,0.196,3,-13.216,1,0.0278,0.811,0.0,0.142,0.555
29,False,0.596,0.529,7,-8.958,1,0.0327,0.0276,0.00187,0.0811,0.535
37,False,0.308,0.478,7,-10.344,0,0.0323,0.445,0.307,0.257,0.0637
45,False,0.623,0.798,1,-5.027,1,0.126,0.673,0.0,0.0461,0.9
18,False,0.72,0.7,11,-9.867,0,0.0361,0.724,0.81,0.0979,0.861
24,False,0.712,0.301,2,-9.028,0,0.0307,0.931,0.444,0.0802,0.167
55,False,0.487,0.718,7,-4.066,0,0.0341,0.175,1.14e-06,0.097,0.187
60,False,0.34,0.606,4,-8.517,1,0.0379,0.798,0.00205,0.0963,0.268
19,False,0.79,0.973,1,0.082,1,0.147,0.03,1.92e-05,0.262,0.759
59,True,0.709,0.716,2,-4.644,1,0.246,0.129,0.0,0.243,0.608
41,False,0.323,0.294,0,-13.657,1,0.035,0.786,0.0,0.118,0.193
37,False,0.639,0.868,4,-2.974,0,0.0714,0.0648,0.0,0.169,0.708
11,False,0.919,0.512,5,-9.73,0,0.237,0.388,0.00289,0.0472,0.903
54,False,0.573,0.747,0,-7.095,0,0.0761,0.695,1.05e-05,0.103,0.632
50,False,0.725,0.855,1,-9.101,0,0.0435,0.0017,0.921,0.076,0.123
23,False,0.688,0.325,0,-14.68,1,0.0462,0.981,0.65,0.725,0.812
35,False,0.575,0.465,7,-8.745,1,0.0361,0.275,0.0,0.12,0.872
0,False,0.358,0.243,0,-14.29,0,0.0369,0.755,0.000157,0.113,0.22
40,False,0.856,0.854,5,-5.351,1,0.0815,0.13,0.0178,0.105,0.842
19,False,0.521,0.363,8,-6.655,1,0.032,0.26,0.0,0.132,0.172
19,False,0.607,0.947,1,-6.687,1,0.0629,0.00093,0.31,0.267,0.196
66,False,0.352,0.0464,1,-27.631,1,0.0307,0.973,0.879,0.107,0.339
60,False,0.736,0.439,9,-6.436,1,0.0272,0.256,0.0,0.143,0.812
44,False,0.4,0.742,0,-5.335,1,0.0453,0.000545,5.39e-05,0.101,0.366
14,False,0.933,0.361,9,-14.342,1,0.174,0.0163,2.23e-05,0.108,0.208
38,False,0.787,0.684,8,-9.148,1,0.07,0.761,0.0,0.0709,0.962
16,False,0.528,0.493,6,-7.262,0,0.0501,0.708,0.121,0.148,0.669
1,False,0.748,0.841,7,-5.08,1,0.177,0.00445,1.33e-06,0.0413,0.717
23,False,0.515,0.956,0,-5.878,0,0.0802,0.0141,0.116,0.0558,0.468
16,False,0.639,0.843,9,-5.857,0,0.0522,3.92e-05,0.0258,0.0519,0.584
18,False,0.804,0.621,0,-8.287,1,0.0444,0.00923,0.862,0.129,0.677
0,True,0.879,0.757,9,-1.184,1,0.314,0.0926,0.0,0.0819,0.876
57,False,0.716,0.29,9,-12.098,1,0.0332,0.634,7.3e-05,0.0987,0.281
39,False,0.645,0.698,10,-6.177,1,0.0433,0.238,0.0,0.0545,0.967
61,False,0.592,0.956,0,-2.068,0,0.044,0.105,0.00289,0.344,0.193
0,False,0.666,0.921,9,-5.462,1,0.138,0.226,0.0,0.15,0.723
80,False,0.845,0.776,11,-3.098,0,0.0488,0.111,0.0321,0.0684,0.528
68,False,0.625,0.165,4,-14.581,1,0.0354,0.835,1.11e-06,0.105,0.419
20,True,0.138,0.969,11,-3.603,0,0.134,3.48e-05,0.691,0.318,0.0465
23,False,0.617,0.605,5,-7.916,1,0.0299,0.494,0.02,0.0597,0.463
38,False,0.513,0.935,10,-8.141,0,0.0611,4.49e-05,0.834,0.0562,0.6
32,False,0.429,0.959,10,-3.214,1,0.0905,0.037,0.000193,0.0474,0.651
58,False,0.38,0.951,1,-2.92,1,0.147,0.00282,0.0,0.0536,0.664
57,False,0.669,0.866,2,-6.628,1,0.0499,0.0589,0.0,0.0463,0.288
62,False,0.549,0.923,1,-3.857,1,0.0393,0.0295,8.76e-05,0.14,0.498
83,True,0.833,0.434,2,-8.795,1,0.431,0.0102,0.0219,0.165,0.281
43,False,0.647,0.459,2,-6.737,0,0.0331,0.586,0.0,0.19,0.201
36,False,0.688,0.864,10,-4.957,0,0.151,0.269,0.000172,0.0357,0.667
53,False,0.55,0.499,4,-9.502,1,0.0338,0.472,2.26e-06,0.0798,0.144
2,False,0.424,0.774,1,-4.35,1,0.0359,0.0573,8.54e-06,0.0854,0.346
40,False,0.651,0.848,2,-4.843,1,0.0289,0.00963,2.15e-05,0.224,0.662
23,False,0.403,0.962,9,-3.726,1,0.0868,0.00158,0.0,0.301,0.664
7,False,0.516,0.833,9,-7.09,1,0.0331,0.0707,8.77e-06,0.258,0.802
45,False,0.767,0.78,2,-5.347,1,0.0314,0.426,0.0,0.3,0.917
16,False,0.333,0.985,6,-1.844,0,0.471,0.00447,0.0,0.241,0.0583
26,False,0.156,0.22,9,-15.341,0,0.0353,0.739,0.951,0.253,0.039
23,False,0.571,0.456,9,-10.286,0,0.0363,0.139,2.66e-06,0.0566,0.421
61,False,0.262,0.867,8,-4.472,1,0.0481,0.00216,0.00173,0.0858,0.485
23,False,0.698,0.814,5,-12.645,1,0.9,0.988,3.25e-06,0.736,0.157
0,False,0.684,0.762,0,-5.147,1,0.0564,0.419,0.0,0.0759,0.905
69,False,0.548,0.728,1,-6.631,0,0.0367,0.424,0.0,0.0525,0.649
54,False,0.648,0.716,10,-6.657,0,0.0401,0.0577,2.16e-05,0.09,0.287
29,False,0.615,0.0679,9,-19.098,1,0.0608,0.987,0.887,0.0951,0.313
45,False,0.805,0.721,4,-4.766,1,0.0295,0.555,0.0,0.28,0.954
0,False,0.823,0.744,0,-13.98,1,0.0316,0.0055,0.033,0.0707,0.966
45,False,0.56,0.67,7,-8.81,1,0.0746,0.597,0.0,0.36,0.589
0,False,0.68,0.884,1,-5.146,0,0.0501,0.000408,0.00304,0.0738,0.827
22,False,0.442,0.0909,9,-17.368,1,0.0327,0.888,0.00264,0.0983,0.23
46,False,0.767,0.431,8,-12.553,0,0.0754,0.436,0.0247,0.0812,0.473
47,False,0.513,0.185,6,-24.03,1,0.0348,0.967,0.897,0.101,0.0341
29,False,0.562,0.366,8,-12.8,1,0.118,0.712,0.0,0.0899,0.366
0,False,0.37,0.993,7,-4.465,1,0.131,7.84e-05,0.00622,0.127,0.0398
24,False,0.234,0.112,5,-28.132,1,0.0449,0.994,0.903,0.14,0.769
25,False,0.628,0.447,2,-9.824,1,0.0266,0.485,5.65e-05,0.12,0.488
20,False,0.46,0.324,1,-15.704,1,0.0309,0.421,0.132,0.93,0.277
38,False,0.347,0.114,0,-24.026,1,0.0437,0.992,0.955,0.171,0.103
28,False,0.598,0.902,6,-3.537,0,0.0841,0.257,0.0,0.35,0.952
39,False,0.169,0.167,7,-18.586,1,0.036,0.589,0.74,0.0902,0.0377
68,False,0.46,0.566,9,-5.637,1,0.0502,0.239,5.96e-06,0.0967,0.189
68,False,0.775,0.272,1,-9.126,0,0.091,0.56,0.00278,0.112,0.198
27,False,0.814,0.74,0,-5.738,1,0.145,0.165,0.0,0.111,0.7
48,False,0.781,0.528,7,-13.271,1,0.0425,0.169,0.84,0.113,0.267
24,False,0.58,0.357,9,-7.715,0,0.0957,0.856,0.834,0.121,0.337
40,False,0.652,0.73,9,-4.669,1,0.0375,0.375,3.89e-06,0.463,0.468
0,False,0.0,0.572,8,-16.286,1,0.0,0.872,0.000175,0.119,0.0
0,False,0.887,0.863,2,-4.2,1,0.0697,0.0176,0.0594,0.288,0.517
50,False,0.225,0.937,0,-4.596,1,0.124,9.51e-05,0.163,0.119,0.351
7,False,0.793,0.58,10,-12.653,0,0.0559,0.0111,0.911,0.107,0.325
39,False,0.559,0.474,0,-6.359,1,0.0287,0.231,0.0,0.105,0.399
23,False,0.527,0.82,4,-5.49,0,0.0338,0.00157,0.197,0.347,0.748
26,False,0.284,0.147,0,-17.561,0,0.0359,0.92,0.0215,0.105,0.259
57,False,0.356,0.995,4,-3.366,0,0.172,3.26e-06,0.000196,0.403,0.167
5,False,0.522,0.321,5,-11.632,0,0.138,0.936,0.0,0.0937,0.718
29,False,0.486,0.898,2,-6.411,0,0.0418,0.52,8.35e-05,0.292,0.96
0,False,0.344,0.2,10,-15.859,1,0.034,0.785,0.162,0.374,0.049
0,True,0.674,0.86,8,-3.318,1,0.0369,0.155,3.21e-06,0.359,0.771
58,False,0.741,0.893,0,-2.549,0,0.0384,0.0435,3.19e-05,0.0371,0.733
1,False,0.343,0.954,7,-4.799,1,0.13,0.0604,1.24e-05,0.222,0.341
90,False,0.829,0.799,9,-5.389,1,0.0897,0.0151,0.000543,0.242,0.471
11,False,0.835,0.698,1,-5.339,0,0.1,0.0556,3.33e-05,0.215,0.435
71,False,0.533,0.905,2,-5.27,1,0.0754,0.00876,0.578,0.0698,0.486
30,False,0.867,0.636,7,-7.509,1,0.294,0.000778,0.0,0.244,0.697
83,False,0.577,0.941,1,-5.17,1,0.105,0.00207,3.36e-06,0.0891,0.292
52,True,0.577,0.733,1,-8.048,1,0.0688,0.0879,0.0,0.108,0.585
74,False,0.553,0.853,8,-3.668,1,0.0339,0.000684,0.0,0.126,0.506
11,False,0.229,0.995,1,-4.231,1,0.198,1.31e-06,4.55e-05,0.478,0.0821
0,False,0.0713,0.00696,3,-39.507,1,0.0405,0.994,0.915,0.071,0.0977
41,False,0.424,0.959,11,-4.699,0,0.0473,0.000119,0.909,0.277,0.612
43,False,0.725,0.766,7,-9.51,1,0.0908,0.0196,0.0,0.0335,0.931
70,False,0.504,0.354,4,-11.3,1,0.0339,0.29,4.71e-06,0.157,0.292
75,False,0.484,0.75,1,-4.176,1,0.0685,0.697,0.862,0.105,0.467
11,False,0.79,0.756,7,-7.042,1,0.0894,0.000185,0.81,0.0882,0.116
72,False,0.396,0.338,0,-10.872,1,0.0304,0.198,2.62e-06,0.138,0.377
53,False,0.374,0.414,2,-7.161,1,0.0344,0.0549,0.0,0.112,0.196
28,False,0.44,0.634,2,-8.592,1,0.0289,0.246,0.0,0.689,0.493
0,False,0.636,0.937,9,-3.94,1,0.044,0.00117,0.000223,0.54,0.395
50,False,0.77,0.673,1,-5.466,1,0.0535,0.0273,0.0,0.425,0.569
57,False,0.549,0.24,0,-7.778,1,0.0338,0.947,0.0,0.106,0.167
0,False,0.558,0.633,9,-9.875,0,0.0551,0.0462,0.862,0.0964,0.425
0,False,0.899,0.626,6,-4.228,0,0.292,0.076,0.0,0.0631,0.873
49,False,0.668,0.875,4,-3.963,1,0.0447,0.0428,0.0,0.379,0.934
32,False,0.628,0.996,1,-2.53,1,0.106,0.0939,0.0123,0.0906,0.362
33,False,0.868,0.195,9,-17.757,0,0.459,0.87,1.59e-05,0.0987,0.839
39,True,0.813,0.782,9,-5.982,0,0.247,0.274,0.0,0.339,0.423
62,False,0.528,0.973,11,-3.798,0,0.106,0.000661,0.0,0.363,0.473
14,False,0.768,0.92,1,-6.656,0,0.0442,0.00611,0.592,0.0498,0.834
15,False,0.54,0.173,6,-9.303,1,0.0336,0.829,0.0,0.137,0.48
61,False,0.0881,0.00356,5,-33.389,1,0.0435,0.985,0.964,0.149,0.0514
51,False,0.393,0.951,3,-5.345,1,0.054,3.09e-05,0.00986,0.37,0.324
34,False,0.304,0.999,6,-22.221,0,0.0969,0.432,0.913,0.979,1e-05
0,False,0.384,0.448,5,-7.397,1,0.043,0.9,0.0561,0.114,0.27
29,False,0.583,0.924,2,-8.277,1,0.0314,0.042,0.00531,0.355,0.817
50,False,0.825,0.625,7,-7.235,1,0.0672,0.0202,0.0,0.217,0.86
0,False,0.25,0.228,3,-14.186,1,0.0364,0.811,0.000166,0.199,0.198
73,False,0.331,0.45,10,-5.362,1,0.034,0.365,0.00464,0.22,0.18
59,False,0.667,0.635,6,-5.924,1,0.0365,0.0534,0.0,0.0963,0.217
60,False,0.615,0.88,5,-3.717,1,0.0355,0.000376,0.000966,0.046,0.43
45,False,0.403,0.77,8,-6.787,0,0.0434,0.195,0.0,0.151,0.428
19,False,0.609,0.426,9,-8.544,1,0.0574,0.763,0.302,0.117,0.606
60,False,0.711,0.673,5,-5.89,0,0.0336,0.25,0.0,0.214,0.393
52,False,0.646,0.57,0,-8.964,0,0.0265,0.559,0.868,0.0968,0.473
0,False,0.341,0.0617,8,-21.877,1,0.05,0.986,0.0,0.093,0.191
14,False,0.821,0.468,10,-11.335,0,0.131,0.502,0.0443,0.105,0.853
14,False,0.304,0.86,7,-7.995,1,0.0743,0.0013,0.928,0.261,0.557
40,False,0.652,0.894,1,-6.71,1,0.0603,0.00436,0.21,0.337,0.197
46,False,0.511,0.766,2,-7.403,1,0.0359,0.109,2.54e-05,0.72,0.331
38,False,0.491,0.355,9,-14.066,1,0.0331,0.404,0.0426,0.388,0.43
21,False,0.464,0.839,0,-4.889,0,0.0429,0.00117,0.208,0.445,0.226
21,False,0.404,0.961,10,-6.053,0,0.0652,6.73e-05,0.707,0.0677,0.296
15,False,0.539,0.831,2,-6.177,1,0.0585,0.0471,0.772,0.157,0.15
64,False,0.874,0.908,6,-3.573,0,0.0593,0.00839,0.0891,0.343,0.905
1,False,0.685,0.886,9,-10.653,1,0.0323,0.0328,0.0,0.0362,0.819
59,False,0.699,0.8,5,-4.717,0,0.0901,0.016,1.19e-06,0.0906,0.561
31,False,0.746,0.96,10,-3.229,0,0.0631,0.0121,0.0,0.293,0.744
1,False,0.609,0.247,7,-9.038,1,0.0425,0.961,2.41e-06,0.219,0.485
0,False,0.535,0.831,11,-5.961,0,0.0524,0.00347,4.5e-05,0.0835,0.289
54,False,0.504,0.847,7,-6.81,0,0.0442,0.00434,0.0,0.816,0.28
35,False,0.54,0.777,4,-8.405,0,0.0294,0.217,0.0146,0.083,0.712
48,True,0.767,0.577,3,-6.233,0,0.0835,0.132,0.0,0.108,0.435
68,False,0.702,0.912,9,-8.687,0,0.0652,0.0773,0.309,0.0926,0.957
71,False,0.704,0.563,4,-4.739,0,0.0297,0.594,0.0,0.133,0.0739
48,True,0.624,0.589,2,-6.669,1,0.281,0.302,0.0,0.124,0.78
21,False,0.299,0.268,4,-14.716,0,0.0319,0.806,0.000475,0.151,0.299
0,False,0.438,0.178,5,-9.402,1,0.0414,0.957,1.1e-06,0.316,0.344
25,False,0.231,0.865,4,-5.56,1,0.0563,0.000971,4.99e-05,0.0836,0.482
47,False,0.322,0.378,2,-8.655,0,0.0304,0.512,0.22,0.169,0.107
0,False,0.899,0.626,6,-4.228,0,0.292,0.076,0.0,0.0631,0.873
26,False,0.617,0.692,1,-6.136,0,0.316,0.13,0.0,0.0982,0.846
3,False,0.687,0.717,11,-6.61,1,0.0755,0.0744,0.0,0.134,0.685
1,False,0.647,0.801,1,-2.946,0,0.249,0.0451,0.0,0.0628,0.517
58,False,0.497,0.348,9,-10.593,1,0.0285,0.879,0.796,0.722,0.227
24,False,0.165,0.112,1,-39.693,1,0.101,0.96,0.972,0.107,0.173
37,False,0.306,0.621,5,-7.402,0,0.0387,0.0163,1.16e-05,0.139,0.157
64,False,0.524,0.914,6,-2.104,1,0.12,0.179,0.0,0.17,0.63
37,False,0.473,0.958,0,-2.121,1,0.0517,0.000206,0.0,0.379,0.709
58,False,0.277,0.479,5,-8.483,0,0.0495,0.585,0.0224,0.16,0.483
66,False,0.84,0.338,6,-8.16,1,0.0436,0.135,0.0225,0.0635,0.927
50,False,0.398,0.0933,0,-11.879,1,0.0442,0.958,4.63e-06,0.0893,0.185
48,False,0.467,0.931,4,-3.318,0,0.14,0.00705,0.000365,0.348,0.253
35,False,0.584,0.796,0,-8.14,1,0.0291,0.00862,0.00802,0.127,0.678
22,False,0.581,0.979,1,-3.543,1,0.126,0.0303,8.42e-06,0.322,0.398
46,False,0.777,0.215,0,-13.706,1,0.0535,0.89,0.00773,0.109,0.221
76,True,0.778,0.422,0,-10.114,1,0.0482,0.921,0.00924,0.0958,0.187
23,False,0.7,0.228,0,-12.038,1,0.0533,0.292,0.0,0.116,0.628
0,False,0.647,0.165,10,-16.328,1,0.0315,0.894,0.00187,0.116,0.59
0,False,0.605,0.497,1,-6.676,1,0.0319,0.727,3.95e-05,0.102,0.72
0,False,0.222,0.0456,10,-20.891,0,0.0385,0.993,0.964,0.231,0.0882
29,False,0.71,0.846,4,-3.981,0,0.0479,0.0798,0.00352,0.395,0.505
0,False,0.686,0.856,9,-2.717,0,0.0426,0.0896,0.0,0.0648,0.733
25,False,0.479,0.59,2,-7.014,1,0.0923,0.306,0.0,0.335,0.156
0,False,0.369,0.499,6,-9.301,1,0.0448,0.829,1.75e-06,0.154,0.69
23,False,0.821,0.796,1,-7.675,0,0.272,0.303,0.0,0.154,0.905
46,False,0.494,0.955,4,-1.912,1,0.0823,0.152,0.0,0.906,0.489
0,False,0.583,0.671,8,-7.764,1,0.08,0.443,0.0,0.0597,0.95
31,False,0.566,0.848,8,-6.264,0,0.0364,0.0231,0.000326,0.131,0.65
32,False,0.0855,0.104,7,-22.845,0,0.0362,0.987,0.941,0.0915,0.054
23,False,0.576,0.0313,2,-17.935,0,0.127,0.935,0.63,0.111,0.0391
41,True,0.358,0.898,5,-4.308,0,0.0378,1.31e-05,0.0647,0.312,0.545
0,False,0.321,0.909,11,-4.612,1,0.041,1.62e-05,0.139,0.0442,0.209
54,False,0.798,0.813,9,-6.198,0,0.205,0.502,0.0,0.0846,0.802
74,True,0.789,0.534,8,-6.347,0,0.0709,0.323,3.42e-06,0.0645,0.631
7,False,0.67,0.794,11,-7.075,0,0.138,0.473,4.07e-06,0.383,0.517
26,False,0.463,0.961,2,-3.709,1,0.256,0.00344,6.5e-05,0.0754,0.641
0,False,0.579,0.502,8,-7.57,1,0.0513,0.733,0.0,0.281,0.836
0,False,0.706,0.89,1,-4.447,0,0.0687,0.0588,0.00288,0.305,0.685
34,False,0.563,0.874,2,-4.334,1,0.0555,0.006,0.151,0.187,0.351
51,False,0.486,0.878,0,-3.068,1,0.151,1.52e-05,0.533,0.124,0.205
57,False,0.457,0.904,7,-4.67,1,0.0659,0.015,5.01e-05,0.2,0.237
0,False,0.508,0.558,7,-6.605,1,0.0238,0.00351,4.18e-05,0.0822,0.16
31,False,0.442,0.882,2,-3.534,1,0.0392,0.183,0.0,0.623,0.582
0,False,0.538,0.318,7,-13.036,0,0.0417,0.88,7.28e-05,0.116,0.0897
69,False,0.782,0.827,11,-4.219,0,0.0627,0.159,0.0,0.226,0.498
15,False,0.408,0.922,7,-6.786,1,0.0465,0.00205,0.126,0.332,0.828
72,True,0.736,0.795,1,-3.299,0,0.0545,0.498,1.21e-06,0.254,0.511
73,True,0.785,0.343,9,-10.923,0,0.0862,0.593,0.0,0.103,0.468
68,False,0.689,0.675,0,-4.281,1,0.32,0.531,3.17e-06,0.115,0.604
39,True,0.831,0.859,2,-4.423,1,0.253,0.294,0.00142,0.384,0.824
54,False,0.207,0.631,4,-4.851,1,0.045,0.00771,0.0,0.398,0.325
0,False,0.31,0.269,7,-14.806,0,0.0453,0.903,0.368,0.0621,0.25
67,True,0.565,0.569,6,-6.084,0,0.379,0.0352,8.81e-06,0.106,0.303
37,False,0.468,0.454,2,-7.618,1,0.0403,0.891,0.0,0.779,0.424
22,False,0.583,0.35,7,-14.93,1,0.442,0.798,0.0,0.392,0.685
3,True,0.794,0.667,11,-7.636,0,0.373,0.0565,0.0,0.407,0.695
0,False,0.523,0.448,2,-13.53,1,0.0593,0.442,0.0,0.111,0.351
23,False,0.346,0.906,0,-4.311,1,0.0622,0.0708,7.05e-06,0.12,0.553
57,False,0.663,0.236,10,-15.844,0,0.0507,0.892,0.302,0.0788,0.236
49,False,0.466,0.832,4,-5.235,1,0.047,0.0277,0.627,0.156,0.509
66,False,0.443,0.104,0,-17.042,1,0.101,0.913,0.0,0.191,0.394
0,False,0.367,0.371,0,-8.654,1,0.0444,0.899,0.000842,0.0765,0.392
19,False,0.435,0.323,2,-9.711,1,0.0318,0.779,0.000274,0.241,0.106
56,False,0.632,0.716,10,-12.387,0,0.0646,0.581,2.48e-05,0.181,0.935
31,False,0.474,0.829,9,-11.658,1,0.0387,0.00136,1.16e-05,0.345,0.687
2,False,0.804,0.786,10,-3.837,0,0.0735,0.144,0.0,0.0928,0.575
50,False,0.684,0.869,2,-6.994,1,0.0462,0.349,0.319,0.274,0.661
54,False,0.593,0.692,7,-5.364,0,0.042,0.528,0.0,0.863,0.598
66,False,0.725,0.912,9,-3.665,0,0.0851,0.155,7.68e-05,0.107,0.674
42,False,0.705,0.909,6,-2.77,0,0.0348,0.0147,0.839,0.155,0.21
49,False,0.622,0.536,6,-3.236,1,0.0319,0.416,0.0,0.11,0.348
49,False,0.771,0.849,6,-5.256,1,0.0408,0.062,0.00188,0.0765,0.616
22,False,0.515,0.951,0,-5.333,1,0.0485,0.0254,0.0,0.0991,0.702
0,False,0.541,0.913,4,-8.03,1,0.0359,0.0681,0.0521,0.414,0.113
37,False,0.423,0.501,0,-13.298,0,0.0586,0.606,3.23e-05,0.14,0.543
62,False,0.572,0.955,7,-2.617,1,0.0626,0.0141,0.0,0.315,0.717
49,False,0.656,0.384,10,-8.877,1,0.0313,0.775,0.0,0.187,0.197
31,False,0.654,0.125,0,-13.505,1,0.0646,0.97,0.0,0.138,0.532
36,False,0.499,0.777,9,-6.798,1,0.0645,0.609,0.0,0.34,0.69
20,False,0.534,0.638,11,-5.097,1,0.0321,0.723,0.0,0.0814,0.644
34,False,0.505,0.201,2,-16.477,1,0.0697,0.921,0.0,0.714,0.487
44,False,0.322,0.686,4,-6.287,0,0.0383,0.0282,0.0,0.118,0.486
29,False,0.348,0.418,10,-8.86,1,0.0348,0.536,0.0,0.148,0.295
31,False,0.802,0.694,5,-6.854,1,0.0426,0.378,0.000286,0.0728,0.881
12,False,0.343,0.345,4,-16.941,1,0.137,0.902,0.8,0.304,0.0381
76,False,0.697,0.874,5,-2.15,0,0.0449,0.0122,0.0,0.627,0.775
27,False,0.558,0.898,7,-5.725,1,0.06,0.0687,5.76e-05,0.365,0.873
36,True,0.895,0.636,6,-5.893,0,0.339,0.0212,0.0,0.341,0.784
73,True,0.658,0.815,3,-2.141,0,0.14,0.214,1.24e-06,0.126,0.818
85,True,0.712,0.557,4,-4.861,0,0.115,0.0397,0.0,0.27,0.594
0,False,0.796,0.712,5,-7.097,1,0.0491,0.359,1.17e-05,0.374,0.622
44,False,0.651,0.813,7,-5.895,1,0.0866,0.717,0.0,0.838,0.759
29,False,0.671,0.144,1,-17.729,1,0.0456,0.946,0.638,0.128,0.167
12,False,0.809,0.927,1,-7.488,1,0.188,0.00565,0.00694,0.0622,0.4
59,False,0.533,0.313,2,-13.007,0,0.0298,0.386,4.64e-06,0.0868,0.225
16,False,0.245,0.968,0,-5.706,1,0.12,0.000133,0.00113,0.367,0.0698
48,False,0.237,0.423,7,-8.874,1,0.0304,0.329,0.00022,0.148,0.154
43,False,0.437,0.858,8,-3.771,1,0.0785,0.0659,0.0,0.285,0.695
32,False,0.311,0.694,3,-8.203,0,0.0308,0.0115,0.0379,0.15,0.321
45,False,0.507,0.825,9,-2.572,1,0.046,0.248,0.0,0.0993,0.449
0,False,0.798,0.62,8,-7.079,0,0.232,0.414,0.0192,0.112,0.235
32,False,0.552,0.664,9,-4.95,1,0.0362,0.816,0.0,0.291,0.796
44,False,0.594,0.958,10,-5.51,0,0.058,0.107,0.00306,0.921,0.548
72,False,0.596,0.679,4,-3.881,0,0.0324,0.18,0.0,0.0938,0.746
25,False,0.814,0.32,0,-14.865,1,0.0974,0.454,0.841,0.0795,0.254
83,True,0.813,0.56,2,-5.904,0,0.0618,0.108,0.0,0.268,0.287
27,False,0.794,0.862,11,-7.384,0,0.183,0.0109,0.32,0.0643,0.0751
36,False,0.42,0.865,9,-5.502,0,0.0365,0.000583,0.0,0.141,0.341
0,False,0.187,0.38,4,-12.22,1,0.0346,0.883,0.995,0.175,0.0358
44,False,0.637,0.649,0,-8.05,0,0.0304,0.124,0.0119,0.201,0.38
55,False,0.487,0.646,2,-6.878,0,0.0299,0.202,3.1e-06,0.11,0.16
11,False,0.736,0.53,4,-10.326,1,0.0355,0.418,0.000158,0.196,0.818
42,False,0.782,0.624,4,-8.189,1,0.0779,0.602,0.0,0.097,0.759
52,False,0.302,0.0783,2,-14.968,1,0.0325,0.956,9.88e-05,0.12,0.231
5,False,0.823,0.708,1,-7.411,1,0.273,0.0371,5.16e-06,0.0638,0.478
33,False,0.0,4.28e-05,2,-18.683,1,0.0,0.194,0.999,0.718,0.0
57,False,0.682,0.669,2,-7.15,1,0.0951,0.105,0.0,0.071,0.889
0,False,0.277,0.453,2,-8.486,1,0.0356,0.978,0.0392,0.0963,0.347
50,False,0.226,0.599,0,-6.847,1,0.0365,0.326,8.81e-06,0.114,0.0653
51,False,0.471,0.791,5,-3.373,0,0.238,0.0198,0.0,0.232,0.507
48,False,0.253,0.405,3,-10.257,1,0.035,0.146,0.824,0.142,0.303
10,False,0.768,0.719,9,-8.458,1,0.0333,0.00516,0.0103,0.154,0.792
60,False,0.809,0.583,1,-8.771,1,0.0605,0.356,0.0,0.0622,0.478
51,False,0.732,0.966,7,-5.769,1,0.16,0.0242,0.108,0.268,0.0941
76,False,0.782,0.655,6,-5.971,0,0.0566,0.377,0.00134,0.0749,0.662
75,False,0.57,0.737,1,-4.27,0,0.0685,0.0314,0.0,0.248,0.621
44,False,0.646,0.846,7,-4.427,1,0.0282,0.0584,0.0,0.376,0.965
22,False,0.606,0.986,6,-3.322,0,0.0985,0.00133,0.87,0.0558,0.785
54,False,0.753,0.922,3,-5.154,1,0.0771,0.755,0.0711,0.142,0.87
31,False,0.459,0.201,3,-12.789,1,0.0402,0.817,0.00263,0.0627,0.43
20,True,0.338,0.95,0,-4.009,1,0.0974,0.000381,0.422,0.108,0.778
20,False,0.388,0.0522,10,-23.112,1,0.0329,0.974,0.872,0.132,0.185
23,False,0.669,0.487,0,-16.316,1,0.0954,0.941,0.965,0.704,0.293
42,False,0.537,0.91,10,-4.783,0,0.176,0.0321,0.000478,0.951,0.774
26,False,0.329,0.518,3,-7.715,1,0.0286,0.0749,0.0278,0.149,0.187
21,False,0.414,0.713,7,-8.365,1,0.297,0.772,0.0,0.74,0.674
0,False,0.755,0.843,0,-5.001,1,0.0544,0.0548,0.0,0.176,0.708
64,False,0.583,0.921,11,-5.215,1,0.0468,0.00153,0.0178,0.188,0.613
49,False,0.628,0.565,4,-7.702,1,0.0408,0.141,0.00916,0.106,0.153
20,False,0.617,0.94,2,-5.538,1,0.071,9.11e-05,0.876,0.091,0.057
0,False,0.562,0.903,8,-4.46,0,0.0296,0.000187,0.0939,0.298,0.791
22,False,0.628,0.948,6,-5.646,0,0.0611,0.162,0.0,0.026,0.964
27,False,0.515,0.878,5,-2.592,1,0.0494,0.152,4.73e-06,0.198,0.822
19,False,0.715,0.925,5,-3.932,0,0.0316,0.0155,0.0779,0.158,0.898
17,False,0.116,0.994,8,-4.908,1,0.167,6e-06,0.0255,0.416,0.0383
43,True,0.521,0.656,9,-5.347,1,0.245,0.699,0.0026,0.224,0.432
1,False,0.771,0.898,11,-6.432,0,0.0404,0.299,0.0899,0.0889,0.961
27,False,0.623,0.645,8,-5.524,1,0.0278,0.0136,0.00379,0.0895,0.336
0,False,0.409,0.153,6,-10.74,0,0.0306,0.939,2.56e-05,0.108,0.18
0,False,0.675,0.972,6,-5.397,1,0.0898,0.014,0.000318,0.657,0.756
38,False,0.519,0.468,10,-7.287,1,0.0357,0.563,0.0,0.702,0.352
2,False,0.741,0.582,8,-4.445,1,0.281,0.291,0.000101,0.152,0.713
67,True,0.728,0.707,5,-5.09,0,0.0436,0.371,0.00107,0.126,0.802
64,False,0.783,0.809,1,-10.0,0,0.221,0.0588,1e-05,0.515,0.814
24,False,0.589,0.886,1,-5.87,1,0.0327,0.00849,0.0289,0.102,0.883
50,False,0.731,0.746,10,-6.859,0,0.0707,0.00528,0.000334,0.0852,0.788
20,False,0.417,0.876,9,-4.984,1,0.153,0.00134,0.415,0.0711,0.361
0,False,0.289,0.539,10,-7.317,1,0.15,0.000126,0.916,0.111,0.0391
0,False,0.469,0.183,5,-15.414,1,0.0407,0.829,0.0,0.71,0.381
17,False,0.337,0.955,9,-5.061,0,0.0839,5.98e-06,0.891,0.862,0.151
0,False,0.821,0.753,1,-5.27,0,0.0817,0.0148,6.13e-06,0.109,0.364
0,False,0.593,0.287,1,-12.472,1,0.0469,0.764,0.0,0.153,0.639
65,False,0.787,0.42,4,-14.32,0,0.0645,0.153,0.164,0.169,0.838
24,False,0.298,0.979,1,-2.391,0,0.103,0.0053,0.011,0.217,0.183
0,False,0.568,0.402,5,-11.344,1,0.0448,0.787,0.000188,0.103,0.397
18,False,0.975,0.685,1,-4.702,1,0.148,0.32,0.0,0.0979,0.758
44,False,0.416,0.506,9,-7.885,0,0.1,0.0404,0.0202,0.11,0.0613
59,False,0.498,0.745,3,-6.537,1,0.0351,0.000167,0.000136,0.0681,0.346
48,False,0.475,0.922,11,-5.136,0,0.0452,0.00738,0.0218,0.07,0.535
32,True,0.19,0.871,4,-5.416,1,0.083,8.06e-06,1.74e-05,0.239,0.349
65,False,0.653,0.621,8,-6.045,1,0.0308,0.178,0.0,0.0952,0.584
44,False,0.0,0.836,1,-24.271,0,0.0,0.996,0.997,0.109,0.0
0,False,0.393,0.322,4,-11.513,0,0.0367,0.981,0.00402,0.0791,0.198
16,False,0.358,0.456,11,-9.638,0,0.107,0.138,0.0258,0.469,0.425
52,False,0.489,0.914,11,-3.363,0,0.114,0.00624,0.0,0.325,0.692
39,False,0.804,0.733,7,-3.263,1,0.23,0.00152,0.0,0.525,0.485
7,False,0.596,0.919,9,-6.179,0,0.0485,0.0329,0.000216,0.138,0.218
38,False,0.643,0.262,7,-9.201,1,0.0333,0.324,0.0,0.158,0.776
43,False,0.645,0.784,6,-7.94,1,0.0362,0.00807,0.688,0.333,0.51
2,False,0.726,0.277,9,-15.239,0,0.0487,0.531,0.843,0.0887,0.0784
0,True,0.737,0.607,0,-3.599,1,0.0835,0.194,0.11,0.132,0.528
0,False,0.726,0.48,10,-8.784,1,0.165,0.311,0.0245,0.0734,0.87
54,False,0.462,0.85,6,-5.558,0,0.0453,0.0256,1.94e-05,0.0756,0.206
32,False,0.411,0.314,2,-9.257,1,0.0276,0.751,4.76e-06,0.42,0.447
68,False,0.803,0.75,11,-4.67,1,0.0551,0.0233,3.87e-05,0.045,0.628
50,False,0.512,0.323,2,-10.225,1,0.226,0.208,0.0,0.0862,0.434
20,False,0.905,0.567,10,-12.667,0,0.114,0.00283,6.56e-05,0.321,0.507
56,False,0.583,0.94,7,-3.05,1,0.0551,0.0476,0.000206,0.0524,0.378
70,True,0.481,0.973,7,-1.945,1,0.0542,0.0037,0.000877,0.325,0.362
39,False,0.521,0.23,5,-10.254,1,0.0322,0.921,0.0,0.132,0.472
54,False,0.537,0.454,9,-7.896,1,0.0551,0.65,0.000154,0.0852,0.626
0,False,0.552,0.934,4,-4.039,1,0.0299,0.00448,0.0207,0.258,0.863
4,False,0.607,0.767,5,-6.069,0,0.0474,0.118,0.0,0.122,0.662
41,False,0.842,0.301,0,-8.11,1,0.0485,0.855,0.0,0.0492,0.891
41,True,0.608,0.522,2,-11.038,0,0.214,0.384,8.62e-05,0.117,0.497
55,False,0.653,0.806,4,-5.94,0,0.0534,0.565,0.0,0.23,0.926
21,False,0.587,0.701,2,-4.95,1,0.0384,0.508,0.0377,0.0971,0.566
24,False,0.564,0.506,11,-7.774,1,0.268,0.457,0.0,0.102,0.707
92,False,0.464,0.417,0,-9.345,0,0.0256,0.136,0.022,0.0974,0.479
22,False,0.295,0.841,2,-6.161,1,0.0414,3.98e-05,0.0301,0.0586,0.676
67,False,0.422,0.656,4,-8.412,1,0.0397,0.0126,0.0279,0.268,0.549
26,False,0.44,0.984,11,-4.715,0,0.0816,0.00395,0.00108,0.897,0.417
23,False,0.313,0.86,0,-4.999,1,0.0414,2.99e-05,0.104,0.09,0.249
41,False,0.448,0.718,2,-7.755,1,0.0484,0.663,0.0,0.223,0.84
42,False,0.671,0.838,9,-9.902,0,0.0352,0.00495,0.854,0.34,0.0348
24,False,0.246,0.0569,7,-27.911,1,0.0353,0.957,0.945,0.0745,0.034
31,False,0.201,0.896,1,-6.664,0,0.0502,0.00106,0.00537,0.181,0.385
60,False,0.313,0.941,7,-1.741,1,0.133,0.0112,0.0,0.363,0.35
30,False,0.507,0.991,6,-4.568,1,0.0803,6.68e-05,0.000143,0.169,0.777
0,False,0.262,0.677,7,-5.645,1,0.0528,0.447,0.0,0.205,0.365
64,False,0.548,0.558,1,-4.339,0,0.227,0.46,0.0,0.0788,0.7
78,False,0.72,0.741,10,-6.529,0,0.0287,0.101,1.41e-05,0.289,0.357
36,True,0.462,0.98,4,-5.191,0,0.0912,0.00015,0.0278,0.138,0.244
11,False,0.717,0.533,5,-8.382,0,0.0364,0.111,0.844,0.302,0.287
46,False,0.296,0.876,4,-7.295,1,0.0973,0.198,0.0,0.849,0.67
58,False,0.779,0.656,8,-5.711,1,0.0641,0.0142,0.0,0.217,0.802
2,False,0.534,0.416,4,-13.251,0,0.0309,0.572,1.87e-05,0.376,0.374
1,False,0.757,0.688,9,-4.546,1,0.112,0.226,0.0,0.237,0.704
28,False,0.643,0.917,2,-5.732,1,0.031,0.000996,0.000656,0.241,0.946
35,True,0.706,0.506,2,-7.861,1,0.322,0.199,0.0,0.142,0.306
50,False,0.77,0.603,1,-5.882,1,0.378,0.512,0.0,0.0494,0.396
37,False,0.343,0.298,5,-10.359,1,0.0323,0.916,0.0,0.0806,0.327
17,False,0.599,0.485,11,-9.984,0,0.0274,0.157,0.397,0.153,0.334
0,False,0.534,0.714,6,-6.347,0,0.0629,0.00633,0.0,0.0879,0.415
46,False,0.553,0.846,10,-5.146,0,0.0673,0.0283,0.000319,0.0616,0.488
73,True,0.576,0.864,6,-3.981,1,0.0462,0.02,1.68e-06,0.683,0.609
23,False,0.595,0.89,1,-4.998,0,0.028,0.0233,2.02e-05,0.21,0.92
16,False,0.545,0.339,4,-8.627,0,0.0408,0.96,6.58e-05,0.122,0.452
0,True,0.609,0.948,9,-4.938,1,0.113,0.00404,0.0978,0.042,0.786
39,False,0.701,0.537,9,-13.138,0,0.0429,0.828,0.0157,0.0965,0.307
40,False,0.426,0.404,4,-8.75,0,0.0716,0.896,0.0,0.197,0.229
48,False,0.22,0.433,8,-9.075,0,0.0323,0.715,2.88e-06,0.129,0.22
78,False,0.812,0.697,10,-3.441,1,0.0694,0.134,0.0,0.147,0.477
73,False,0.451,0.951,1,-3.754,1,0.0645,0.00038,2.39e-06,0.261,0.442
21,False,0.291,0.873,9,-6.326,1,0.0715,0.103,0.0,0.206,0.186
1,False,0.626,0.242,6,-8.658,1,0.0269,0.43,1.09e-06,0.119,0.228
59,False,0.5,0.552,5,-5.83,1,0.222,0.323,4.97e-05,0.221,0.336
14,False,0.228,0.968,8,-4.733,1,0.17,0.000106,0.000205,0.363,0.272
2,False,0.382,0.937,0,-9.01,1,0.0758,0.0172,0.0,0.271,0.0957
66,False,0.574,0.841,4,-4.449,1,0.0948,0.399,1e-06,0.205,0.927
26,False,0.698,0.542,9,-5.923,0,0.0276,0.639,0.000261,0.104,0.724
3,False,0.716,0.655,2,-5.999,1,0.0444,0.00857,0.162,0.0572,0.207
31,False,0.622,0.412,8,-13.157,1,0.0589,0.449,5.4e-05,0.0789,0.719
18,False,0.785,0.835,0,-10.673,0,0.0488,0.0234,0.955,0.0797,0.0879
59,False,0.482,0.723,10,-10.08,0,0.0425,5.66e-05,0.000432,0.0939,0.554
0,False,0.643,0.996,5,-2.635,1,0.0775,0.0059,0.0,0.163,0.382
49,False,0.612,0.499,4,-6.904,0,0.0546,0.127,0.184,0.146,0.0398
87,True,0.949,0.661,5,-4.244,0,0.0572,0.0302,0.0,0.0454,0.76
50,False,0.557,0.758,7,-6.165,1,0.0414,0.324,3.34e-06,0.0838,0.192
0,False,0.803,0.338,6,-14.029,1,0.0349,0.196,0.0367,0.097,0.912
57,False,0.674,0.676,2,-6.878,1,0.0367,0.43,3.13e-05,0.108,0.919
55,False,0.616,0.629,8,-6.9,1,0.0263,0.0285,1.32e-06,0.208,0.606
12,False,0.149,0.802,11,-6.998,1,0.0821,1.94e-05,0.00583,0.267,0.17
37,False,0.576,0.934,1,-3.262,1,0.0505,0.0126,0.0,0.383,0.593
46,False,0.496,0.949,9,-8.056,1,0.0459,0.013,0.0231,0.807,0.441
12,False,0.678,0.88,4,-7.082,0,0.041,0.00116,0.905,0.0568,0.341
27,False,0.546,0.962,6,-6.779,0,0.0422,1.52e-05,0.544,0.061,0.682
58,False,0.607,0.526,4,-9.111,1,0.066,0.0185,0.00173,0.227,0.341
24,False,0.501,0.336,2,-10.893,1,0.031,0.665,0.0,0.509,0.527
68,False,0.189,0.39,9,-14.497,0,0.0353,0.257,0.000152,0.122,0.32
1,False,0.731,0.867,11,-5.881,1,0.032,0.0394,0.0,0.0861,0.776
51,False,0.608,0.895,0,-9.447,1,0.042,0.000204,0.753,0.11,0.0699
20,False,0.457,0.711,2,-9.988,1,0.457,0.778,0.0,0.531,0.35
41,False,0.404,0.963,4,-1.707,1,0.0663,0.00151,1.06e-05,0.0521,0.607
0,True,0.823,0.745,5,-6.637,0,0.247,0.0029,0.000333,0.323,0.579
37,False,0.654,0.742,7,-6.54,1,0.0259,0.581,2.23e-05,0.712,0.785
32,False,0.624,0.778,6,-4.811,0,0.0904,0.0964,0.0,0.371,0.574
31,False,0.519,0.969,6,-2.34,0,0.0662,9.03e-05,0.0,0.111,0.48
0,False,0.517,0.994,10,-2.806,1,0.402,0.0589,0.0,0.972,0.651
25,False,0.634,0.943,6,-4.402,1,0.172,0.0118,2.22e-06,0.0808,0.742
19,False,0.519,0.991,1,-2.584,1,0.15,0.00733,0.0771,0.228,0.375
28,False,0.688,0.524,1,-9.012,0,0.0449,0.33,1e-05,0.0719,0.404
44,False,0.569,0.5,5,-13.551,1,0.0398,0.405,0.0,0.0564,0.711
20,False,0.785,0.701,6,-12.593,1,0.1,0.113,2.78e-05,0.0833,0.55
23,False,0.804,0.719,4,-8.017,0,0.337,0.0812,0.0,0.338,0.593
29,False,0.703,0.918,7,-3.036,1,0.0509,0.255,2.86e-06,0.0934,0.511
50,False,0.576,0.741,0,-6.095,0,0.0264,0.00095,0.0666,0.094,0.271
12,False,0.29,0.989,1,-5.762,1,0.176,0.000101,0.683,0.0594,0.0405
70,False,0.555,0.945,2,-1.934,1,0.127,0.0453,0.0,0.244,0.389
20,False,0.179,0.994,8,-5.352,1,0.191,0.000316,0.916,0.0885,0.0398
54,False,0.631,0.763,9,-9.774,0,0.0352,0.0824,0.299,0.0875,0.715
0,True,0.856,0.721,7,-4.928,1,0.108,0.132,0.00471,0.182,0.642
29,False,0.632,0.966,2,-4.005,0,0.0871,0.00168,0.0162,0.416,0.239
1,False,0.755,0.792,6,-4.238,1,0.0483,0.028,0.0,0.0754,0.842
0,False,0.569,0.489,5,-5.594,0,0.04,0.238,0.0,0.29,0.543
43,False,0.325,0.213,10,-17.136,0,0.04,0.898,0.0541,0.0909,0.326
29,False,0.475,0.403,2,-14.768,1,0.0361,0.66,3.59e-05,0.177,0.555
0,True,0.736,0.828,11,-5.835,0,0.284,0.477,0.0,0.251,0.899
12,False,0.58,0.642,6,-6.986,0,0.0647,0.357,0.785,0.0798,0.0504
60,False,0.507,0.741,6,-7.456,0,0.0535,0.414,3.95e-06,0.107,0.492
0,False,0.794,0.624,11,-6.024,0,0.0344,0.0575,2.08e-06,0.208,0.755
53,False,0.376,0.378,6,-10.372,0,0.0387,0.669,0.0,0.094,0.248
54,False,0.571,0.883,2,-6.896,1,0.0413,0.0001,0.000467,0.159,0.462
1,False,0.687,0.792,5,-2.749,1,0.0452,0.191,0.0,0.167,0.671
3,False,0.103,0.0462,9,-20.067,0,0.0359,0.962,0.965,0.0756,0.0396
0,False,0.345,0.975,11,-7.376,0,0.18,6.63e-06,0.581,0.654,0.164
21,False,0.581,0.457,4,-9.072,1,0.0264,0.669,0.000171,0.0804,0.228
47,False,0.301,0.751,2,-3.742,1,0.0498,0.0939,0.0,0.253,0.308
21,False,0.0819,0.0479,2,-26.058,0,0.0476,0.851,0.892,0.115,0.0395
21,False,0.853,0.607,9,-7.932,1,0.138,0.00186,0.00339,0.0897,0.187
21,False,0.2,0.464,5,-7.261,1,0.0468,0.897,2.3e-06,0.383,0.113
48,False,0.802,0.913,9,-8.508,1,0.0471,0.00104,0.667,0.0616,0.653
20,False,0.551,0.246,9,-12.737,0,0.107,0.995,0.797,0.112,0.827
36,False,0.382,0.0399,2,-19.078,0,0.0439,0.993,0.0576,0.0648,0.724
0,True,0.861,0.27,6,-9.515,0,0.0616,0.301,0.00288,0.124,0.608
22,False,0.618,0.346,1,-13.175,1,0.0934,0.601,0.0113,0.105,0.315
0,False,0.277,0.344,0,-11.713,1,0.0264,0.215,8.6e-06,0.185,0.241
0,False,0.596,0.833,9,-4.308,1,0.0474,0.0563,0.0,0.0866,0.618
37,False,0.709,0.856,2,-3.642,1,0.0535,0.183,0.0002,0.379,0.893
0,True,0.396,0.976,7,-3.214,0,0.0681,0.000572,5.96e-06,0.344,0.517
0,False,0.629,0.997,5,-1.975,1,0.0732,0.0203,0.0,0.688,0.691
25,True,0.474,0.943,6,-4.544,0,0.881,0.826,0.0,0.94,0.39
0,False,0.453,0.365,4,-11.557,1,0.0373,0.938,0.00599,0.343,0.601
13,False,0.211,0.968,1,-6.378,1,0.101,2.55e-05,0.725,0.276,0.179
75,False,0.743,0.837,1,-5.025,0,0.0649,0.0172,0.0,0.0743,0.263
45,True,0.498,0.508,2,-7.262,0,0.0351,0.439,0.0,0.501,0.376
27,False,0.572,0.39,2,-8.944,1,0.0329,0.41,0.0,0.0904,0.283
59,False,0.697,0.736,11,-6.594,0,0.0384,0.167,0.00878,0.124,0.42
23,False,0.794,0.72,0,-6.806,0,0.0607,0.0909,0.000639,0.0751,0.856
41,False,0.467,0.874,5,-4.763,0,0.0383,0.000291,0.227,0.11,0.188
0,False,0.596,0.964,2,-5.754,1,0.0804,9.52e-05,0.834,0.203,0.399
0,False,0.844,0.934,7,-1.223,0,0.078,0.17,0.000121,0.134,0.647
19,False,0.688,0.88,10,-7.286,0,0.0855,7.66e-05,0.808,0.0906,0.0848
38,False,0.485,0.803,5,-9.47,1,0.0805,0.0124,0.0149,0.11,0.857
0,True,0.822,0.736,1,-3.969,1,0.15,0.157,0.000781,0.0748,0.679
45,False,0.67,0.755,9,-2.978,1,0.0479,0.000861,0.272,0.381,0.288
25,False,0.797,0.916,2,-5.223,1,0.0467,0.776,0.000177,0.0846,0.783
13,False,0.319,0.285,11,-11.989,1,0.0285,0.664,2.18e-06,0.231,0.467
0,False,0.669,0.669,0,-4.185,1,0.0849,0.274,0.0,0.289,0.546
75,False,0.699,0.812,0,-6.005,1,0.0377,0.0164,0.000763,0.105,0.662
43,False,0.589,0.45,7,-9.301,0,0.438,0.621,0.0,0.0951,0.564
52,False,0.586,0.295,0,-16.641,1,0.0402,0.86,0.777,0.117,0.279
48,False,0.859,0.439,5,-7.152,1,0.0351,0.261,0.0,0.103,0.961
45,False,0.379,0.78,11,-4.314,0,0.141,0.0703,0.0,0.132,0.426
19,False,0.736,0.885,6,-5.579,0,0.0485,0.0684,0.822,0.0923,0.832
41,False,0.421,0.959,9,-3.324,0,0.154,0.0139,0.0,0.338,0.592
0,False,0.412,0.931,7,-6.348,1,0.0449,0.016,0.0,0.0772,0.295
48,False,0.776,0.504,8,-7.193,1,0.0385,0.727,0.000474,0.167,0.963
12,False,0.357,0.754,10,-8.541,0,0.0907,0.00356,0.94,0.123,0.233
50,False,0.531,0.758,9,-2.773,0,0.0361,0.227,0.0,0.251,0.252
46,False,0.596,0.525,1,-13.626,1,0.0687,0.665,0.0,0.0722,0.729
39,False,0.326,0.31,2,-19.063,0,0.0908,0.855,0.263,0.148,0.132
6,False,0.805,0.908,0,-8.805,1,0.0492,0.00051,0.81,0.0784,0.642
0,False,0.424,0.079,9,-16.861,1,0.0376,0.954,0.00147,0.0915,0.155
0,True,0.854,0.629,6,-5.647,1,0.0797,0.504,0.0,0.0879,0.683
43,False,0.477,0.481,11,-8.347,0,0.0295,0.413,0.0,0.285,0.289
37,False,0.866,0.64,9,-4.098,0,0.0824,0.00996,1.59e-05,0.0755,0.563
59,False,0.584,0.342,2,-12.659,1,0.0331,0.842,0.0,0.18,0.574
59,False,0.818,0.35,7,-12.34,1,0.0558,0.000299,0.0103,0.124,0.334
55,False,0.599,0.294,5,-10.222,1,0.0279,0.851,0.0384,0.102,0.308
81,True,0.762,0.508,3,-9.112,1,0.0919,0.0584,0.00126,0.16,0.37
20,False,0.345,0.397,0,-18.194,1,0.0415,0.653,0.964,0.304,0.855
47,False,0.569,0.664,0,-5.703,1,0.223,0.672,0.0,0.742,0.476
66,False,0.602,0.866,4,-4.594,1,0.0471,0.000856,0.0,0.094,0.677
69,False,0.801,0.764,2,-5.112,1,0.0986,0.109,1.62e-05,0.247,0.578
77,False,0.685,0.699,6,-7.803,0,0.0349,0.317,0.0,0.0895,0.884
42,False,0.596,0.908,10,-3.115,0,0.0671,0.163,0.0,0.0956,0.753
36,False,0.372,0.833,10,-7.073,0,0.11,0.861,0.682,0.295,0.582
0,False,0.474,0.671,4,-4.649,1,0.0289,0.0129,0.0,0.159,0.0682
0,False,0.535,0.522,2,-7.87,1,0.0363,0.131,0.0,0.438,0.305
73,False,0.462,0.395,9,-9.376,1,0.0264,0.758,0.0,0.121,0.625
61,False,0.753,0.749,6,-5.214,1,0.0314,0.0546,4.39e-06,0.166,0.589
33,False,0.593,0.724,0,-8.682,0,0.0662,0.477,0.965,0.169,0.793
60,False,0.723,0.741,5,-4.442,0,0.0344,0.0714,3.17e-05,0.0796,0.387
43,False,0.29,0.54,2,-7.491,1,0.0322,0.293,0.0,0.102,0.394
63,False,0.684,0.684,1,-13.337,1,0.0418,0.385,0.29,0.106,0.616
23,False,0.272,0.909,2,-11.323,1,0.0558,0.0677,0.0536,0.368,0.226
22,False,0.391,0.902,1,-3.801,1,0.058,0.00104,3.06e-05,0.326,0.559
67,False,0.836,0.51,1,-10.091,0,0.371,0.713,3.35e-05,0.101,0.56
18,False,0.384,0.245,0,-11.112,0,0.0777,0.912,0.13,0.157,0.7
33,False,0.358,0.905,5,-5.776,0,0.453,0.304,0.0,0.454,0.468
30,False,0.413,0.333,2,-9.627,0,0.0632,0.827,0.0,0.11,0.33
15,False,0.615,0.955,2,-2.489,1,0.149,0.00249,0.57,0.15,0.107
46,False,0.61,0.924,10,-6.062,0,0.0614,0.00208,0.517,0.241,0.0802
1,False,0.345,0.941,9,-9.918,1,0.0466,3.84e-05,0.633,0.0511,0.407
2,False,0.607,0.912,8,-3.449,1,0.0611,0.124,0.0,0.332,0.722
53,False,0.851,0.414,11,-8.518,0,0.0314,0.0498,0.00135,0.11,0.581
0,False,0.358,0.899,4,-7.069,0,0.134,0.0112,0.122,0.195,0.27
31,False,0.703,0.239,8,-10.738,1,0.043,0.925,0.00061,0.101,0.115
52,False,0.747,0.998,5,-5.934,1,0.0516,0.0207,0.705,0.058,0.724
41,False,0.414,0.742,9,-5.071,1,0.0455,0.167,2.18e-05,0.0838,0.119
43,False,0.559,0.675,4,-12.817,1,0.0405,0.89,0.732,0.103,0.323
13,False,0.226,0.995,2,-5.056,1,0.128,4.15e-05,0.293,0.349,0.0739
30,False,0.725,0.998,7,-2.333,1,0.0433,0.0406,0.0,0.297,0.97
44,False,0.518,0.63,4,-4.933,1,0.0409,0.443,0.0,0.324,0.669
2,False,0.675,0.375,6,-8.985,1,0.0452,0.542,2.5e-06,0.0951,0.187
46,False,0.154,1.0,1,-27.417,0,0.0345,0.985,0.586,0.916,1e-05
0,False,0.795,0.795,1,-6.07,1,0.0465,0.00065,0.87,0.0955,0.0676
54,False,0.495,0.926,8,-4.589,0,0.323,0.0384,0.0,0.348,0.642
0,False,0.621,0.785,6,-4.499,1,0.11,0.0165,5.92e-06,0.0512,0.779
22,False,0.452,0.264,9,-14.867,1,0.0324,0.0403,0.0,0.0728,0.15
67,False,0.708,0.322,8,-12.46,0,0.0371,0.747,9.24e-05,0.137,0.46
0,False,0.49,0.515,0,-5.654,1,0.0236,0.623,1.26e-05,0.12,0.256
45,False,0.657,0.692,7,-10.121,1,0.0526,0.0286,0.894,0.11,0.164
0,False,0.866,0.565,1,-6.983,0,0.0583,0.455,0.000226,0.246,0.549
1,True,0.548,0.808,10,-5.484,1,0.0398,7.19e-05,0.00341,0.114,0.475
39,False,0.253,0.21,5,-10.948,1,0.0373,0.947,7.09e-05,0.348,0.42
73,False,0.476,0.736,2,-5.38,1,0.0343,0.0217,1.08e-06,0.203,0.251
83,True,0.79,0.67,1,-5.527,1,0.105,0.377,2.32e-06,0.119,0.408
57,False,0.456,0.813,6,-6.663,1,0.047,0.0111,0.0,0.174,0.619
40,False,0.804,0.686,7,-11.976,1,0.0556,0.000939,0.841,0.106,0.0706
47,False,0.713,0.952,7,-2.959,1,0.108,0.0203,2.51e-06,0.117,0.571
33,False,0.595,0.43,9,-9.783,0,0.0317,0.804,0.0,0.166,0.643
16,False,0.493,0.674,11,-8.374,0,0.0378,0.0641,0.0081,0.412,0.46
0,False,0.653,0.779,9,-6.333,1,0.0254,0.205,0.0,0.136,0.856
27,False,0.811,0.518,9,-7.873,1,0.17,0.0266,6.23e-06,0.11,0.542
0,False,0.505,0.627,6,-7.851,1,0.0273,0.423,7.4e-05,0.0755,0.296
19,False,0.51,0.578,10,-5.952,1,0.0276,0.0667,0.0,0.166,0.51
56,False,0.65,0.252,0,-10.939,1,0.046,0.522,0.879,0.106,0.332
48,False,0.347,0.693,0,-3.473,1,0.0841,0.142,0.0,0.15,0.614
55,False,0.424,0.68,8,-4.311,1,0.0374,0.0102,0.0,0.224,0.415
29,False,0.399,0.727,9,-5.561,1,0.0423,0.00295,0.00694,0.0684,0.225
46,False,0.781,0.588,6,-5.348,0,0.0386,0.317,0.0,0.0983,0.564
21,False,0.51,0.968,2,-12.876,1,0.138,0.000482,0.000969,0.185,0.0879
51,False,0.723,0.612,2,-3.912,0,0.0673,0.203,3.01e-06,0.112,0.418
21,False,0.715,0.615,8,-13.759,1,0.0353,0.752,0.0416,0.345,0.904
0,False,0.795,0.974,0,-2.418,1,0.0778,0.029,0.0,0.611,0.935
16,True,0.27,0.955,5,-4.559,0,0.242,9.63e-05,0.522,0.0826,0.257
3,False,0.548,0.728,5,-5.678,0,0.0507,0.0104,0.000126,0.146,0.337
46,False,0.632,0.85,11,-7.382,0,0.0444,0.00459,0.0022,0.126,0.663
43,False,0.688,0.484,1,-9.254,1,0.0298,0.646,0.0129,0.109,0.447
45,False,0.653,0.523,8,-11.266,0,0.0428,0.022,0.865,0.0933,0.328
18,False,0.847,0.875,2,-6.454,1,0.0659,0.00166,0.0966,0.1,0.928
1,False,0.523,0.8,9,-5.243,1,0.101,0.00537,0.0,0.398,0.604
44,False,0.638,0.331,11,-12.28,0,0.032,0.957,0.867,0.103,0.208
60,False,0.714,0.621,11,-7.01,0,0.0275,0.00246,0.525,0.0945,0.366
49,False,0.501,0.838,2,-4.583,1,0.151,0.127,0.0,0.292,0.513
64,False,0.576,0.659,9,-5.617,1,0.0383,0.041,0.0,0.0587,0.717
21,False,0.524,0.989,6,-5.778,1,0.0523,7.96e-05,0.378,0.341,0.534
36,False,0.233,0.962,9,-2.955,0,0.0825,0.00852,0.000232,0.507,0.405
12,False,0.697,0.933,1,-1.283,1,0.0444,0.014,0.0397,0.185,0.258
0,False,0.502,0.925,4,-6.298,1,0.0501,0.0129,0.0,0.162,0.923
0,False,0.523,0.322,0,-8.957,1,0.0285,0.535,0.0,0.132,0.3
1,False,0.597,0.665,7,-4.403,1,0.129,0.424,0.0,0.115,0.443
41,False,0.494,0.922,2,-5.72,1,0.0564,0.161,0.302,0.102,0.359
41,True,0.767,0.509,0,-6.123,1,0.28,0.301,0.00329,0.494,0.733
49,False,0.748,0.855,1,-1.741,0,0.0629,0.319,0.000152,0.115,0.475
37,False,0.429,0.848,2,-6.54,1,0.0488,0.692,0.0,0.787,0.815
45,False,0.587,0.626,0,-5.54,1,0.0303,0.338,0.0,0.255,0.488
37,False,0.671,0.626,9,-8.079,1,0.0234,0.12,8.29e-05,0.18,0.623
20,False,0.502,0.919,7,-4.376,1,0.0469,0.00149,0.000878,0.311,0.681
1,False,0.844,0.781,8,-5.856,0,0.188,0.122,0.000154,0.0925,0.734
45,False,0.481,0.777,2,-5.948,0,0.0392,0.765,2.8e-06,0.919,0.519
38,False,0.413,0.446,1,-6.476,1,0.0326,0.261,0.0,0.0975,0.257
47,False,0.64,0.769,5,-6.86,1,0.0662,0.383,0.0,0.207,0.69
76,False,0.652,0.855,7,-6.411,1,0.0775,0.00658,0.409,0.341,0.0834
56,False,0.574,0.322,9,-12.41,1,0.0264,0.91,0.519,0.0836,0.178
60,False,0.527,0.469,7,-9.562,0,0.0247,0.856,0.00393,0.121,0.403
43,False,0.707,0.706,11,-3.507,0,0.0964,0.536,0.0,0.129,0.566
0,False,0.263,0.807,4,-5.933,0,0.0784,0.033,0.00567,0.115,0.11
60,False,0.695,0.39,7,-5.439,1,0.0342,0.117,0.0,0.104,0.455
21,False,0.533,0.823,6,-12.244,1,0.957,0.757,0.0,0.981,0.206
58,False,0.868,0.69,3,-5.606,0,0.0856,0.0227,0.0526,0.059,0.457
36,False,0.696,0.326,2,-8.469,1,0.0513,0.00617,0.821,0.118,0.0376
53,False,0.617,0.626,11,-7.378,0,0.0435,0.0335,0.00154,0.0968,0.206
37,False,0.632,0.608,0,-9.558,1,0.0296,0.184,0.000211,0.105,0.332
64,True,0.31,0.991,5,-3.769,0,0.316,0.000132,0.085,0.0969,0.0395
43,False,0.802,0.637,11,-13.008,0,0.0624,0.000231,0.831,0.587,0.336
51,False,0.652,0.372,0,-9.151,1,0.0327,0.687,0.178,0.0907,0.266
49,False,0.727,0.295,3,-10.21,0,0.077,0.402,0.887,0.0991,0.949
1,True,0.6,0.914,9,-4.12,0,0.0374,0.00021,9.13e-06,0.204,0.605
58,False,0.557,0.933,6,-3.7,0,0.035,2.14e-05,8.66e-06,0.117,0.435
19,False,0.461,0.971,2,-3.663,1,0.219,7.69e-05,3.83e-05,0.0548,0.215
58,True,0.728,0.573,6,-8.388,1,0.0347,0.00716,0.0,0.164,0.315
7,False,0.865,0.573,5,-5.501,1,0.0678,0.0863,0.0,0.305,0.563
0,False,0.742,0.527,8,-6.892,0,0.0769,0.327,0.0,0.25,0.638
38,False,0.606,0.993,11,-1.346,1,0.0518,0.0039,0.000224,0.308,0.754
0,False,0.418,0.116,5,-18.397,1,0.0331,0.966,0.648,0.138,0.0861
23,False,0.623,0.563,0,-5.755,1,0.0245,0.332,0.0,0.0792,0.253
40,False,0.576,0.726,0,-5.387,1,0.0291,0.000658,0.0,0.0997,0.41
53,False,0.435,0.0564,5,-27.616,0,0.0369,0.99,0.943,0.113,0.127
21,False,0.386,0.793,4,-8.968,0,0.0366,4.95e-05,0.162,0.0818,0.571
27,False,0.717,0.841,4,-6.27,0,0.0862,0.461,0.0,0.674,0.86
22,False,0.507,0.368,4,-11.505,0,0.0318,0.0705,0.0,0.102,0.284
38,False,0.533,0.8,6,-4.665,0,0.0773,0.00341,0.0,0.514,0.271
42,False,0.497,0.885,9,-3.769,1,0.0405,0.00522,0.0032,0.0905,0.437
27,False,0.818,0.367,8,-10.015,0,0.109,0.486,2.51e-05,0.105,0.193
57,False,0.592,0.544,2,-6.293,0,0.0244,0.0214,0.000394,0.334,0.181
58,False,0.7,0.631,2,-8.377,1,0.212,0.325,0.000246,0.376,0.49
0,False,0.56,0.436,7,-8.761,1,0.491,0.918,0.0,0.093,0.402
61,False,0.448,0.945,10,-7.978,1,0.0394,0.0219,0.246,0.0254,0.437
33,False,0.429,0.981,7,-3.174,1,0.0599,0.00213,0.000732,0.513,0.395
31,False,0.45,0.795,7,-6.462,1,0.0389,0.0507,5.68e-06,0.938,0.748
58,False,0.771,0.448,2,-9.513,1,0.0446,0.493,0.708,0.108,0.0364
58,False,0.853,0.511,7,-6.451,0,0.422,0.188,0.0,0.223,0.795
28,True,0.585,0.976,7,-2.64,1,0.0902,0.127,0.0,0.189,0.818
69,False,0.763,0.667,2,-6.285,1,0.085,0.021,2.4e-05,0.0715,0.75
43,False,0.799,0.853,7,-5.484,0,0.0293,0.104,0.0,0.0734,0.97
13,False,0.303,0.977,4,-5.745,1,0.104,9.26e-05,0.733,0.258,0.106
58,False,0.199,0.133,10,-15.992,0,0.0379,0.914,0.868,0.278,0.0388
72,False,0.701,0.638,6,-3.711,1,0.302,0.492,0.0,0.153,0.813
31,False,0.325,0.993,7,-0.562,1,0.253,0.146,0.0589,0.548,0.216
18,False,0.44,0.739,8,-4.719,1,0.0327,0.294,0.0028,0.05,0.927
0,False,0.789,0.72,8,-5.652,0,0.217,0.223,0.0,0.129,0.664
61,False,0.737,0.862,6,-3.872,0,0.208,0.0756,0.0,0.379,0.815
0,False,0.598,0.833,2,-3.716,0,0.048,0.0196,0.0,0.292,0.406
76,False,0.724,0.491,8,-6.024,1,0.0296,0.018,1.29e-05,0.0887,0.383
1,False,0.684,0.808,0,-2.737,1,0.061,0.0518,1.02e-05,0.0858,0.712
22,False,0.24,0.138,3,-20.625,1,0.0391,0.935,0.544,0.103,0.17
0,False,0.579,0.409,0,-10.095,1,0.0268,0.624,1.83e-05,0.18,0.526
20,False,0.661,0.25,3,-17.438,0,0.0323,0.875,0.00566,0.268,0.384
66,False,0.795,0.385,7,-13.526,0,0.329,0.851,5.98e-05,0.234,0.55
29,False,0.407,0.575,9,-9.439,1,0.0514,0.827,9.86e-05,0.18,0.527
51,False,0.679,0.969,2,-1.79,1,0.0745,0.012,0.72,0.0529,0.212
52,False,0.665,0.769,0,-4.586,1,0.112,0.0854,0.000169,0.185,0.495
79,False,0.477,0.471,6,-10.036,1,0.0277,0.193,1.76e-06,0.131,0.423
0,False,0.369,0.192,4,-12.151,0,0.04,0.555,8.35e-06,0.0954,0.148
28,False,0.533,0.486,2,-8.503,1,0.291,0.519,7.85e-05,0.102,0.247
23,False,0.488,0.993,10,-4.666,1,0.194,0.000421,3.22e-06,0.353,0.152
39,False,0.547,0.674,7,-9.584,1,0.0394,0.407,0.00115,0.715,0.503
75,False,0.687,0.895,9,-2.983,1,0.0474,0.149,0.00592,0.121,0.686
59,False,0.556,0.43,5,-6.134,1,0.0551,0.398,0.0,0.0845,0.322
0,False,0.521,0.57,9,-5.567,1,0.0245,0.0254,1.17e-06,0.0757,0.608
37,False,0.608,0.421,6,-13.849,1,0.0496,0.499,0.0,0.172,0.553
43,True,0.707,0.635,8,-5.968,0,0.255,0.509,0.0,0.135,0.548
16,False,0.504,0.621,5,-11.601,1,0.0305,0.00832,0.01,0.119,0.111
25,False,0.757,0.867,8,-3.823,1,0.0925,0.0481,0.0,0.0691,0.821
0,False,0.322,0.301,0,-11.993,1,0.0325,0.921,0.000799,0.168,0.234
19,False,0.428,0.939,4,-2.497,1,0.127,0.0274,0.561,0.113,0.443
82,False,0.743,0.576,8,-3.552,0,0.076,0.151,5.87e-05,0.128,0.455
20,False,0.643,0.564,6,-14.505,1,0.925,0.884,0.0,0.926,0.425
59,False,0.452,0.703,6,-6.523,1,0.195,0.484,9.32e-06,0.121,0.813
23,True,0.398,0.921,11,-8.016,0,0.0532,7.96e-06,0.789,0.343,0.402
49,False,0.46,0.951,2,-6.869,1,0.108,0.00285,0.833,0.0523,0.336
19,True,0.759,0.78,0,-8.007,1,0.0385,0.0024,0.0506,0.321,0.51
58,False,0.634,0.344,2,-11.011,1,0.0288,0.741,6.09e-05,0.111,0.409
20,False,0.178,0.19,11,-18.259,1,0.0433,0.808,0.024,0.135,0.158
61,False,0.659,0.66,0,-8.337,1,0.0441,0.627,0.000217,0.136,0.672
0,False,0.764,0.672,7,-5.947,0,0.0293,0.072,3.32e-06,0.0806,0.789
60,False,0.716,0.737,7,-6.076,1,0.06,0.118,0.0,0.198,0.585
54,False,0.654,0.924,6,-4.892,1,0.174,0.0738,0.0,0.329,0.595
44,False,0.447,0.32,2,-10.914,1,0.0306,0.813,0.0,0.176,0.148
19,False,0.637,0.675,5,-4.092,1,0.0436,0.73,0.0,0.131,0.704
50,False,0.419,0.266,4,-12.62,0,0.0298,0.757,0.0,0.121,0.302
70,False,0.663,0.849,11,-4.462,0,0.0334,0.0791,1.2e-06,0.192,0.722
0,False,0.827,0.729,10,-10.124,1,0.133,0.536,0.0089,0.635,0.901
5,False,0.749,0.57,9,-9.436,0,0.11,0.434,1.24e-06,0.367,0.911
12,False,0.203,0.99,10,-4.039,1,0.125,4.46e-06,0.826,0.233,0.241
44,False,0.514,0.594,7,-6.022,1,0.0272,0.063,0.0,0.239,0.306
0,True,0.423,0.998,9,-4.655,1,0.109,0.000133,0.0641,0.379,0.298
10,False,0.688,0.866,6,-6.285,1,0.104,0.0207,0.00334,0.216,0.901
51,False,0.634,0.643,8,-5.177,1,0.0271,0.386,9.61e-05,0.109,0.409
29,False,0.785,0.732,5,-6.177,1,0.0513,0.059,3.74e-06,0.524,0.798
44,False,0.426,0.382,0,-8.703,1,0.0302,0.364,0.0,0.123,0.186
45,False,0.727,0.558,7,-12.475,1,0.0447,0.588,0.000376,0.0985,0.586
27,False,0.429,0.144,7,-23.069,1,0.0348,0.99,0.698,0.576,0.172
0,False,0.332,0.429,7,-8.376,1,0.0287,0.356,3.1e-05,0.0619,0.242
49,False,0.567,0.947,1,-3.733,0,0.0883,0.000891,6.79e-05,0.869,0.635
59,False,0.758,0.786,4,-4.897,0,0.108,0.156,0.0,0.0658,0.786
2,False,0.369,0.0898,7,-22.042,1,0.0572,0.987,0.744,0.224,0.077
24,False,0.618,0.798,7,-6.201,1,0.0416,0.675,3.66e-05,0.0794,0.53
18,True,0.304,0.766,10,-6.837,0,0.0369,7.68e-05,0.449,0.229,0.0978
39,False,0.66,0.86,1,-6.883,0,0.0593,0.124,2.35e-06,0.948,0.742
39,False,0.664,0.893,10,-3.627,0,0.15,0.0748,0.0,0.351,0.773
20,False,0.499,0.956,1,-3.406,1,0.114,0.00282,0.0,0.363,0.345
57,False,0.584,0.284,7,-12.714,1,0.0409,0.305,0.000903,0.162,0.386
14,False,0.723,0.695,10,-9.602,0,0.0425,0.0512,0.638,0.336,0.583
52,False,0.311,0.209,0,-14.662,1,0.0302,0.734,0.000175,0.0791,0.231
12,False,0.421,0.856,1,-7.915,0,0.319,0.877,8.22e-06,0.659,0.487
35,False,0.22,0.422,5,-6.45,1,0.033,0.00676,4.65e-06,0.295,0.179
39,False,0.586,0.406,9,-10.181,0,0.0304,0.267,0.582,0.113,0.068
36,False,0.677,0.912,11,-3.592,0,0.0361,0.216,0.0,0.16,0.614
47,False,0.605,0.678,0,-3.257,1,0.0311,0.642,0.0,0.157,0.439
25,False,0.185,0.985,6,-4.485,1,0.119,5.91e-06,0.594,0.337,0.0931
58,True,0.481,0.335,7,-17.999,0,0.223,0.977,0.000142,0.18,0.514
48,False,0.434,0.904,1,-3.994,1,0.0387,0.00142,0.635,0.931,0.349
0,False,0.387,0.786,11,-4.127,1,0.0436,0.0195,0.0,0.123,0.462
65,False,0.701,0.844,4,-6.629,1,0.133,0.152,0.626,0.194,0.198
47,True,0.621,0.44,2,-5.673,1,0.204,0.384,2.08e-05,0.352,0.0933
24,True,0.744,0.502,2,-9.603,1,0.312,0.246,1.68e-06,0.0511,0.7
0,False,0.702,0.768,10,-5.58,0,0.057,0.715,1.3e-05,0.0684,0.817
0,False,0.475,0.407,4,-9.239,0,0.0368,0.247,0.0,0.144,0.226
25,False,0.436,0.336,10,-9.894,1,0.0307,0.0455,0.0,0.7,0.143
24,False,0.316,0.781,2,-7.311,1,0.113,0.135,3.05e-05,0.336,0.293
0,False,0.755,0.792,6,-4.238,1,0.0483,0.028,0.0,0.0754,0.842
1,False,0.626,0.829,5,-6.795,0,0.0537,0.00458,0.0601,0.227,0.191
65,True,0.67,0.607,5,-6.44,0,0.444,0.396,0.0,0.238,0.863
0,False,0.636,0.761,9,-7.752,0,0.035,0.00383,0.00784,0.0851,0.462
36,False,0.411,0.691,0,-6.309,1,0.0379,0.755,2.61e-06,0.688,0.629
47,False,0.775,0.728,4,-6.89,0,0.0481,0.283,0.0,0.253,0.707
51,False,0.502,0.718,2,-5.87,1,0.0303,0.0181,8.31e-06,0.289,0.36
33,False,0.133,0.000272,6,-27.129,1,0.0635,0.0663,0.305,0.113,0.0379
20,False,0.48,0.758,3,-14.047,0,0.952,0.921,0.0,0.829,0.813
27,False,0.787,0.798,9,-9.715,0,0.047,0.0039,0.938,0.0282,0.515
24,False,0.367,0.995,1,-0.624,1,0.464,0.2,0.000384,0.391,0.225
16,False,0.604,0.992,10,-2.298,0,0.266,0.000776,0.596,0.128,0.448
72,False,0.764,0.626,0,-8.274,1,0.0288,0.457,6.35e-06,0.201,0.961
0,False,0.439,0.196,0,-16.093,1,0.0601,0.88,0.0,0.0513,0.525
54,False,0.18,0.915,0,-6.855,1,0.0946,0.0224,1.43e-05,0.0929,0.101
33,False,0.594,0.644,5,-4.996,1,0.0387,0.395,7.49e-05,0.109,0.393
0,True,0.583,0.76,1,-5.71,0,0.318,0.188,0.0,0.13,0.449
30,False,0.518,0.938,7,-5.046,1,0.299,0.00576,0.0,0.705,0.0933
37,False,0.393,0.389,9,-9.054,0,0.0362,0.722,0.0,0.846,0.278
45,False,0.633,0.616,9,-7.395,1,0.0288,0.126,0.0,0.078,0.7
46,False,0.807,0.0977,0,-15.128,1,0.0427,0.97,4.16e-05,0.0863,0.462
43,False,0.797,0.834,7,-7.232,1,0.0899,0.001,0.635,0.101,0.316
42,False,0.458,0.362,5,-10.043,1,0.0305,0.979,0.494,0.118,0.223
38,False,0.658,0.725,0,-6.427,1,0.0295,0.000534,0.225,0.154,0.644
0,False,0.698,0.861,2,-7.21,1,0.0344,0.000237,0.471,0.0758,0.169
25,True,0.818,0.587,7,-7.527,1,0.315,0.0645,0.0,0.359,0.62
25,False,0.686,0.656,7,-8.92,1,0.0327,0.802,0.867,0.498,0.487
18,False,0.618,0.831,9,-7.018,0,0.0802,0.429,0.321,0.168,0.92
45,False,0.571,0.924,9,-4.727,1,0.197,0.179,4.07e-06,0.719,0.5
28,False,0.497,0.429,6,-9.611,0,0.194,0.219,1.9e-06,0.0841,0.391
0,False,0.491,0.964,7,-8.105,1,0.0981,3.77e-06,0.542,0.196,0.352
28,False,0.739,0.555,1,-6.896,1,0.342,0.419,0.0,0.122,0.597
16,False,0.443,0.704,9,-7.39,0,0.05,0.000474,0.699,0.676,0.038
12,False,0.574,0.944,2,-5.8,1,0.0715,0.00322,0.00859,0.159,0.188
27,False,0.678,0.412,4,-17.291,0,0.0412,0.746,0.908,0.106,0.231
59,False,0.896,0.764,0,-4.271,1,0.0767,0.174,2.36e-05,0.0677,0.601
62,False,0.491,0.533,9,-7.594,1,0.0473,0.393,0.0,0.0944,0.214
42,False,0.922,0.432,1,-8.503,1,0.42,0.161,0.0,0.0541,0.809
72,False,0.323,0.349,7,-12.524,1,0.0761,0.965,0.00548,0.116,0.2
34,False,0.56,0.972,8,-4.457,1,0.0666,0.00408,0.0,0.245,0.587
38,False,0.43,0.303,5,-13.12,1,0.0665,0.552,0.0984,0.298,0.0398
44,False,0.64,0.722,4,-6.264,1,0.0396,0.0965,0.0,0.272,0.52
21,False,0.64,0.696,0,-8.37,1,0.0269,0.000532,0.00155,0.294,0.892
0,False,0.904,0.817,8,-3.956,1,0.0871,0.0254,0.000141,0.232,0.753
43,False,0.645,0.944,0,-5.451,1,0.0565,0.0133,0.0,0.667,0.396
32,False,0.386,0.115,11,-17.686,0,0.0314,0.985,0.888,0.149,0.12
40,False,0.592,0.412,0,-9.381,1,0.0263,0.563,4e-05,0.102,0.192
62,False,0.643,0.729,0,-10.231,1,0.0297,0.674,7.99e-06,0.173,0.963
54,False,0.389,0.0631,5,-20.318,1,0.0339,0.859,0.000315,0.314,0.347
44,False,0.559,0.955,4,-3.924,1,0.0412,0.00237,7.06e-05,0.0566,0.957
40,False,0.648,0.912,2,-5.493,1,0.0744,0.0863,0.0432,0.641,0.694
54,False,0.794,0.471,1,-10.046,0,0.0541,0.749,1.68e-05,0.101,0.52
19,False,0.424,0.321,7,-11.358,1,0.0613,0.501,0.601,0.106,0.213
0,False,0.393,0.277,7,-10.757,1,0.0314,0.7,0.0,0.0966,0.123
21,False,0.568,0.416,0,-5.531,0,0.0398,0.000302,2.68e-06,0.0371,0.282
18,False,0.0916,0.998,11,-5.353,0,0.17,0.00229,0.16,0.522,0.0615
65,False,0.525,0.964,5,-3.451,0,0.0571,0.000328,5.5e-06,0.0527,0.385
41,False,0.535,0.88,1,-4.896,0,0.0429,0.000705,0.434,0.117,0.227
22,False,0.365,0.973,10,-6.117,1,0.242,3.23e-05,1.73e-06,0.0969,0.301
40,False,0.524,0.739,9,-7.28,1,0.0305,0.336,0.0,0.833,0.473
44,False,0.402,0.641,6,-7.217,1,0.0392,0.17,0.0,0.367,0.192
22,False,0.637,0.299,8,-10.587,1,0.14,0.988,0.684,0.2,0.847
17,False,0.761,0.745,11,-4.651,1,0.0457,0.12,1.1e-05,0.0551,0.7
49,False,0.315,0.0904,10,-20.46,1,0.0424,0.988,0.879,0.11,0.1
45,False,0.63,0.472,11,-11.289,0,0.0558,0.49,0.555,0.0967,0.185
49,True,0.717,0.289,2,-9.113,1,0.0452,0.297,0.286,0.0945,0.171
77,False,0.48,0.542,0,-8.51,1,0.0348,0.345,0.000609,0.113,0.567
31,False,0.352,0.931,10,-6.607,1,0.339,0.328,0.22,0.359,0.499
15,False,0.369,0.955,5,-7.553,0,0.0866,3.52e-06,0.0791,0.312,0.213
7,False,0.278,0.495,9,-9.6,0,0.0384,0.921,0.141,0.749,0.838
45,False,0.487,0.413,7,-14.143,0,0.249,0.634,0.856,0.189,0.155
61,True,0.734,0.472,1,-8.192,0,0.306,0.494,0.00293,0.102,0.387
0,True,0.789,0.71,4,-4.574,0,0.353,0.37,0.0,0.155,0.826
47,False,0.543,0.944,3,-6.749,0,0.0443,0.000284,0.0396,0.753,0.393
0,False,0.503,0.582,0,-4.324,1,0.0253,0.472,0.0,0.103,0.326
0,False,0.523,0.246,5,-10.139,1,0.0382,0.99,0.195,0.0788,0.69
29,False,0.627,0.73,0,-6.775,1,0.0458,0.342,0.0,0.0751,0.242
0,False,0.745,0.598,10,-6.053,1,0.0975,0.129,0.0,0.678,0.789
26,False,0.535,0.933,10,-2.267,0,0.0505,0.000454,0.000837,0.259,0.378
17,False,0.172,0.951,6,-5.129,0,0.0992,0.0,0.886,0.115,0.197
0,False,0.498,0.432,9,-14.386,1,0.0345,0.688,0.0,0.136,0.365
0,False,0.304,0.34,3,-12.157,1,0.0298,0.88,4e-05,0.223,0.308
60,False,0.537,0.2,5,-16.798,0,0.0457,0.721,0.952,0.279,0.0964
18,False,0.627,0.856,0,-8.674,0,0.0326,0.0203,0.911,0.872,0.777
9,False,0.789,0.735,3,-7.557,0,0.108,0.331,0.00203,0.0811,0.69
39,False,0.726,0.736,0,-7.861,1,0.0464,0.0972,0.0,0.0701,0.914
35,False,0.789,0.912,6,-4.458,0,0.0665,0.0907,3.64e-05,0.329,0.672
0,False,0.457,0.224,9,-19.476,0,0.0344,0.715,1.2e-06,0.224,0.48
58,False,0.695,0.729,6,-6.274,0,0.0322,0.0738,0.000182,0.533,0.872
22,False,0.292,0.568,5,-18.75,1,0.0718,0.144,0.63,0.177,0.218
0,False,0.602,0.553,11,-9.336,1,0.0328,0.108,0.0,0.0512,0.971
29,False,0.749,0.681,7,-12.435,0,0.0438,0.725,0.0,0.126,0.963
61,False,0.762,0.387,10,-8.643,0,0.0277,0.239,0.00756,0.13,0.274
13,False,0.527,0.594,8,-6.698,1,0.0329,0.0207,0.834,0.119,0.106
0,False,0.593,0.287,1,-12.472,1,0.0469,0.764,0.0,0.153,0.639
44,False,0.753,0.51,6,-5.501,1,0.0513,0.249,0.0,0.321,0.702
53,False,0.712,0.819,11,-5.641,1,0.0387,0.119,0.0,0.141,0.701
22,False,0.548,0.504,6,-7.907,0,0.0567,0.136,0.0,0.145,0.6
21,False,0.521,0.317,0,-13.559,1,0.0299,0.878,0.928,0.193,0.198
11,False,0.411,0.906,1,-11.763,1,0.159,1.87e-06,0.957,0.0755,0.321
50,False,0.496,0.7,9,-5.511,1,0.0604,0.623,0.0,0.763,0.485
57,False,0.604,0.122,10,-11.408,1,0.0676,0.917,0.0,0.114,0.135
71,False,0.715,0.89,11,-5.438,0,0.051,0.00111,0.000837,0.0297,0.891
52,False,0.572,0.738,7,-6.738,1,0.0348,0.0281,0.0274,0.0555,0.215
8,False,0.503,0.405,7,-13.706,0,0.0416,0.371,0.000873,0.15,0.419
18,False,0.544,0.697,4,-7.36,0,0.0323,0.205,0.000121,0.193,0.654
0,False,0.453,0.778,1,-5.626,0,0.0367,0.00033,0.0,0.122,0.133
23,True,0.371,0.982,8,-5.886,1,0.512,0.359,0.543,0.065,0.0785
56,False,0.494,0.72,7,-5.093,1,0.0568,0.398,0.0,0.341,0.553
0,True,0.643,0.605,4,-5.968,0,0.297,0.0336,0.0,0.112,0.145
28,True,0.451,0.471,3,-12.27,1,0.305,0.69,0.000524,0.131,0.389
43,False,0.284,0.937,2,-4.411,1,0.164,0.00102,0.0,0.934,0.288
38,False,0.481,0.725,9,-6.621,1,0.0338,0.736,0.0,0.208,0.815
28,False,0.815,0.396,1,-16.94,1,0.176,0.215,0.884,0.108,0.28
30,False,0.692,0.955,9,-3.809,1,0.0418,0.195,0.0,0.134,0.891
15,False,0.671,0.686,0,-11.221,1,0.0475,0.00306,0.851,0.112,0.708
45,False,0.626,0.665,7,-10.134,0,0.0574,0.00775,0.756,0.0811,0.0327
0,False,0.896,0.859,11,-4.232,0,0.21,0.154,0.000109,0.212,0.938
12,False,0.669,0.67,10,-12.287,0,0.0478,0.85,0.85,0.106,0.739
18,False,0.68,0.312,5,-10.804,1,0.0294,0.816,0.0,0.082,0.298
50,False,0.662,0.525,6,-8.546,0,0.0341,0.281,0.0,0.199,0.577
49,False,0.537,0.596,5,-8.481,0,0.0343,0.276,0.77,0.358,0.109
0,False,0.631,0.867,10,-2.207,1,0.036,0.237,0.0,0.12,0.916
41,False,0.421,0.858,10,-4.881,1,0.0574,0.0117,0.000458,0.192,0.411
35,False,0.714,0.924,7,-4.227,1,0.0639,0.00722,0.000324,0.0368,0.592
37,False,0.572,0.552,2,-9.699,1,0.123,0.557,0.0,0.0614,0.231
50,True,0.786,0.798,7,-6.777,1,0.268,0.0579,0.0,0.247,0.714
67,False,0.651,0.562,9,-5.787,1,0.0302,0.601,0.0,0.121,0.607
50,False,0.686,0.228,0,-18.453,1,0.0494,0.97,0.937,0.0745,0.0968
13,False,0.416,0.912,10,-5.188,1,0.133,4.42e-05,3.73e-05,0.0826,0.352
24,False,0.289,0.978,11,-4.042,0,0.117,1.6e-05,0.0,0.0859,0.319
14,False,0.755,0.41,8,-16.203,1,0.0399,0.211,0.841,0.124,0.505
22,False,0.615,0.931,9,-7.613,1,0.0393,0.0414,0.000247,0.0973,0.787
69,False,0.263,0.759,0,-7.288,1,0.0431,0.0555,0.0,0.231,0.429
44,False,0.719,0.817,0,-8.511,1,0.0656,0.157,0.00509,0.483,0.645
24,False,0.543,0.336,9,-10.701,0,0.0371,0.824,0.0472,0.117,0.292
25,False,0.608,0.707,11,-9.369,0,0.266,0.204,0.0,0.362,0.472
0,False,0.623,0.668,6,-7.282,0,0.0531,0.475,0.0,0.0862,0.823
41,False,0.596,0.464,4,-7.512,1,0.027,0.43,0.0,0.109,0.237
38,False,0.694,0.912,0,-3.619,1,0.0297,0.073,0.0,0.0406,0.793
53,False,0.722,0.821,5,-5.325,1,0.0567,0.0528,3.8e-05,0.196,0.752
40,False,0.744,0.785,8,-7.417,1,0.36,0.11,4.87e-06,0.0989,0.732
35,False,0.617,0.948,11,-4.069,0,0.085,0.208,0.0,0.865,0.467
18,False,0.273,0.792,5,-3.315,1,0.0864,1.4e-05,0.885,0.709,0.16
23,True,0.587,0.406,10,-18.515,1,0.927,0.919,0.0,0.751,0.48
20,False,0.481,0.401,1,-14.62,1,0.338,0.0465,0.0,0.129,0.541
36,False,0.713,0.812,9,-3.579,0,0.0402,0.195,2.13e-06,0.0785,0.93
21,False,0.586,0.865,9,-5.987,0,0.0588,0.361,0.000464,0.0919,0.148
32,False,0.591,0.411,9,-6.597,1,0.0238,0.522,4.91e-06,0.0926,0.601
39,False,0.335,0.376,7,-8.329,0,0.0328,0.558,0.000104,0.172,0.268
2,False,0.614,0.724,7,-7.521,1,0.0247,0.217,0.000256,0.146,0.902
45,False,0.447,0.556,4,-8.112,0,0.0306,0.0355,0.894,0.0937,0.13
50,False,0.753,0.267,4,-12.078,0,0.0602,0.363,0.55,0.122,0.0554
0,False,0.587,0.419,11,-9.067,1,0.0992,0.624,0.0,0.291,0.607
20,False,0.572,0.953,0,-3.634,0,0.0608,0.00588,0.151,0.303,0.912
41,False,0.731,0.671,4,-9.307,0,0.0504,0.213,0.182,0.143,0.055
2,True,0.812,0.855,7,-3.725,1,0.0554,0.0789,0.000167,0.108,0.573
7,False,0.969,0.344,5,-11.164,1,0.12,0.726,0.000514,0.261,0.923
27,False,0.563,0.548,8,-9.317,0,0.028,0.315,0.906,0.127,0.442
23,False,0.382,0.86,9,-6.344,1,0.0763,0.0402,0.0,0.736,0.218
29,False,0.566,0.919,8,-4.296,1,0.0999,0.0317,0.0,0.47,0.661
47,False,0.417,0.559,2,-6.008,1,0.0384,0.619,0.0,0.24,0.601
1,False,0.483,0.917,6,-1.411,1,0.0397,0.00146,0.0,0.152,0.568
44,False,0.64,0.791,6,-5.342,1,0.0647,0.000627,0.0636,0.0802,0.311
24,False,0.276,0.934,6,-5.371,1,0.0716,6.41e-05,0.00219,0.297,0.307
27,False,0.26,0.0138,6,-29.226,1,0.0389,0.989,0.93,0.0964,0.0759
65,False,0.479,0.865,5,-8.281,0,0.0339,3.1e-05,0.228,0.182,0.77
20,False,0.589,0.899,11,-7.29,0,0.0458,0.000553,0.845,0.122,0.28
61,False,0.435,0.953,0,-5.327,1,0.0423,0.246,0.0,0.123,0.612
17,False,0.422,0.811,0,-6.974,1,0.0429,0.0102,0.0374,0.0781,0.212
42,False,0.494,0.464,6,-5.747,1,0.0315,0.153,0.0,0.354,0.471
32,False,0.557,0.944,10,-4.04,0,0.08,0.000845,6.28e-06,0.413,0.729
72,False,0.702,0.86,7,-3.969,1,0.0345,0.361,1.33e-06,0.133,0.829
79,True,0.273,0.952,11,-8.762,1,0.0843,0.0169,0.0111,0.142,0.472
45,False,0.579,0.648,4,-6.624,0,0.0533,0.247,8.64e-06,0.211,0.74
60,False,0.667,0.407,9,-9.467,1,0.0323,0.138,0.118,0.0961,0.551
26,False,0.769,0.647,8,-8.527,1,0.0475,0.157,0.654,0.145,0.733
35,False,0.753,0.469,2,-13.787,0,0.0767,0.278,3.68e-06,0.161,0.577
76,False,0.348,0.652,3,-7.145,1,0.0931,0.0165,0.000264,0.33,0.172
28,True,0.313,0.981,2,-3.922,1,0.0921,2.19e-05,0.971,0.153,0.149
36,False,0.54,0.506,7,-7.046,1,0.0576,0.29,0.0,0.792,0.618
43,False,0.572,0.958,0,-5.136,1,0.0709,0.00818,9.75e-06,0.394,0.36
40,False,0.692,0.603,7,-8.056,1,0.0308,0.335,0.0,0.6,0.66
0,False,0.647,0.801,1,-2.946,0,0.249,0.0451,0.0,0.0628,0.517
47,False,0.72,0.529,10,-8.928,1,0.0406,0.559,2.1e-05,0.163,0.267
81,True,0.583,0.61,5,-5.639,0,0.0382,0.00425,0.000105,0.14,0.336
38,False,0.596,0.807,7,-5.319,1,0.0435,0.447,0.0,0.534,0.804
50,False,0.623,0.22,2,-16.672,1,0.0423,0.813,5.8e-05,0.107,0.475
55,False,0.632,0.866,1,-5.445,0,0.0488,0.0556,5.75e-06,0.518,0.835
46,False,0.618,0.535,1,-6.941,1,0.0421,0.00115,0.0,0.377,0.154
47,False,0.643,0.905,2,-8.215,1,0.0476,0.551,0.0,0.828,0.892
25,False,0.341,0.893,11,-4.896,1,0.102,0.00136,1.72e-05,0.0671,0.463
0,False,0.477,0.459,5,-10.214,1,0.0261,0.715,0.000742,0.228,0.326
0,False,0.602,0.553,11,-9.336,1,0.0328,0.108,0.0,0.0512,0.971
49,False,0.294,0.467,0,-8.776,0,0.0328,0.312,0.0,0.431,0.322
0,False,0.862,0.79,4,-8.412,0,0.0672,0.0418,0.00615,0.0746,0.587
0,False,0.844,0.934,7,-1.223,0,0.078,0.17,0.000121,0.134,0.647
18,False,0.634,0.794,7,-4.337,1,0.0415,0.0192,0.708,0.0741,0.205
21,False,0.226,0.0992,8,-16.949,1,0.0468,0.987,0.00366,0.11,0.0395
37,True,0.726,0.587,5,-9.899,0,0.271,0.149,0.0,0.171,0.432
0,False,0.563,0.383,2,-7.544,0,0.0322,0.283,2.59e-06,0.127,0.358
68,False,0.59,0.642,7,-3.87,1,0.122,0.0771,0.0,0.105,0.651
42,False,0.468,0.94,0,-5.654,0,0.085,0.302,0.0,0.971,0.757
23,False,0.538,0.95,0,-6.607,1,0.0527,0.000697,0.0,0.963,0.802
54,False,0.81,0.543,0,-12.257,1,0.03,0.79,5.67e-05,0.145,0.823
41,False,0.583,0.722,6,-4.478,1,0.0322,0.093,9.03e-06,0.359,0.272
52,False,0.688,0.802,11,-4.321,1,0.0683,0.000384,0.0008,0.0652,0.649
19,False,0.506,0.951,11,-3.285,0,0.19,0.000481,0.0239,0.097,0.277
23,False,0.664,0.695,0,-9.387,1,0.0308,0.454,0.0403,0.37,0.887
38,False,0.682,0.852,5,-4.585,1,0.0629,0.249,0.0,0.892,0.571
6,False,0.306,0.588,10,-7.373,0,0.0625,0.495,0.0,0.178,0.542
73,False,0.495,0.326,7,-12.29,1,0.0365,0.541,8.85e-05,0.0996,0.371
48,False,0.839,0.389,6,-6.429,0,0.0736,0.352,0.0,0.097,0.735
0,False,0.746,0.458,11,-8.844,1,0.0312,0.0631,0.0,0.167,0.942
37,False,0.422,0.903,11,-3.443,1,0.0413,0.302,0.0,0.754,0.649
65,False,0.524,0.882,5,-3.038,1,0.0367,0.108,1.1e-06,0.071,0.399
48,False,0.739,0.599,9,-10.002,1,0.0335,0.158,0.393,0.0679,0.318
38,False,0.57,0.681,8,-11.716,0,0.0365,0.33,0.862,0.108,0.25
40,False,0.66,0.543,11,-12.914,0,0.0457,0.628,0.0135,0.0834,0.423
57,False,0.721,0.496,4,-8.063,1,0.0508,0.845,0.0,0.11,0.217
1,False,0.445,0.0553,11,-10.806,0,0.053,0.938,0.0,0.0865,0.22
43,False,0.668,0.596,1,-10.061,0,0.204,0.105,5.43e-06,0.318,0.786
53,False,0.467,0.124,1,-22.377,1,0.0516,0.992,0.879,0.0912,0.123
0,False,0.288,0.675,6,-4.514,0,0.0577,0.0741,0.0,0.527,0.337
45,False,0.49,0.923,11,-3.774,0,0.0722,0.251,8.52e-06,0.982,0.703
40,False,0.415,0.219,11,-13.636,0,0.0475,0.36,0.288,0.203,0.0516
69,False,0.766,0.664,9,-6.932,0,0.177,0.334,0.0,0.115,0.509
19,False,0.362,0.222,2,-18.202,0,0.0622,0.842,6.91e-06,0.643,0.266
21,True,0.699,0.707,7,-5.592,1,0.0452,0.00792,2.72e-05,0.0699,0.187
0,False,0.726,0.779,1,-7.057,0,0.0251,0.0178,0.00178,0.104,0.841
37,False,0.406,0.966,2,-3.515,0,0.0768,0.00113,0.0,0.0714,0.497
66,False,0.527,0.462,5,-5.504,1,0.0494,0.227,0.0,0.164,0.334
23,False,0.582,0.142,0,-16.699,1,0.038,0.868,0.903,0.114,0.179
24,True,0.453,0.95,2,-7.697,1,0.102,6.22e-05,0.00037,0.348,0.24
49,False,0.494,0.437,11,-9.18,1,0.0265,0.15,0.0,0.109,0.304
0,False,0.693,0.77,11,-6.98,1,0.0762,0.0127,0.000613,0.0655,0.883
1,False,0.378,0.934,11,-3.702,0,0.107,0.0013,0.0149,0.322,0.602
41,False,0.753,0.888,4,-6.049,0,0.0984,0.629,0.0,0.531,0.648
51,False,0.625,0.341,7,-6.949,1,0.0291,0.796,0.0,0.0764,0.199
0,False,0.659,0.975,5,-2.704,1,0.0356,0.0295,0.0,0.254,0.768
31,False,0.672,0.691,8,-4.546,0,0.195,0.276,0.0,0.138,0.812
38,False,0.494,0.419,11,-9.345,1,0.0333,0.626,4.39e-06,0.178,0.373
0,False,0.586,0.715,11,-5.962,0,0.159,0.013,1.15e-06,0.54,0.59
30,False,0.436,0.755,8,-6.447,1,0.0835,0.314,0.0,0.113,0.505
74,False,0.44,0.778,1,-1.786,0,0.0327,0.0265,1.04e-06,0.151,0.304
44,False,0.609,0.651,6,-14.3,0,0.0419,0.509,0.837,0.107,0.195
0,False,0.598,0.447,8,-7.932,1,0.0404,0.224,0.0,0.0704,0.365
36,False,0.546,0.257,9,-14.826,1,0.0298,0.932,0.886,0.131,0.0965
33,True,0.598,0.457,9,-6.081,0,0.0602,0.661,0.000331,0.146,0.225
56,False,0.618,0.842,9,-4.384,0,0.0772,0.0452,0.000216,0.0737,0.734
43,False,0.667,0.372,9,-12.071,0,0.0568,0.732,0.0,0.128,0.551
66,True,0.536,0.721,10,-6.44,0,0.386,0.062,0.0,0.824,0.393
49,False,0.627,0.505,6,-12.659,1,0.0549,0.197,0.0149,0.0583,0.146
7,False,0.0919,0.222,5,-30.436,1,0.0817,0.61,0.961,0.157,0.0484
20,False,0.422,0.419,10,-18.244,1,0.0464,0.831,0.766,0.263,0.972
23,False,0.4,0.212,7,-17.638,1,0.0516,0.776,5.37e-06,0.185,0.597
50,False,0.853,0.406,4,-11.658,1,0.0483,0.587,0.855,0.09,0.0825
47,False,0.459,0.399,6,-9.954,1,0.0339,0.433,0.0,0.682,0.374
12,False,0.398,0.356,2,-11.305,1,0.0306,0.989,2.22e-05,0.214,0.775
0,False,0.708,0.598,5,-8.365,1,0.0291,0.037,0.0,0.17,0.698
32,False,0.485,0.608,4,-7.177,0,0.0275,0.464,0.0,0.278,0.823
50,False,0.344,0.672,6,-5.888,0,0.0586,0.00877,1.04e-06,0.196,0.133
38,True,0.812,0.516,6,-10.386,0,0.377,0.0913,0.0,0.119,0.792
50,False,0.828,0.313,2,-10.054,1,0.0666,0.322,0.0,0.126,0.518
0,False,0.857,0.796,9,-6.866,0,0.0527,0.079,0.0,0.0503,0.944
47,False,0.724,0.646,11,-4.495,1,0.0658,0.0977,0.179,0.0647,0.824
50,False,0.624,0.337,11,-11.117,1,0.463,0.834,0.0,0.106,0.614
58,True,0.492,0.712,9,-7.278,0,0.691,0.564,9.1e-05,0.357,0.23
26,False,0.553,0.567,0,-7.814,1,0.0294,0.262,5.69e-05,0.143,0.404
43,False,0.633,0.636,9,-6.805,1,0.0413,0.497,0.0,0.168,0.548
50,False,0.412,0.916,8,-5.596,1,0.298,0.0234,0.826,0.408,0.464
0,True,0.408,0.166,11,-15.823,0,0.0562,0.941,0.0,0.327,0.39
0,False,0.325,0.536,5,-6.04,1,0.0323,0.614,0.0,0.251,0.218
0,False,0.593,0.646,4,-5.251,1,0.0396,0.173,0.0,0.112,0.571
39,False,0.565,0.208,10,-12.778,1,0.0323,0.823,5.14e-06,0.109,0.449
23,False,0.571,0.316,7,-9.215,1,0.0274,0.641,3.54e-06,0.153,0.512
47,False,0.595,0.96,10,-7.336,1,0.0675,0.00133,0.926,0.13,0.0999
56,False,0.657,0.944,1,-6.753,0,0.0552,0.0025,0.0,0.371,0.442
38,True,0.733,0.452,8,-9.27,0,0.155,0.668,0.0,0.0925,0.294
15,False,0.661,0.531,7,-8.866,1,0.0351,0.731,0.0,0.103,0.621
58,False,0.763,0.735,11,-3.9,0,0.185,0.154,0.0,0.391,0.532
21,False,0.583,0.749,10,-6.92,1,0.0333,0.358,0.606,0.243,0.961
24,False,0.687,0.252,2,-15.706,1,0.0304,0.267,0.0,0.0782,0.391
0,False,0.634,0.689,11,-5.406,1,0.0307,0.0109,0.0,0.114,0.899
40,False,0.643,0.4,7,-8.87,1,0.0325,0.355,0.0,0.0728,0.177
19,False,0.439,0.133,0,-15.374,1,0.0697,0.994,0.0129,0.347,0.0711
35,False,0.334,0.879,7,-6.921,1,0.0359,5.66e-06,0.016,0.0506,0.947
53,False,0.498,0.879,1,-4.3,1,0.057,0.0216,0.0,0.112,0.64
52,False,0.564,0.824,6,-4.803,1,0.0294,7.41e-05,0.92,0.122,0.229
65,False,0.343,0.692,2,-3.926,1,0.0355,0.00218,0.0,0.112,0.153
19,False,0.496,0.418,0,-7.518,1,0.0417,0.902,0.0,0.111,0.791
32,False,0.0,0.999,7,-7.477,1,0.0,0.358,0.999,0.965,0.0
10,False,0.731,0.515,0,-6.135,1,0.0344,0.757,0.000315,0.125,0.717
43,False,0.704,0.773,4,-7.454,0,0.119,0.0238,9.82e-05,0.0868,0.791
10,False,0.815,0.681,11,-10.065,0,0.0693,8.43e-05,0.201,0.05,0.547
50,False,0.733,0.859,9,-5.03,0,0.033,0.479,0.0645,0.105,0.52
18,False,0.81,0.683,5,-7.73,0,0.0338,0.000313,0.578,0.103,0.0701
37,False,0.731,0.567,7,-6.862,1,0.0376,0.779,2.51e-06,0.0726,0.818
55,False,0.368,0.949,2,-6.178,1,0.141,7.76e-05,0.00429,0.0341,0.347
46,False,0.65,0.361,7,-10.614,1,0.0328,0.722,0.0,0.097,0.54
52,False,0.495,0.559,0,-8.888,1,0.047,0.613,0.0,0.141,0.322
0,False,0.541,0.321,5,-14.418,1,0.0329,0.714,0.00345,0.101,0.549
53,False,0.364,0.483,7,-8.22,1,0.0317,0.281,1.53e-06,0.113,0.7
46,False,0.435,0.0519,1,-21.756,1,0.0452,0.982,0.937,0.102,0.035
49,False,0.428,0.201,0,-12.399,1,0.044,0.917,0.000436,0.116,0.187
0,False,0.576,0.682,3,-4.212,1,0.0369,0.726,0.0,0.236,0.919
0,True,0.536,0.723,6,-4.761,0,0.268,0.0149,7.78e-05,0.0952,0.724
32,False,0.259,0.828,0,-3.894,1,0.0756,0.0101,1.82e-06,0.147,0.713
2,False,0.675,0.375,6,-8.985,1,0.0452,0.542,2.5e-06,0.0951,0.187
72,False,0.701,0.638,6,-3.711,1,0.302,0.492,0.0,0.153,0.813
16,False,0.248,0.534,6,-8.27,1,0.0523,0.0438,0.633,0.119,0.0357
50,False,0.46,0.29,11,-10.357,1,0.0318,0.904,0.0,0.103,0.371
40,False,0.414,0.986,10,-2.777,0,0.129,0.00194,1.08e-06,0.376,0.273
62,True,0.648,0.727,0,-3.791,1,0.142,0.229,0.0,0.17,0.689
60,False,0.521,0.895,7,-5.242,1,0.0442,5.54e-05,0.349,0.0985,0.237
43,False,0.595,0.18,9,-11.391,1,0.0298,0.89,0.0,0.113,0.261
35,False,0.422,0.93,7,-3.521,1,0.35,0.0163,0.0,0.251,0.636
39,False,0.737,0.684,4,-4.357,0,0.044,0.0161,0.00215,0.114,0.402
51,False,0.442,0.748,2,-5.632,1,0.0538,0.0129,0.0,0.0917,0.191
21,False,0.217,0.936,9,-4.072,1,0.0734,0.0442,0.00813,0.308,0.333
53,True,0.848,0.875,10,-5.018,0,0.0702,0.174,0.00709,0.0741,0.431
13,False,0.227,0.995,4,-5.943,0,0.222,0.000342,0.0248,0.247,0.0383
0,False,0.574,0.883,9,-6.686,0,0.136,0.0606,0.0,0.0524,0.692
57,False,0.27,0.612,10,-6.101,1,0.0336,0.174,0.205,0.119,0.116
56,False,0.702,0.326,1,-11.575,1,0.0313,0.731,0.000287,0.146,0.556
41,False,0.516,0.964,6,-4.21,0,0.0736,0.00109,0.518,0.188,0.195
38,False,0.439,0.689,7,-6.592,1,0.034,0.0524,0.0,0.136,0.641
17,False,0.47,0.869,2,-8.245,1,0.0376,5.15e-05,0.0914,0.0801,0.448
41,False,0.644,0.553,0,-6.756,1,0.0271,0.778,1.19e-06,0.106,0.551
47,False,0.49,0.819,9,-4.239,1,0.0884,0.328,0.0,0.288,0.803
0,False,0.787,0.872,9,-2.117,1,0.143,0.0067,0.000193,0.136,0.696
44,False,0.349,0.242,3,-9.713,1,0.028,0.763,1.12e-06,0.218,0.0749
41,False,0.531,0.794,4,-9.402,0,0.0608,0.206,0.0393,0.983,0.59
41,False,0.299,0.663,7,-7.279,1,0.0409,0.0288,0.0,0.48,0.427
75,False,0.645,0.792,4,-7.34,0,0.036,0.0562,0.0121,0.119,0.666
2,False,0.303,0.976,5,-3.583,0,0.225,0.00266,0.135,0.0707,0.193
40,False,0.673,0.713,3,-7.04,1,0.0423,0.0927,0.000197,0.141,0.169
75,True,0.571,0.481,9,-7.179,1,0.0444,0.697,0.0,0.089,0.0807
59,False,0.663,0.817,0,-7.793,0,0.0332,0.000118,0.37,0.0683,0.113
41,False,0.75,0.158,6,-24.285,0,0.337,0.964,0.922,0.223,0.507
39,False,0.727,0.821,5,-8.491,1,0.04,0.305,0.0,0.798,0.963
2,False,0.518,0.948,6,-5.579,0,0.0676,0.00512,0.0996,0.228,0.548
21,False,0.626,0.856,5,-4.634,0,0.0678,0.0299,0.0145,0.648,0.386
0,False,0.633,0.372,2,-11.809,1,0.0413,0.534,0.0,0.13,0.362
29,False,0.779,0.98,4,-4.86,1,0.0429,0.166,0.0,0.338,0.891
20,False,0.497,0.691,5,-13.981,0,0.0321,0.0086,0.00611,0.0843,0.0956
58,False,0.602,0.893,0,-5.113,1,0.0327,0.0938,0.00474,0.348,0.845
39,False,0.487,0.682,0,-6.373,0,0.075,0.369,0.566,0.134,0.446
21,False,0.585,0.757,8,-2.869,0,0.402,0.363,0.0,0.0649,0.969
42,False,0.699,0.783,3,-10.002,1,0.0502,0.217,0.0,0.164,0.656
64,False,0.443,0.893,5,-3.496,0,0.154,0.128,0.0,0.328,0.826
20,False,0.682,0.722,0,-9.216,1,0.0472,0.381,0.933,0.158,0.207
51,False,0.486,0.878,0,-3.068,1,0.151,1.52e-05,0.533,0.124,0.205
24,False,0.44,0.351,5,-17.708,0,0.0768,0.826,0.939,0.12,0.147
56,False,0.295,0.374,2,-11.457,1,0.0293,0.836,0.385,0.137,0.293
0,False,0.729,0.619,5,-6.155,0,0.0346,0.0451,0.0,0.0953,0.623
27,False,0.255,0.955,4,-4.835,1,0.0946,3.55e-05,0.828,0.398,0.748
24,False,0.419,0.951,1,-5.33,1,0.0407,0.00156,0.888,0.109,0.173
7,False,0.725,0.538,8,-13.905,1,0.0342,0.501,0.594,0.106,0.372
25,True,0.622,0.92,10,-4.745,1,0.0815,0.0117,2.37e-05,0.36,0.49
68,True,0.559,0.491,2,-6.406,0,0.0346,0.0567,0.0,0.0992,0.114
7,False,0.145,0.276,5,-19.913,0,0.0409,0.304,0.915,0.223,0.0335
0,False,0.429,0.477,6,-6.225,0,0.0311,0.766,0.000638,0.16,0.327
58,False,0.647,0.792,11,-5.103,0,0.0372,0.389,1.65e-05,0.147,0.499
52,False,0.751,0.87,7,-3.582,1,0.0796,0.409,4.42e-05,0.315,0.941
29,False,0.389,0.373,3,-6.627,1,0.0317,0.907,0.00041,0.334,0.272
59,False,0.59,0.63,9,-6.735,1,0.0279,0.469,1.02e-05,0.15,0.227
23,False,0.391,0.384,9,-12.102,0,0.931,0.812,0.0,0.756,0.241
80,True,0.466,0.833,7,-4.215,1,0.304,0.0266,0.0,0.0327,0.661
60,False,0.493,0.284,2,-12.815,1,0.0309,0.953,0.00739,0.151,0.199
26,False,0.111,0.284,2,-15.98,1,0.038,0.396,0.95,0.0726,0.0787
0,False,0.664,0.744,0,-8.318,1,0.0543,0.284,0.858,0.937,0.463
24,False,0.516,0.944,2,-2.793,1,0.0672,0.0724,0.0,0.245,0.597
54,False,0.287,0.654,2,-5.57,1,0.0374,0.593,7.3e-06,0.11,0.241
44,False,0.728,0.5,10,-9.436,1,0.0534,0.76,0.0,0.0379,0.938
79,False,0.56,0.936,3,-5.835,1,0.0439,0.00847,0.0,0.161,0.371
12,False,0.254,0.928,1,-7.543,1,0.0768,1.43e-06,0.966,0.2,0.454
0,False,0.477,0.459,5,-10.214,1,0.0261,0.715,0.000742,0.228,0.326
44,True,0.76,0.571,4,-3.074,1,0.0409,0.234,0.0,0.116,0.212
6,False,0.961,0.877,11,-5.38,0,0.151,0.00166,1.54e-05,0.275,0.365
17,False,0.459,0.172,11,-13.136,0,0.0427,0.806,0.0,0.108,0.306
1,False,0.389,0.105,0,-13.362,0,0.0465,0.931,0.0,0.122,0.27
50,False,0.429,0.356,7,-11.524,1,0.0362,0.891,0.0,0.115,0.431
56,False,0.66,0.814,8,-3.179,1,0.0382,0.0183,0.0,0.139,0.248
40,False,0.588,0.492,9,-9.111,0,0.0931,0.000573,0.726,0.256,0.328
48,False,0.605,0.828,0,-4.932,1,0.0403,0.278,0.0,0.38,0.555
21,False,0.32,0.783,4,-6.834,1,0.059,0.0088,0.000484,0.165,0.852
34,False,0.424,0.96,7,-4.13,0,0.14,0.00101,0.0,0.0935,0.412
36,False,0.414,0.639,9,-6.234,1,0.0305,0.0684,0.0,0.102,0.347
76,False,0.554,0.963,6,-3.762,0,0.035,0.000244,0.0702,0.431,0.918
37,False,0.321,0.123,5,-14.226,1,0.0354,0.918,8.49e-06,0.0934,0.192
59,False,0.749,0.74,10,-8.528,0,0.0313,0.0005,0.154,0.112,0.887
50,False,0.376,0.364,9,-10.742,1,0.0347,0.817,0.0,0.794,0.389
30,False,0.673,0.885,6,-7.007,1,0.0327,0.000975,0.807,0.0845,0.549
56,False,0.552,0.967,11,-2.01,0,0.0607,0.0207,2.2e-05,0.355,0.451
0,False,0.138,0.173,7,-17.603,1,0.0371,0.955,0.928,0.161,0.159
25,False,0.587,0.65,2,-8.891,0,0.0296,0.00118,0.223,0.137,0.358
27,False,0.467,0.483,2,-10.804,0,0.0482,0.748,0.013,0.0369,0.723
5,True,0.812,0.855,7,-3.725,1,0.0554,0.0789,0.000167,0.108,0.573
0,False,0.491,0.379,9,-8.686,1,0.0334,0.515,0.0,0.345,0.61
55,False,0.605,0.649,5,-5.794,1,0.151,0.0253,0.0,0.136,0.547
1,False,0.278,0.145,9,-29.531,0,0.0394,0.807,0.004,0.271,0.61
7,False,0.647,0.801,1,-2.946,0,0.249,0.0451,0.0,0.0628,0.517
47,False,0.407,0.0605,11,-24.98,0,0.0361,0.978,0.719,0.279,0.328
56,False,0.615,0.785,1,-6.151,0,0.0402,0.00244,0.0,0.16,0.376
38,False,0.477,0.755,0,-8.496,1,0.0377,0.599,5.31e-06,0.761,0.669
28,False,0.503,0.483,0,-6.693,0,0.0349,0.95,0.0324,0.146,0.375
41,False,0.554,0.702,7,-10.33,1,0.0304,0.17,5.73e-05,0.986,0.359
36,False,0.299,0.128,5,-16.762,1,0.0367,0.949,0.876,0.118,0.0369
42,False,0.578,0.757,5,-6.481,1,0.0344,0.575,0.0,0.154,0.652
0,False,0.671,0.575,7,-8.998,1,0.0575,0.0046,0.000217,0.123,0.647
41,False,0.348,0.497,8,-6.496,1,0.0328,0.783,0.0,0.0643,0.207
23,False,0.717,0.353,3,-6.821,0,0.1,0.861,0.0146,0.141,0.789
12,False,0.32,0.127,7,-13.535,1,0.0298,0.86,0.815,0.113,0.217
55,False,0.593,0.683,6,-7.616,0,0.0285,0.0431,0.122,0.247,0.303
31,False,0.234,0.99,4,-5.627,1,0.0825,2.53e-05,0.213,0.343,0.21
74,False,0.733,0.96,7,-3.597,1,0.0295,0.0514,0.00199,0.287,0.811
0,False,0.693,0.874,1,-3.923,0,0.0693,0.034,8.33e-06,0.289,0.647
22,False,0.37,0.631,9,-12.23,1,0.0919,0.168,0.169,0.104,0.506
0,False,0.649,0.517,9,-5.227,0,0.0273,0.54,0.0,0.0601,0.185
46,False,0.425,0.583,9,-6.971,0,0.04,0.744,0.000689,0.116,0.345
7,False,0.58,0.695,6,-8.244,0,0.0671,0.00638,0.0,0.174,0.402
53,False,0.354,0.581,9,-6.074,1,0.0302,0.201,0.661,0.177,0.338
36,False,0.646,0.458,2,-9.319,1,0.0304,0.00362,0.0,0.239,0.628
1,False,0.69,0.858,0,-4.431,1,0.0529,0.189,0.0,0.113,0.755
80,False,0.64,0.743,10,-4.08,1,0.0379,0.269,0.0,0.101,0.361
28,False,0.764,0.986,1,-2.677,0,0.165,0.165,0.0,0.0951,0.384
37,True,0.453,0.959,7,-3.597,1,0.0928,0.0433,0.0,0.398,0.625
74,False,0.409,0.932,11,-4.538,0,0.0339,1.87e-05,1.6e-06,0.31,0.591
58,False,0.663,0.642,3,-8.107,1,0.0343,0.835,0.101,0.11,0.102
32,False,0.762,0.63,9,-7.401,1,0.243,0.532,0.0,0.0727,0.819
10,False,0.573,0.874,1,-7.135,1,0.0345,0.000146,0.199,0.146,0.648
0,False,0.553,0.337,10,-10.334,1,0.0303,0.818,0.0,0.113,0.664
29,False,0.801,0.673,7,-4.989,0,0.0657,0.569,0.0,0.101,0.789
48,True,0.684,0.832,5,-4.44,1,0.0351,0.275,0.0,0.0278,0.96
34,False,0.914,0.505,6,-10.435,1,0.0516,2.83e-05,0.0773,0.0665,0.964
25,True,0.692,0.643,9,-7.102,1,0.0627,0.549,0.0,0.245,0.8
18,False,0.462,0.688,1,-7.369,0,0.0355,0.499,0.0553,0.131,0.387
58,False,0.5,0.184,8,-13.323,0,0.0381,0.926,0.0,0.16,0.493
0,False,0.469,0.984,11,-2.954,0,0.255,0.00672,0.000836,0.337,0.237
75,False,0.583,0.712,2,-4.942,0,0.0326,0.2,0.0,0.268,0.778
23,False,0.422,0.997,5,-3.17,0,0.169,7.26e-05,0.0318,0.341,0.044
10,False,0.705,0.922,10,-3.957,0,0.0429,4.94e-05,0.78,0.101,0.614
44,False,0.688,0.675,1,-3.929,0,0.0826,0.297,0.0,0.0761,0.605
35,False,0.939,0.566,11,-6.296,1,0.0546,0.0413,2.21e-06,0.0782,0.857
20,False,0.738,0.718,7,-3.166,1,0.309,0.269,0.0,0.0912,0.46
11,False,0.685,0.468,10,-17.205,0,0.0401,0.00527,0.902,0.0706,0.648
46,False,0.548,0.952,7,-6.934,1,0.339,0.182,0.0,0.971,0.635
16,False,0.766,0.722,7,-5.652,0,0.0505,0.00106,0.49,0.0865,0.709
57,False,0.399,0.512,8,-5.801,1,0.0357,0.583,0.0,0.104,0.197
58,False,0.299,0.982,9,-2.197,0,0.135,0.000352,0.293,0.118,0.0398
3,False,0.627,0.675,5,-7.125,0,0.212,0.125,0.0,0.0784,0.961
14,False,0.686,0.494,10,-10.809,0,0.0431,0.332,0.871,0.127,0.706
32,False,0.155,0.176,9,-32.33,1,0.0881,0.161,0.169,0.384,0.00492
21,False,0.28,0.98,7,-8.968,0,0.0859,0.00728,0.606,0.152,0.0662
11,False,0.543,0.388,6,-13.5,1,0.0512,0.851,0.0911,0.136,0.063
57,False,0.514,0.512,1,-8.775,1,0.135,0.434,0.0,0.112,0.213
38,False,0.575,0.898,10,-4.158,1,0.0446,0.256,6.14e-05,0.88,0.619
41,False,0.706,0.563,7,-9.806,1,0.0382,0.0117,0.000115,0.126,0.806
0,False,0.183,0.986,6,-5.133,0,0.0692,1.75e-05,0.000106,0.179,0.291
59,False,0.623,0.613,10,-10.099,1,0.0698,0.231,0.0,0.12,0.918
69,False,0.581,0.28,4,-9.091,0,0.0381,0.936,1.56e-05,0.305,0.813
59,True,0.727,0.831,6,-5.713,1,0.31,0.0632,3.63e-05,0.487,0.504
55,False,0.575,0.985,6,-3.493,1,0.0747,0.00379,0.155,0.0471,0.0762
10,False,0.393,0.601,1,-8.019,1,0.289,0.0922,0.0,0.369,0.571
0,False,0.523,0.322,0,-8.957,1,0.0285,0.535,0.0,0.132,0.3
48,False,0.53,0.746,11,-5.196,1,0.0281,0.156,0.0,0.362,0.435
0,True,0.768,0.374,7,-12.49,1,0.723,0.288,1.67e-06,0.111,0.398
50,False,0.808,0.742,11,-4.227,1,0.118,0.118,0.0,0.118,0.561
30,False,0.644,0.562,1,-11.125,0,0.0394,0.648,0.837,0.123,0.384
57,False,0.479,0.673,1,-4.977,1,0.0531,0.000568,6.13e-05,0.093,0.747
44,False,0.621,0.53,4,-10.788,1,0.0367,0.102,0.0,0.239,0.768
67,False,0.506,0.882,9,-8.683,1,0.0737,0.000655,0.795,0.174,0.14
0,False,0.649,0.517,9,-5.227,0,0.0273,0.54,0.0,0.0601,0.185
40,False,0.421,0.858,10,-4.881,1,0.0574,0.0117,0.000458,0.192,0.411
50,False,0.432,0.564,2,-7.369,0,0.0407,0.298,0.233,0.356,0.398
0,False,0.381,0.894,7,-8.638,1,0.037,0.0258,0.0,0.0251,0.797
48,False,0.605,0.79,7,-5.675,1,0.0348,0.0229,0.0,0.0955,0.644
73,False,0.518,0.797,6,-5.153,1,0.0309,0.000681,0.0,0.107,0.293
0,False,0.112,0.978,4,-2.64,1,0.117,0.000108,0.0241,0.117,0.371
16,False,0.789,0.84,4,-8.457,0,0.061,0.178,0.0396,0.0602,0.697
45,False,0.817,0.871,6,-2.072,1,0.0798,0.581,0.0,0.275,0.967
32,False,0.757,0.673,11,-8.338,0,0.0428,0.0111,0.781,0.115,0.447
2,False,0.63,0.967,5,-4.835,0,0.0488,0.0104,0.784,0.104,0.0743
17,False,0.644,0.964,2,-7.143,1,0.057,0.0198,0.291,0.3,0.241
40,False,0.543,0.794,7,-5.369,1,0.297,0.00304,0.801,0.168,0.174
45,False,0.736,0.495,9,-5.128,1,0.0425,0.156,0.0,0.125,0.846
45,False,0.4,0.521,0,-8.986,1,0.0404,0.657,9.2e-05,0.34,0.639
56,False,0.398,0.39,2,-11.841,1,0.097,0.424,0.0,0.946,0.266
0,False,0.696,0.715,7,-7.741,1,0.0314,0.34,0.0,0.18,0.959
26,False,0.593,0.663,3,-7.396,1,0.0329,0.158,0.0,0.0887,0.426
46,False,0.411,0.464,0,-10.568,0,0.076,0.154,0.721,0.117,0.377
20,False,0.586,0.986,4,-7.549,0,0.061,0.092,0.123,0.316,0.248
50,False,0.697,0.354,5,-15.064,1,0.206,0.892,2.48e-06,0.0539,0.575
58,False,0.622,0.846,11,-4.831,0,0.0311,0.00316,0.0,0.0989,0.914
46,False,0.698,0.846,4,-4.245,0,0.0465,0.041,0.0,0.166,0.11
33,False,0.619,0.601,0,-8.727,0,0.0333,0.148,0.00235,0.146,0.373
67,False,0.595,0.817,11,-6.187,0,0.0474,0.000712,0.0386,0.142,0.483
0,False,0.322,0.189,0,-13.902,1,0.0331,0.774,0.0,0.108,0.158
0,False,0.566,0.825,10,-4.245,1,0.0416,0.00308,0.0,0.0779,0.609
19,False,0.217,0.965,7,-2.378,0,0.0605,8.89e-06,0.688,0.237,0.253
30,False,0.638,0.65,5,-7.266,1,0.0337,0.813,0.00764,0.21,0.904
33,False,0.434,0.0658,5,-14.271,1,0.0429,0.901,0.0,0.351,0.286
44,True,0.498,0.498,8,-8.809,1,0.424,0.42,0.0,0.101,0.367
23,False,0.758,0.481,11,-10.637,0,0.0365,5.16e-05,0.949,0.615,0.44
18,False,0.546,0.897,1,-5.875,1,0.0786,1.31e-05,0.00668,0.629,0.244
0,False,0.647,0.876,10,-5.662,1,0.185,0.881,3.59e-05,0.26,0.949
25,False,0.314,0.465,4,-5.115,1,0.0333,0.973,0.059,0.233,0.325
18,False,0.472,0.929,1,-4.439,1,0.0412,0.0137,0.0262,0.166,0.0663
41,False,0.731,0.85,11,-5.067,0,0.0412,0.141,0.0,0.272,0.835
43,False,0.697,0.376,1,-10.987,1,0.0821,0.565,0.0,0.118,0.14
49,False,0.489,0.859,0,-7.783,0,0.0327,0.273,0.976,0.0856,0.425
38,False,0.594,0.727,7,-4.507,1,0.0536,0.311,0.0,0.0662,0.277
47,False,0.438,0.568,0,-8.865,1,0.033,0.089,0.0,0.0879,0.14
41,False,0.367,0.469,7,-8.293,1,0.0275,0.0705,0.0179,0.118,0.28
1,False,0.602,0.831,4,-4.887,1,0.0365,0.0164,0.000736,0.184,0.722
1,True,0.414,0.718,3,-6.295,0,0.116,0.21,0.0,0.079,0.566
26,False,0.546,0.887,2,-5.684,1,0.114,0.114,0.0,0.847,0.626
29,False,0.625,0.638,9,-12.998,0,0.0406,0.183,0.0,0.0798,0.661
0,False,0.636,0.88,9,-2.853,1,0.137,0.296,2.97e-06,0.0793,0.228
37,False,0.254,0.208,4,-23.672,1,0.0429,0.922,0.613,0.634,0.145
17,True,0.223,0.897,9,-11.907,1,0.0971,8.42e-06,0.191,0.131,0.221
48,False,0.586,0.856,2,-3.224,1,0.257,0.0172,2.95e-05,0.118,0.31
37,False,0.39,0.997,10,-0.198,1,0.333,0.0942,0.0,0.0829,0.158
0,False,0.163,0.815,1,-1.066,0,0.084,0.106,0.632,0.219,0.167
0,False,0.695,0.494,9,-11.419,1,0.058,0.31,0.0,0.0888,0.816
22,False,0.486,0.755,7,-9.549,1,0.0463,0.111,2.76e-05,0.233,0.966
0,False,0.458,0.231,4,-16.326,0,0.0376,0.855,0.885,0.075,0.232
0,False,0.516,0.172,0,-12.172,1,0.0264,0.767,0.0,0.113,0.152
0,False,0.33,0.367,11,-13.211,1,0.0461,0.975,0.0,0.359,0.394
9,False,0.852,0.468,11,-8.738,0,0.257,0.00555,0.0985,0.123,0.532
21,False,0.243,0.793,2,-7.546,0,0.0502,0.0225,0.153,0.0522,0.116
0,False,0.572,0.848,7,-10.054,1,0.125,0.739,4.67e-06,0.245,0.927
53,True,0.723,0.89,6,-4.83,1,0.0606,0.157,0.0,0.0571,0.836
62,False,0.861,0.82,1,-4.807,0,0.0728,0.032,4.76e-06,0.0706,0.781
21,False,0.338,0.193,6,-14.908,0,0.0314,0.775,0.857,0.109,0.066
9,False,0.7,0.549,1,-17.226,1,0.0324,0.541,0.833,0.129,0.831
45,False,0.633,0.616,9,-7.395,1,0.0288,0.126,0.0,0.078,0.7
39,False,0.614,0.857,6,-5.751,0,0.0356,0.0109,0.33,0.116,0.21
53,False,0.425,0.375,0,-13.693,0,0.0353,0.467,0.525,0.133,0.179
41,False,0.663,0.621,0,-10.973,1,0.0347,0.786,0.0516,0.214,0.973
55,False,0.807,0.485,3,-10.631,0,0.04,0.146,0.19,0.111,0.196
37,False,0.558,0.757,7,-4.404,1,0.05,0.304,0.0,0.139,0.147
42,False,0.504,0.271,5,-19.877,1,0.045,0.846,0.815,0.0872,0.0564
58,False,0.0791,0.00782,3,-38.003,1,0.0594,0.973,0.94,0.107,0.0345
0,False,0.731,0.951,5,-5.779,0,0.0463,0.00262,0.642,0.163,0.585
21,False,0.669,0.678,9,-6.929,1,0.0764,0.000686,0.831,0.425,0.0354
38,False,0.503,0.533,7,-8.722,1,0.0279,0.000937,0.112,0.207,0.439
27,False,0.511,0.986,2,-4.232,1,0.121,3.64e-05,0.00662,0.437,0.286
44,False,0.738,0.671,9,-8.821,1,0.127,0.72,2.06e-06,0.0593,0.967
42,False,0.659,0.462,5,-11.42,1,0.11,0.113,0.0,0.115,0.423
21,False,0.724,0.873,4,-7.402,1,0.155,0.00103,0.514,0.0843,0.492
0,False,0.819,0.708,0,-4.706,1,0.0605,0.0157,8.62e-05,0.081,0.363
34,False,0.58,0.494,7,-13.402,0,0.0453,0.0488,0.787,0.114,0.908
31,False,0.642,0.877,7,-2.218,1,0.172,0.117,0.0,0.331,0.934
15,False,0.752,0.313,10,-13.688,0,0.078,0.398,0.847,0.198,0.359
86,True,0.591,0.764,1,-5.484,1,0.0483,0.0383,0.0,0.103,0.478
23,False,0.646,0.852,4,-5.111,0,0.0457,0.0965,0.752,0.0962,0.277
50,False,0.607,0.948,9,-3.282,1,0.0509,0.295,0.0,0.368,0.883
0,False,0.74,0.818,3,-6.283,0,0.0366,0.0972,0.00424,0.267,0.889
51,False,0.582,0.979,11,-2.492,0,0.0714,0.125,0.00152,0.339,0.196
60,False,0.799,0.542,0,-7.142,1,0.0308,0.0858,1.5e-06,0.126,0.673
0,False,0.248,0.0657,0,-18.973,1,0.0318,0.968,0.877,0.111,0.0793
44,False,0.147,0.00604,6,-40.227,1,0.0442,0.95,0.853,0.114,0.035
28,False,0.645,0.626,7,-7.551,1,0.0364,0.259,0.00887,0.115,0.307
49,False,0.586,0.487,11,-9.29,1,0.0341,0.769,0.0001,0.181,0.693
0,False,0.484,0.782,2,-4.656,1,0.0252,0.149,0.004,0.191,0.753
78,False,0.454,0.4,3,-10.261,1,0.0265,0.139,0.846,0.137,0.327
55,True,0.903,0.241,0,-12.643,0,0.0833,0.62,0.00298,0.109,0.275
58,False,0.653,0.0584,4,-21.98,1,0.0442,0.847,0.000361,0.175,0.163
20,False,0.364,0.92,5,-6.584,0,0.0687,0.00768,0.0738,0.378,0.163
26,False,0.602,0.935,5,-0.971,1,0.0412,0.000803,0.079,0.722,0.187
0,False,0.839,0.701,9,-6.029,1,0.0944,0.0165,0.00365,0.0513,0.273
34,False,0.789,0.853,10,-6.294,0,0.0485,0.000345,0.818,0.0431,0.317
25,False,0.453,0.27,11,-9.874,1,0.0457,0.122,9.13e-05,0.0865,0.378
0,False,0.738,0.617,8,-8.334,0,0.0377,0.000152,0.129,0.0651,0.624
38,False,0.398,0.318,3,-12.283,1,0.0299,0.544,6.02e-06,0.0875,0.137
41,False,0.571,0.944,7,-5.28,1,0.196,8.57e-06,0.692,0.442,0.616
41,False,0.436,0.981,2,-5.52,1,0.104,0.0217,5.03e-06,0.91,0.489
32,False,0.587,0.726,4,-4.345,1,0.0301,0.372,0.000744,0.12,0.527
2,False,0.873,0.658,4,-8.031,0,0.108,0.00858,0.0061,0.0999,0.483
77,True,0.8,0.837,6,-2.807,0,0.0491,0.00406,0.00313,0.0904,0.702
19,False,0.701,0.829,10,-0.564,0,0.052,0.152,9.23e-05,0.36,0.333
4,False,0.757,0.571,7,-4.547,0,0.0906,0.264,8.97e-06,0.313,0.538
36,False,0.466,0.926,7,-4.457,1,0.114,0.194,0.0,0.0837,0.509
36,False,0.528,0.374,4,-8.554,1,0.0364,0.781,0.0,0.243,0.49
11,False,0.302,0.828,6,-8.878,1,0.0953,0.0252,0.293,0.387,0.557
18,False,0.602,0.867,3,-1.859,1,0.054,0.153,4.91e-06,0.145,0.686
25,False,0.619,0.95,9,-5.294,0,0.0874,0.00552,0.0169,0.188,0.872
7,False,0.484,0.76,7,-6.752,1,0.223,0.00177,0.0105,0.0907,0.194
1,False,0.616,0.387,6,-11.813,1,0.0314,0.227,0.514,0.116,0.435
42,False,0.533,0.697,10,-8.384,1,0.101,0.59,0.043,0.869,0.636
15,True,0.789,0.661,5,-2.798,0,0.283,0.0888,1.87e-05,0.0645,0.65
27,True,0.419,0.95,3,-4.41,0,0.0847,0.000853,0.679,0.112,0.105
18,False,0.749,0.821,1,-6.497,1,0.0571,0.00132,0.862,0.0602,0.539
65,False,0.432,0.936,3,-4.537,0,0.0562,0.00691,0.0,0.14,0.499
68,False,0.228,0.224,7,-12.749,1,0.0311,0.946,0.000222,0.273,0.18
44,False,0.571,0.761,2,-6.512,0,0.0385,0.486,0.0,0.554,0.881
0,False,0.403,0.367,10,-15.286,1,0.0425,0.992,0.0117,0.287,0.153
0,False,0.491,0.942,7,-5.333,1,0.109,0.156,0.0,0.367,0.398
13,False,0.244,0.939,7,-4.964,1,0.126,4.91e-05,0.532,0.0819,0.0546
39,True,0.531,0.876,3,-4.253,1,0.0382,0.003,1.67e-06,0.127,0.205
67,False,0.654,0.832,7,-4.164,0,0.0293,0.0126,0.0901,0.102,0.407
37,False,0.643,0.886,0,-8.651,1,0.0536,0.226,0.0,0.0461,0.961
41,True,0.569,0.836,1,-4.912,0,0.0296,4.69e-05,0.0862,0.1,0.655
40,False,0.965,0.482,4,-8.959,1,0.356,0.112,3.78e-06,0.0784,0.424
46,False,0.645,0.406,11,-11.286,0,0.0381,0.882,0.899,0.0887,0.226
76,False,0.398,0.927,9,-4.212,1,0.0567,6.2e-05,0.000177,0.0575,0.311
39,False,0.499,0.705,7,-6.589,0,0.0548,0.355,0.000107,0.135,0.881
12,False,0.871,0.719,5,-6.124,1,0.0508,0.115,0.0,0.281,0.249
32,False,0.734,0.867,11,-5.632,0,0.0456,0.0968,0.0,0.1,0.962
29,False,0.372,0.976,2,-3.367,1,0.0664,0.0138,0.0,0.332,0.699
78,False,0.805,0.418,7,-14.374,1,0.0979,0.459,0.0,0.288,0.966
32,False,0.185,0.994,10,-23.446,1,0.0475,0.805,0.988,0.278,1e-05
56,False,0.404,0.662,7,-8.606,0,0.059,0.547,2.99e-05,0.346,0.507
6,False,0.416,0.964,9,-2.967,1,0.112,2.35e-05,0.000875,0.473,0.212
55,False,0.641,0.147,11,-14.812,1,0.0337,0.954,1.91e-06,0.111,0.287
0,False,0.525,0.0623,1,-16.836,1,0.05,0.994,0.157,0.106,0.17
23,False,0.714,0.891,1,-7.649,0,0.119,0.315,0.788,0.389,0.106
0,False,0.602,0.553,11,-9.336,1,0.0328,0.108,0.0,0.0512,0.971
1,False,0.454,0.805,7,-4.947,1,0.0313,0.0229,0.0,0.358,0.591
56,False,0.707,0.893,7,-7.449,1,0.0543,0.00712,0.819,0.0802,0.159
4,False,0.563,0.916,9,-6.58,0,0.0397,0.00139,0.37,0.356,0.19
26,False,0.632,0.694,9,-10.35,1,0.0331,0.000324,0.612,0.117,0.117
0,False,0.798,0.698,7,-7.823,1,0.0971,0.0285,0.837,0.686,0.202
57,False,0.555,0.941,9,-3.294,0,0.0481,0.484,0.0,0.266,0.813
38,False,0.383,0.599,7,-5.511,0,0.11,0.197,0.0,0.0747,0.419
15,False,0.795,0.729,5,-17.626,1,0.0542,0.0235,0.939,0.0733,0.747
58,False,0.868,0.634,4,-6.122,0,0.212,0.0493,0.000383,0.085,0.352
18,False,0.493,0.937,10,-6.66,0,0.0592,0.00381,0.283,0.137,0.345
21,False,0.467,0.653,7,-4.288,1,0.03,0.156,0.0,0.112,0.262
64,False,0.561,0.519,2,-8.467,1,0.0395,0.223,0.0,0.156,0.2
18,False,0.549,0.694,1,-7.444,1,0.0591,0.00072,0.818,0.415,0.122
0,False,0.684,0.824,2,-5.723,0,0.164,0.447,0.0,0.529,0.704
45,False,0.635,0.577,2,-5.913,0,0.286,0.297,0.0,0.103,0.574
42,False,0.719,0.948,9,-5.591,1,0.0613,0.0024,0.226,0.0875,0.19
68,False,0.442,0.444,4,-9.804,1,0.042,0.744,0.0,0.0671,0.386
61,False,0.647,0.71,0,-4.692,1,0.029,0.000973,0.703,0.0777,0.268
59,False,0.588,0.178,8,-17.502,1,0.0489,0.877,0.0,0.107,0.358
27,False,0.29,0.946,4,-2.736,1,0.0899,1.08e-05,0.601,0.126,0.0486
41,True,0.678,0.721,0,-5.237,0,0.376,0.526,8.91e-06,0.152,0.36
50,False,0.622,0.697,5,-8.666,1,0.0285,0.401,0.00163,0.339,0.316
57,False,0.74,0.759,0,-7.911,1,0.0379,0.139,0.116,0.0707,0.147
20,False,0.215,0.158,7,-25.836,1,0.0436,0.947,0.846,0.691,0.238
23,False,0.679,0.466,4,-9.988,1,0.0495,0.544,0.683,0.06,0.7
0,True,0.744,0.535,6,-9.499,0,0.0736,0.279,0.0,0.143,0.106
0,False,0.24,0.907,4,-4.051,1,0.0941,3.15e-05,0.757,0.421,0.0357
23,True,0.3,0.997,5,-2.443,1,0.095,0.000166,0.0241,0.463,0.196
43,True,0.541,0.849,5,-6.773,0,0.146,0.00487,5.09e-06,0.126,0.498
60,False,0.64,0.945,10,-3.359,0,0.0678,0.0113,0.00025,0.0627,0.261
4,False,0.708,0.598,5,-8.365,1,0.0291,0.037,0.0,0.17,0.698
11,False,0.765,0.742,1,-5.462,1,0.145,0.012,0.0896,0.103,0.508
62,False,0.576,0.798,9,-6.691,0,0.0351,0.125,0.134,0.137,0.399
42,False,0.67,0.521,10,-13.571,1,0.119,0.122,0.742,0.315,0.788
18,False,0.558,0.552,0,-9.254,0,0.0248,0.125,0.0,0.146,0.748
39,False,0.808,0.727,6,-8.291,0,0.0841,0.00619,0.784,0.198,0.303
59,True,0.377,0.723,7,-2.951,1,0.046,0.181,0.0,0.0815,0.167
34,False,0.532,0.772,2,-7.622,0,0.0434,0.0168,0.0164,0.112,0.189
0,False,0.529,0.648,1,-4.955,1,0.0422,0.288,0.0,0.0569,0.164
33,False,0.788,0.673,0,-4.98,1,0.095,0.0787,8.26e-06,0.123,0.361
0,True,0.709,0.56,4,-4.867,0,0.171,0.034,0.0,0.315,0.541
22,False,0.231,0.0404,0,-21.792,1,0.0387,0.853,0.884,0.114,0.179
0,False,0.86,0.547,0,-10.638,1,0.0786,0.231,1.02e-06,0.146,0.467
71,False,0.491,0.942,7,-5.333,1,0.132,0.156,0.0,0.367,0.387
35,False,0.605,0.941,0,-3.391,1,0.0869,0.136,0.0,0.391,0.612
23,False,0.635,0.627,4,-8.103,1,0.0313,0.874,4.55e-05,0.311,0.619
42,False,0.644,0.979,7,-7.925,1,0.0531,0.000593,0.844,0.184,0.0383
2,False,0.881,0.696,11,-3.838,0,0.0797,0.136,4.06e-05,0.0927,0.781
54,False,0.381,0.969,10,-4.956,0,0.141,4.59e-06,1.47e-05,0.143,0.338
0,False,0.524,0.487,6,-7.525,0,0.0299,0.253,0.0,0.0579,0.482
50,False,0.741,0.948,2,-4.822,1,0.0439,0.00398,0.827,0.103,0.177
57,False,0.504,0.754,8,-5.182,1,0.0424,0.139,0.0,0.126,0.583
28,False,0.741,0.0484,8,-18.962,0,0.0596,0.961,0.899,0.107,0.202
20,False,0.641,0.538,5,-5.208,1,0.0415,0.469,0.0,0.204,0.762
64,False,0.548,0.911,10,-3.701,1,0.0397,0.000345,0.0,0.23,0.654
0,False,0.509,0.287,5,-11.02,1,0.0636,0.693,0.0,0.335,0.545
39,False,0.384,0.927,9,-4.997,0,0.136,0.188,6.99e-06,0.428,0.479
32,True,0.677,0.946,6,-2.887,1,0.0548,0.184,3.73e-06,0.274,0.948
28,False,0.149,0.981,9,0.803,1,0.0552,0.0768,0.0872,0.12,0.915
0,False,0.182,0.0436,0,-20.946,1,0.0358,0.908,0.82,0.112,0.0391
16,False,0.841,0.577,0,-7.544,1,0.0438,0.238,0.86,0.0571,0.843
29,False,0.844,0.737,0,-7.398,1,0.0405,0.0584,0.0,0.122,0.954
0,False,0.677,0.744,10,-6.806,0,0.0296,0.0405,0.000153,0.074,0.631
67,False,0.647,0.726,3,-4.389,0,0.0552,0.157,0.0,0.0844,0.767
50,False,0.363,0.934,2,-5.034,1,0.0485,0.000341,0.777,0.329,0.132
42,False,0.698,0.73,4,-8.146,0,0.094,0.00786,8.57e-05,0.214,0.537
0,False,0.432,0.227,8,-12.213,1,0.0554,0.993,0.00165,0.413,0.282
60,False,0.747,0.758,11,-6.289,0,0.0742,0.0568,0.0,0.331,0.56
21,False,0.648,0.357,0,-8.105,1,0.0399,0.597,0.835,0.169,0.528
40,False,0.266,0.563,9,-7.234,0,0.0333,0.341,7.77e-06,0.26,0.255
1,True,0.739,0.525,2,-5.52,1,0.386,0.257,0.0,0.111,0.418
41,False,0.5,0.937,0,-4.606,1,0.0886,0.00633,0.0,0.686,0.341
61,False,0.389,0.485,3,-8.961,1,0.0348,0.7,3.28e-05,0.122,0.249
17,True,0.532,0.754,7,-8.811,1,0.0559,0.0199,4.51e-06,0.0636,0.309
0,False,0.639,0.61,0,-6.101,1,0.0446,0.481,0.0,0.203,0.812
63,True,0.861,0.508,0,-10.648,0,0.176,0.586,0.323,0.109,0.728
51,False,0.734,0.724,7,-11.339,0,0.0398,0.679,0.842,0.258,0.85
55,False,0.26,0.279,2,-11.095,0,0.0399,0.845,3.94e-05,0.105,0.0526
56,False,0.667,0.917,2,-6.316,0,0.0779,0.0973,0.000669,0.116,0.54
41,False,0.289,0.837,8,-3.284,1,0.0428,0.00671,2.59e-05,0.388,0.24
0,False,0.839,0.907,9,-4.259,1,0.0453,0.101,0.0,0.332,0.737
35,False,0.596,0.927,7,-3.962,1,0.0546,0.0294,0.0,0.0708,0.588
0,False,0.438,0.178,5,-9.402,1,0.0414,0.957,1.1e-06,0.316,0.344
0,False,0.0939,0.746,0,-19.883,1,0.157,0.945,0.98,0.196,0.035
32,False,0.608,0.821,1,-3.482,0,0.0379,0.0174,0.0,0.155,0.482
61,False,0.708,0.461,5,-12.25,1,0.0288,0.165,0.000869,0.0865,0.592
39,False,0.591,0.959,6,-6.325,0,0.0503,0.183,0.00511,0.399,0.896
58,False,0.695,0.845,7,-5.026,1,0.0363,0.0465,1.16e-06,0.117,0.456
49,False,0.549,0.692,0,-5.336,0,0.0315,0.379,0.0,0.0853,0.341
43,False,0.236,0.571,2,-7.986,1,0.0348,0.574,2.91e-05,0.0867,0.269
60,True,0.665,0.91,6,-4.682,0,0.223,0.0394,0.0,0.227,0.887
56,False,0.627,0.409,8,-7.355,1,0.0291,0.66,0.0,0.181,0.381
50,False,0.531,0.566,5,-6.427,1,0.0273,0.226,0.0,0.112,0.182
0,True,0.488,0.604,9,-6.465,1,0.0525,0.0421,0.0,0.242,0.32
56,False,0.21,0.179,3,-15.954,1,0.0341,0.962,0.934,0.103,0.06
23,False,0.353,0.671,7,-8.974,0,0.0389,0.121,0.279,0.166,0.305
66,False,0.442,0.855,6,-2.985,0,0.0288,0.00049,0.0137,0.273,0.363
77,False,0.6,0.713,6,-5.079,0,0.0592,0.0642,0.0,0.142,0.471
27,False,0.436,0.972,10,-2.589,0,0.0782,0.0381,0.0642,0.581,0.434
40,False,0.513,0.339,4,-11.336,0,0.0321,0.0414,0.0,0.158,0.305
32,False,0.42,0.914,7,-4.773,0,0.169,0.00231,0.0,0.0766,0.253
0,False,0.661,0.576,6,-6.025,0,0.485,0.026,0.0,0.0623,0.924
36,False,0.446,0.844,11,-5.206,0,0.039,0.0516,0.000186,0.187,0.894
9,False,0.643,0.17,6,-19.167,0,0.0485,0.948,0.127,0.0806,0.622
35,False,0.81,0.42,8,-9.689,1,0.0585,0.00349,0.547,0.108,0.0362
0,False,0.709,0.392,9,-17.241,0,0.0369,0.193,0.734,0.0631,0.951
72,False,0.572,0.654,7,-7.027,0,0.0344,0.0058,3.21e-06,0.09,0.399
17,False,0.14,0.922,4,-7.429,0,0.161,0.000197,0.355,0.0883,0.0398
72,False,0.491,0.802,4,-7.106,1,0.0392,0.25,0.0,0.387,0.472
23,False,0.44,0.467,9,-7.792,0,0.0422,0.785,0.0,0.181,0.288
0,False,0.38,0.346,2,-14.313,1,0.0417,0.648,0.000139,0.0511,0.358
61,False,0.676,0.782,0,-6.639,1,0.0344,0.0147,0.165,0.704,0.519
65,False,0.732,0.304,0,-13.086,0,0.111,0.747,6.13e-05,0.143,0.185
32,False,0.56,0.179,0,-13.172,1,0.0361,0.944,0.805,0.0837,0.408
15,False,0.821,0.824,5,-5.971,0,0.0334,0.412,0.871,0.11,0.692
43,True,0.702,0.586,8,-9.211,0,0.302,0.469,0.0,0.159,0.82
66,False,0.745,0.693,2,-5.479,0,0.034,0.339,0.0,0.123,0.248
64,True,0.559,0.77,10,-5.604,1,0.0319,0.0534,0.00127,0.135,0.145
0,False,0.634,0.836,8,-3.004,1,0.0427,0.00609,0.000157,0.0828,0.715
59,True,0.619,0.332,5,-13.864,1,0.0243,0.769,0.00551,0.069,0.645
54,True,0.867,0.403,6,-8.996,0,0.274,0.0535,7.73e-06,0.185,0.38
57,False,0.496,0.962,1,-4.087,1,0.11,0.000188,4.76e-05,0.306,0.174
47,False,0.619,0.58,5,-10.59,1,0.0405,0.347,0.0,0.158,0.655
40,False,0.641,0.628,5,-6.083,1,0.0319,0.334,0.0,0.157,0.963
51,False,0.386,0.739,2,-2.367,0,0.0384,0.033,2.23e-06,0.241,0.0666
28,False,0.728,0.702,7,-4.803,1,0.055,0.324,0.00104,0.108,0.936
40,False,0.349,0.927,1,-2.968,0,0.0432,0.00639,0.0,0.208,0.542
0,False,0.47,0.621,0,-6.763,1,0.0253,0.206,0.000725,0.135,0.396
27,False,0.445,0.217,7,-20.814,1,0.0407,0.965,0.874,0.111,0.168
29,False,0.637,0.591,11,-11.325,0,0.0306,0.169,0.0,0.636,0.754
62,True,0.676,0.858,1,-6.698,1,0.0391,0.00148,0.673,0.307,0.0371
0,False,0.596,0.906,1,-5.654,0,0.046,0.04,0.000184,0.285,0.746
19,False,0.523,0.844,8,-2.894,1,0.0666,0.142,0.0,0.267,0.682
71,False,0.73,0.699,10,-7.332,0,0.0434,0.0401,2.94e-06,0.129,0.624
21,True,0.501,0.88,6,-7.465,1,0.0517,0.00845,0.57,0.103,0.141
0,False,0.823,0.656,5,-6.141,0,0.11,0.257,0.0,0.329,0.713
25,False,0.598,0.625,0,-9.256,1,0.0427,0.026,0.000112,0.12,0.319
61,False,0.78,0.889,11,-4.053,1,0.0351,0.223,0.0,0.0484,0.961
14,False,0.547,0.81,8,-8.114,1,0.0464,0.0205,0.00628,0.102,0.397
0,False,0.452,0.457,0,-9.66,1,0.0287,0.28,3.59e-05,0.127,0.286
61,True,0.533,0.924,2,-2.697,1,0.154,0.0139,0.0,0.487,0.756
79,True,0.758,0.674,6,-4.533,1,0.108,0.0903,0.0,0.0902,0.424
27,False,0.78,0.773,10,-5.882,0,0.207,0.175,0.0,0.0878,0.557
1,False,0.474,0.916,8,-3.93,1,0.0624,0.00504,0.0,0.325,0.745
0,False,0.576,0.593,9,-6.024,0,0.0305,0.0459,0.000834,0.237,0.366
20,False,0.633,0.597,7,-7.583,1,0.0343,0.373,1.22e-06,0.102,0.708
11,False,0.39,0.995,9,-5.372,1,0.142,1.54e-06,0.941,0.306,0.176
52,False,0.345,0.954,10,-1.337,0,0.181,0.0143,0.0,0.11,0.246
52,False,0.518,0.44,3,-14.536,1,0.034,0.888,0.457,0.111,0.575
29,False,0.556,0.771,6,-6.065,0,0.148,0.00215,0.000691,0.116,0.0753
23,False,0.37,0.683,6,-9.647,0,0.0282,0.142,5.28e-05,0.279,0.271
0,False,0.551,0.958,7,-4.764,1,0.0395,0.00159,0.00563,0.328,0.366
81,True,0.916,0.844,7,-3.967,1,0.236,0.0394,0.0,0.0778,0.586
42,False,0.529,0.524,8,-6.522,0,0.0334,0.814,0.0,0.312,0.74
24,False,0.492,0.681,7,-6.292,1,0.0269,0.46,0.00498,0.192,0.67
48,False,0.406,0.494,7,-5.84,1,0.0332,0.561,0.0,0.123,0.223
71,False,0.64,0.427,5,-9.29,0,0.0241,0.0664,0.0,0.0579,0.529
20,False,0.612,0.277,4,-8.057,0,0.0462,0.98,0.216,0.15,0.724
54,True,0.774,0.537,6,-11.277,0,0.17,0.387,0.0,0.306,0.759
0,False,0.848,0.724,1,-6.595,0,0.0362,0.0289,0.000847,0.0666,0.479
24,False,0.392,0.601,5,-18.688,1,0.0805,0.889,0.709,0.888,0.375
38,False,0.666,0.824,1,-8.59,1,0.0283,0.438,2.34e-05,0.135,0.966
23,False,0.675,0.452,2,-11.492,1,0.0392,0.0149,0.284,0.0714,0.971
8,False,0.484,0.838,10,-16.897,0,0.0668,0.00509,0.648,0.293,0.253
54,False,0.264,0.875,9,-3.222,1,0.0551,0.00208,0.00771,0.176,0.403
61,True,0.811,0.508,10,-9.978,1,0.0499,0.0466,0.0,0.0906,0.0719
3,True,0.709,0.56,4,-4.867,0,0.171,0.034,0.0,0.315,0.541
13,False,0.474,0.159,9,-19.083,0,0.0449,0.993,0.898,0.0872,0.585
57,False,0.718,0.543,4,-11.238,1,0.0372,0.0606,0.0988,0.0646,0.37
80,False,0.448,0.606,3,-4.565,1,0.0609,0.577,0.0,0.217,0.483
25,False,0.324,0.936,10,-5.967,1,0.129,0.0185,0.000224,0.0782,0.899
26,False,0.233,0.857,0,-6.5,1,0.0696,0.000211,8.14e-05,0.0651,0.411
29,False,0.727,0.794,5,-7.988,1,0.0424,0.276,0.0,0.303,0.915
47,False,0.311,0.944,7,-1.734,1,0.14,0.0116,0.0,0.383,0.398
14,False,0.719,0.553,1,-12.137,0,0.0404,0.433,0.895,0.108,0.207
56,False,0.756,0.587,4,-5.142,1,0.0286,0.409,0.0,0.247,0.893
5,False,0.685,0.909,3,-4.034,0,0.0396,0.0471,0.0,0.35,0.922
65,False,0.348,0.169,1,-18.45,1,0.0413,0.959,0.889,0.1,0.107
50,False,0.694,0.46,6,-8.402,0,0.0699,0.358,0.0,0.089,0.162
0,False,0.84,0.507,5,-7.251,0,0.0304,0.29,0.0,0.241,0.703
13,False,0.765,0.657,2,-7.779,1,0.157,0.356,0.0,0.107,0.595
31,False,0.168,0.491,2,-9.047,1,0.0295,0.151,1.99e-05,0.806,0.224
0,False,0.609,0.293,9,-11.836,0,0.0761,0.778,0.168,0.106,0.193
70,False,0.588,0.881,0,-4.62,1,0.0666,0.000252,0.0,0.326,0.709
53,False,0.654,0.767,0,-6.307,1,0.0523,0.125,0.0,0.0838,0.404
53,False,0.641,0.617,5,-7.411,0,0.0307,0.413,0.0,0.112,0.941
0,False,0.627,0.704,0,-8.415,1,0.0497,0.0458,0.0859,0.113,0.781
31,False,0.376,0.376,4,-8.389,1,0.0281,0.33,0.000105,0.128,0.381
65,False,0.785,0.732,1,-3.976,0,0.0377,0.248,0.0,0.298,0.64
56,True,0.494,0.99,7,-2.28,1,0.176,2.01e-05,0.0,0.127,0.283
0,False,0.612,0.997,1,-2.524,1,0.204,0.0185,0.0,0.335,0.545
5,False,0.551,0.494,9,-11.164,1,0.0496,0.938,0.000934,0.339,0.592
34,False,0.524,0.969,5,-3.364,1,0.0403,0.000502,8.66e-05,0.0707,0.804
45,False,0.32,0.878,7,-5.771,1,0.0909,0.538,0.0,0.665,0.509
30,False,0.504,0.996,6,-3.836,1,0.136,7.75e-06,0.000248,0.21,0.218
0,False,0.428,0.292,7,-15.157,0,0.0307,0.859,0.00105,0.191,0.508
0,False,0.709,0.871,5,-4.126,0,0.175,0.134,0.0,0.316,0.667
66,False,0.501,0.445,6,-8.432,1,0.0337,0.772,0.0,0.117,0.388
50,False,0.604,0.622,2,-6.568,1,0.0465,0.498,0.0,0.128,0.195
22,False,0.423,0.958,9,-5.639,0,0.834,0.861,0.0,0.862,0.451
46,False,0.631,0.277,4,-13.779,1,0.0332,0.275,0.898,0.116,0.166
23,False,0.247,0.506,1,-7.998,0,0.0379,0.739,0.00163,0.0774,0.184
59,False,0.815,0.801,7,-4.271,0,0.143,0.229,1.14e-05,0.0762,0.533
0,False,0.475,0.715,8,-5.371,1,0.058,0.0863,2.67e-05,0.135,0.159
58,False,0.608,0.798,6,-5.092,0,0.0432,0.0736,0.0,0.156,0.5
30,True,0.415,0.713,0,-5.529,1,0.0345,0.0555,0.0,0.0811,0.361
63,True,0.535,0.819,8,-6.792,1,0.455,0.584,0.0,0.16,0.581
71,True,0.934,0.735,1,-6.668,1,0.251,0.031,8.6e-06,0.107,0.768
44,False,0.391,0.942,11,-7.998,1,0.0633,0.000295,0.715,0.181,0.322
58,False,0.469,0.596,7,-8.348,1,0.0749,0.0101,0.0,0.321,0.783
0,True,0.54,0.98,1,-3.463,1,0.0823,0.000169,1.56e-06,0.319,0.388
47,False,0.745,0.726,6,-7.816,0,0.044,0.0706,0.868,0.0731,0.259
49,False,0.568,0.339,10,-8.661,1,0.0289,0.687,2.52e-05,0.24,0.121
0,False,0.778,0.711,7,-11.367,1,0.0643,0.352,0.0473,0.969,0.858
62,False,0.622,0.239,5,-18.982,0,0.0447,0.859,0.051,0.109,0.737
55,False,0.493,0.312,8,-15.138,0,0.0386,0.742,0.925,0.115,0.153
70,False,0.504,0.401,0,-10.016,1,0.0958,0.805,0.00596,0.155,0.243
38,False,0.113,0.146,4,-19.294,1,0.033,0.925,0.958,0.0998,0.08
60,False,0.849,0.361,11,-10.057,1,0.0641,0.692,0.00673,0.14,0.553
54,False,0.472,0.832,3,-3.278,0,0.0339,0.00058,0.000255,0.256,0.839
15,False,0.365,0.763,7,-6.095,1,0.23,2.71e-05,0.637,0.297,0.0664
48,False,0.618,0.69,3,-4.311,1,0.0268,0.292,0.0,0.202,0.252
29,False,0.528,0.716,1,-7.478,1,0.0308,0.104,0.0,0.0552,0.851
0,False,0.67,0.983,3,-2.052,0,0.0779,0.0067,0.0,0.0223,0.822
57,False,0.74,0.922,10,-7.719,0,0.0436,0.00616,0.691,0.149,0.54
32,False,0.531,0.425,9,-12.091,1,0.0315,0.636,1.59e-05,0.0814,0.679
0,False,0.708,0.76,0,-3.02,1,0.0934,0.0104,8.35e-06,0.0462,0.706
66,False,0.673,0.808,9,-6.183,1,0.0491,0.0121,0.878,0.037,0.303
44,False,0.785,0.907,4,-4.15,0,0.118,0.0156,1.14e-06,0.513,0.565
21,False,0.682,0.815,11,-7.55,0,0.062,0.528,0.0,0.0995,0.964
84,True,0.841,0.728,7,-3.37,1,0.0484,0.0847,0.0,0.149,0.43
26,True,0.885,0.763,8,-5.165,0,0.0363,0.73,0.00042,0.302,0.746
65,False,0.636,0.836,8,-3.004,1,0.0427,0.00609,0.000157,0.0828,0.715
27,False,0.537,0.994,4,-5.152,0,0.0776,0.000131,0.685,0.28,0.356
51,False,0.572,0.743,8,-7.129,0,0.0418,0.0349,0.61,0.109,0.183
22,False,0.479,0.166,4,-12.125,1,0.0282,0.757,9.06e-06,0.127,0.207
40,False,0.52,0.478,4,-10.862,1,0.0276,0.61,0.00122,0.105,0.545
17,False,0.444,0.121,5,-14.244,1,0.0366,0.968,0.000676,0.17,0.28
58,False,0.795,0.981,6,-4.665,1,0.0517,0.00119,0.91,0.0519,0.666
36,False,0.652,0.675,7,-9.37,1,0.0405,0.0052,0.563,0.112,0.0364
0,False,0.7,0.808,9,-4.522,0,0.0446,0.00141,0.0,0.611,0.664
51,False,0.57,0.283,7,-10.073,1,0.0326,0.854,0.0,0.101,0.409
31,False,0.491,0.486,4,-7.91,0,0.0318,0.261,0.0,0.0964,0.346
36,False,0.363,0.982,7,-3.621,0,0.3,0.00123,0.00218,0.284,0.275
0,False,0.711,0.774,3,-6.769,1,0.0564,0.549,0.0,0.103,0.553
32,False,0.756,0.697,11,-3.588,1,0.319,0.545,0.0,0.761,0.968
44,False,0.463,0.9,3,-5.477,0,0.0811,0.014,0.00445,0.0958,0.0775
61,False,0.504,0.528,2,-7.889,1,0.0244,0.72,6.28e-05,0.432,0.414
66,False,0.473,0.936,2,-4.877,1,0.0704,0.00916,0.0422,0.31,0.416
73,False,0.778,0.8,2,-3.529,1,0.227,0.254,0.0,0.139,0.585
41,False,0.711,0.836,2,-9.156,0,0.0452,0.152,0.636,0.157,0.321
67,False,0.47,0.85,1,-2.825,0,0.0363,0.0627,0.0,0.118,0.148
18,False,0.386,0.84,10,-4.586,0,0.233,0.0138,2.31e-05,0.354,0.878
0,False,0.4,0.178,7,-16.76,1,0.0351,0.719,8.22e-06,0.3,0.209
36,False,0.738,0.806,0,-6.383,1,0.0467,0.582,0.0246,0.113,0.646
40,False,0.518,0.995,0,-3.412,1,0.0901,1.11e-05,0.00161,0.0931,0.342
25,False,0.859,0.633,9,-9.894,1,0.0637,0.0157,0.863,0.0977,0.0457
47,False,0.605,0.94,1,-2.645,0,0.141,0.00064,2.23e-05,0.19,0.52
0,False,0.804,0.323,0,-11.127,0,0.305,0.308,0.0,0.15,0.456
21,False,0.424,0.057,7,-20.102,1,0.037,0.96,0.908,0.0599,0.16
40,False,0.322,0.702,4,-4.988,1,0.035,0.511,0.00149,0.123,0.212
18,False,0.741,0.278,9,-11.485,1,0.0538,0.66,0.775,0.0603,0.799
37,False,0.582,0.958,10,-4.685,0,0.247,0.567,0.0,0.348,0.29
21,False,0.68,0.921,6,-3.138,1,0.0459,0.201,0.0,0.314,0.697
0,False,0.727,0.796,7,-3.918,0,0.125,0.0627,0.0,0.166,0.701
44,False,0.791,0.858,8,-9.45,1,0.072,0.114,0.0923,0.0781,0.872
73,False,0.621,0.8,4,-7.284,0,0.0344,0.0263,1.51e-05,0.0591,0.968
66,False,0.751,0.354,10,-14.518,1,0.446,0.885,0.179,0.206,0.781
10,False,0.506,0.279,8,-13.727,1,0.0271,0.729,3.01e-06,0.187,0.313
0,False,0.563,0.647,5,-4.675,1,0.0398,0.0337,0.0,0.359,0.691
73,False,0.678,0.656,7,-6.41,1,0.0381,0.00174,0.0,0.0631,0.485
0,False,0.579,0.502,8,-7.57,1,0.0513,0.733,0.0,0.281,0.836
57,False,0.502,0.831,2,-3.723,1,0.295,0.105,1.3e-06,0.174,0.451
19,False,0.45,0.581,0,-7.806,0,0.04,0.496,0.0,0.118,0.463
0,False,0.65,0.956,4,-4.113,1,0.0564,0.0153,3.86e-05,0.364,0.673
24,False,0.686,0.765,1,-6.524,1,0.0374,0.131,0.000224,0.103,0.856
27,False,0.512,0.95,10,-4.07,1,0.0814,0.0281,0.00196,0.0703,0.489
45,False,0.55,0.905,2,-4.096,0,0.0819,0.21,0.0,0.491,0.644
43,False,0.845,0.676,8,-5.459,1,0.133,0.104,1.36e-06,0.129,0.713
25,False,0.408,0.933,0,-2.828,0,0.0398,9.38e-05,0.0,0.124,0.51
60,False,0.362,0.437,9,-6.29,0,0.0271,0.807,0.0,0.0715,0.215
0,False,0.439,0.196,0,-16.093,1,0.0601,0.88,0.0,0.0513,0.525
21,False,0.758,0.309,2,-9.982,0,0.0365,0.833,0.0,0.109,0.44
34,False,0.577,0.958,1,-3.162,1,0.112,0.000595,0.0015,0.11,0.492
56,True,0.737,0.5,11,-8.791,0,0.191,0.0321,0.0,0.11,0.459
50,False,0.462,0.371,10,-11.201,1,0.0522,0.503,0.0,0.135,0.255
80,False,0.645,0.862,11,-4.761,0,0.0845,0.0933,0.0,0.193,0.803
2,False,0.288,0.372,7,-16.74,0,0.0358,0.973,0.289,0.144,0.346
36,False,0.685,0.627,4,-9.216,0,0.0516,0.0863,0.83,0.275,0.635
43,False,0.384,0.354,9,-11.27,1,0.0306,0.836,0.0,0.977,0.305
0,False,0.555,0.213,8,-9.262,1,0.0449,0.939,5.33e-05,0.113,0.498
22,False,0.489,0.864,9,-4.68,0,0.0462,1.08e-05,0.177,0.0876,0.655
47,False,0.602,0.922,9,-4.229,1,0.0982,0.725,0.0,0.543,0.844
58,False,0.486,0.953,0,-2.244,1,0.0766,0.0505,0.0,0.115,0.595
24,False,0.686,0.867,11,-4.298,1,0.0442,0.00659,0.921,0.21,0.104
4,False,0.535,0.979,8,-3.593,1,0.0597,0.000666,0.0,0.084,0.432
46,False,0.511,0.541,4,-8.841,1,0.0316,0.398,0.0,0.0986,0.719
3,False,0.553,0.659,8,-7.295,1,0.0391,0.0027,0.0,0.105,0.105
74,False,0.36,0.684,4,-6.457,0,0.0308,0.323,0.0,0.34,0.2
10,False,0.809,0.402,5,-12.753,1,0.0941,0.776,0.0,0.352,0.938
65,False,0.853,0.745,9,-8.636,0,0.109,0.0642,1.87e-06,0.0274,0.882
54,False,0.41,0.72,7,-7.675,0,0.0476,0.827,0.00123,0.338,0.728
69,False,0.428,0.467,2,-4.904,1,0.0327,0.68,0.0,0.135,0.193
39,False,0.641,0.614,9,-8.296,1,0.0846,0.176,4.73e-05,0.123,0.551
45,False,0.566,0.518,2,-6.892,1,0.042,0.779,4.5e-06,0.0767,0.923
54,False,0.723,0.769,11,-8.244,0,0.0634,0.226,0.892,0.0764,0.241
15,False,0.148,0.998,6,-3.958,1,0.232,3.1e-06,0.184,0.184,0.0615
0,False,0.636,0.761,9,-7.752,0,0.035,0.00383,0.00784,0.0851,0.462
61,False,0.646,0.491,8,-13.106,1,0.0443,0.465,0.18,0.0834,0.68
18,False,0.446,0.484,7,-9.006,1,0.0373,0.855,0.641,0.113,0.337
15,False,0.849,0.665,9,-8.336,1,0.511,0.0079,0.00822,0.314,0.436
23,False,0.61,0.953,0,-4.689,1,0.0656,0.0306,5.84e-06,0.181,0.718
2,False,0.807,0.803,11,-4.156,1,0.126,0.6,0.0085,0.136,0.706
20,True,0.544,0.937,11,-3.917,0,0.171,0.00279,0.888,0.0806,0.485
47,False,0.17,0.878,9,-3.934,1,0.0576,0.0215,1.76e-05,0.217,0.43
24,False,0.23,0.96,4,-7.282,0,0.082,0.00265,0.000838,0.924,0.404
49,False,0.424,0.248,9,-9.764,1,0.0295,0.891,0.0,0.127,0.318
40,True,0.621,0.74,8,-7.1,1,0.187,0.378,0.0,0.131,0.939
22,False,0.537,0.938,10,-6.029,1,0.0468,0.00221,0.0,0.125,0.737
24,False,0.337,0.734,0,-6.357,1,0.0341,0.00094,0.00658,0.327,0.313
57,False,0.773,0.654,5,-7.796,0,0.284,0.53,0.0,0.109,0.607
62,False,0.32,0.63,10,-7.019,0,0.0493,0.192,0.0,0.102,0.323
47,False,0.767,0.621,6,-7.093,1,0.434,0.162,0.0,0.256,0.502
3,False,0.122,0.418,9,-11.981,0,0.0382,0.029,0.804,0.127,0.0812
45,False,0.552,0.858,0,-3.247,1,0.0389,0.000398,0.872,0.118,0.0743
55,False,0.762,0.468,10,-7.969,1,0.0464,0.934,0.102,0.115,0.347
46,False,0.556,0.944,1,-3.955,1,0.353,0.495,0.0,0.915,0.639
42,False,0.698,0.73,4,-8.146,0,0.094,0.00786,8.57e-05,0.214,0.537
50,False,0.498,0.384,4,-10.752,1,0.0976,0.818,0.000937,0.13,0.25
58,False,0.464,0.391,6,-9.884,1,0.0384,0.755,9.64e-05,0.105,0.418
22,False,0.529,0.421,2,-14.15,0,0.0341,0.847,0.00699,0.118,0.694
74,False,0.783,0.722,2,-4.864,1,0.0357,0.00537,0.00209,0.105,0.306
39,False,0.592,0.853,7,-6.81,1,0.163,0.548,0.0,0.864,0.775
23,False,0.262,0.25,6,-15.801,1,0.0981,0.974,8.61e-06,0.625,0.0372
23,False,0.602,0.997,9,-3.831,1,0.066,2.98e-05,0.945,0.0917,0.571
0,False,0.605,0.7,4,-6.47,1,0.0277,0.00998,0.0,0.116,0.588
61,False,0.714,0.495,9,-7.226,1,0.0361,0.328,0.0,0.104,0.238
69,False,0.483,0.941,2,-3.598,0,0.0575,0.000526,3.5e-06,0.31,0.503
60,False,0.698,0.711,9,-6.037,1,0.0296,0.74,0.0,0.104,0.683
5,False,0.649,0.946,0,-3.291,1,0.0595,0.00696,0.309,0.0551,0.849
56,False,0.707,0.893,7,-7.449,1,0.0543,0.00712,0.819,0.0802,0.159
53,False,0.81,0.376,4,-7.941,1,0.0411,0.208,5.52e-05,0.0622,0.635
60,False,0.349,0.191,0,-16.111,0,0.0463,0.992,0.936,0.132,0.0414
32,False,0.599,0.887,7,-3.295,1,0.041,0.0633,0.455,0.113,0.926
0,False,0.797,0.663,4,-8.799,0,0.0539,0.0564,0.848,0.0669,0.344
44,False,0.56,0.314,2,-10.601,1,0.032,0.525,1.48e-05,0.104,0.172
15,False,0.684,0.654,10,-9.647,1,0.0378,0.734,0.932,0.103,0.975
34,False,0.253,0.239,3,-16.741,1,0.0306,0.95,0.908,0.125,0.0599
0,False,0.687,0.792,5,-2.749,1,0.0452,0.191,0.0,0.167,0.671
46,True,0.902,0.48,1,-7.684,1,0.087,0.154,0.000115,0.105,0.553
0,False,0.772,0.803,1,-3.035,1,0.0468,0.187,0.0,0.434,0.853
21,False,0.237,0.0453,0,-25.535,1,0.0375,0.913,0.917,0.102,0.0795
40,False,0.565,0.719,4,-8.41,1,0.0509,0.25,0.0,0.158,0.624
0,False,0.359,0.573,9,-6.054,1,0.0326,0.665,0.000178,0.136,0.562
70,False,0.55,0.952,8,-4.664,1,0.0924,0.000193,0.000666,0.0614,0.391
74,False,0.763,0.608,5,-8.1,0,0.035,0.262,2.5e-05,0.12,0.393
63,False,0.421,0.0162,2,-25.358,0,0.0388,0.808,0.0024,0.0978,0.154
23,False,0.61,0.631,9,-7.124,1,0.0288,0.129,1.21e-05,0.161,0.604
54,False,0.561,0.257,7,-17.417,1,0.0343,0.858,0.00185,0.0949,0.579
0,False,0.596,0.74,8,-6.127,1,0.0338,0.341,2.05e-05,0.102,0.493
52,False,0.45,0.914,9,-0.513,0,0.0376,0.0121,0.000402,0.121,0.424
33,False,0.657,0.72,9,-6.375,0,0.0858,0.00356,0.000948,0.0809,0.413
48,False,0.639,0.339,1,-10.937,0,0.0373,0.486,0.0118,0.155,0.176
13,False,0.492,0.416,0,-11.569,1,0.393,0.925,0.856,0.15,0.468
44,False,0.691,0.985,9,-4.384,0,0.0683,0.000685,0.695,0.217,0.0348
21,False,0.68,0.154,8,-20.01,1,0.0407,0.975,0.824,0.114,0.149
36,False,0.534,0.938,3,-4.299,1,0.0623,0.00559,0.0,0.239,0.578
62,False,0.47,0.521,6,-11.142,0,0.0391,0.579,3.39e-06,0.112,0.329
78,False,0.808,0.903,9,-2.179,1,0.0729,0.0899,0.0,0.0816,0.922
11,False,0.544,0.318,4,-11.036,1,0.0357,0.883,0.0,0.161,0.535
0,False,0.798,0.575,5,-5.515,0,0.035,0.14,3.62e-06,0.056,0.683
68,False,0.442,0.888,9,-5.747,0,0.121,0.0127,0.000727,0.2,0.435
59,False,0.32,0.337,0,-10.91,1,0.0611,0.709,0.0,0.0662,0.206
49,False,0.471,0.822,7,-8.017,0,0.0538,0.0201,0.0,0.105,0.363
62,False,0.572,0.955,7,-2.617,1,0.0626,0.0141,0.0,0.315,0.717
52,False,0.678,0.375,5,-6.992,0,0.0293,0.25,0.908,0.209,0.202
52,False,0.585,0.625,6,-5.13,0,0.0765,0.0444,0.0,0.0376,0.666
49,True,0.795,0.571,4,-7.1,0,0.0431,0.0164,0.0193,0.103,0.311
44,False,0.681,0.477,5,-12.117,0,0.239,0.538,0.00501,0.156,0.452
64,False,0.287,0.292,9,-19.285,1,0.0541,0.968,0.978,0.09,0.346
0,False,0.314,0.61,4,-6.855,0,0.0685,0.0659,0.0,0.13,0.643
0,False,0.937,0.353,11,-12.17,1,0.0458,0.691,2.77e-05,0.133,0.863
42,False,0.573,0.593,5,-5.761,1,0.0389,0.207,6.97e-06,0.338,0.964
19,False,0.552,0.974,7,-3.352,1,0.0886,0.00659,4.26e-06,0.222,0.174
51,False,0.498,0.93,9,-3.958,0,0.131,0.0793,0.0,0.754,0.427
31,False,0.441,0.597,0,-7.958,1,0.123,0.573,4.07e-06,0.113,0.657
0,True,0.572,0.75,1,-5.042,0,0.0604,0.0946,0.0,0.378,0.475
37,False,0.654,0.519,4,-10.262,0,0.198,0.284,0.909,0.143,0.271
13,False,0.507,0.0454,5,-28.97,0,0.0576,0.857,0.955,0.109,0.0757
46,False,0.519,0.232,4,-9.029,1,0.0269,0.877,0.0,0.104,0.364
52,False,0.625,0.831,5,-6.757,0,0.0541,0.00447,0.0624,0.0923,0.191
24,False,0.607,0.584,2,-7.353,1,0.0368,0.0636,6.5e-05,0.495,0.874
54,False,0.541,0.583,2,-4.913,1,0.0329,0.733,0.000329,0.0841,0.39
53,False,0.417,0.163,5,-14.445,1,0.0369,0.676,0.000211,0.112,0.216
61,True,0.596,0.964,6,-8.336,1,0.041,0.000194,0.763,0.119,0.478
3,False,0.503,0.673,1,-7.685,1,0.395,0.126,0.0,0.607,0.539
0,False,0.598,0.447,8,-7.932,1,0.0404,0.224,0.0,0.0704,0.365
44,False,0.648,0.598,0,-6.751,0,0.0623,0.154,0.000132,0.106,0.431
1,False,0.659,0.274,7,-11.686,0,0.186,0.694,0.0,0.148,0.479
22,False,0.144,0.987,0,-4.283,1,0.179,9.11e-05,0.28,0.348,0.399
0,False,0.75,0.751,0,-8.97,1,0.107,0.01,0.0858,0.132,0.614
13,False,0.551,0.863,11,-3.394,1,0.207,0.0516,2.56e-06,0.189,0.796
47,False,0.566,0.784,9,-7.609,1,0.0294,0.0875,0.00792,0.115,0.572
33,False,0.196,0.448,10,-23.336,1,0.0706,0.65,0.93,0.208,0.0235
0,True,0.836,0.743,10,-6.305,0,0.0656,0.0995,0.0,0.335,0.722
19,False,0.91,0.776,10,-6.669,0,0.151,0.058,1.15e-06,0.131,0.619
45,False,0.38,0.548,0,-9.26,1,0.0333,0.73,0.000142,0.31,0.395
44,False,0.34,0.0836,9,-12.937,1,0.0386,0.988,0.000298,0.101,0.203
47,False,0.734,0.458,4,-5.547,1,0.0287,0.685,0.0,0.0877,0.718
73,False,0.706,0.674,9,-5.932,1,0.044,0.3,0.0,0.202,0.359
45,False,0.499,0.92,3,-4.723,0,0.0589,0.0714,0.0,0.116,0.315
22,False,0.691,0.904,9,-6.162,1,0.0295,0.0872,3.96e-05,0.108,0.866
66,False,0.499,0.721,9,-9.615,0,0.0564,0.216,9.74e-06,0.295,0.843
35,False,0.546,0.949,4,-4.353,0,0.0534,0.00652,0.00256,0.192,0.246
53,False,0.705,0.637,10,-7.367,1,0.084,0.126,0.0308,0.233,0.819
10,False,0.811,0.899,7,-8.484,0,0.0662,0.00328,0.914,0.0975,0.491
19,False,0.809,0.564,6,-8.028,0,0.0583,6.87e-05,0.599,0.0651,0.639
44,False,0.728,0.804,7,-6.191,0,0.0481,0.238,0.00162,0.163,0.578
0,False,0.729,0.84,2,-7.395,1,0.0274,0.0162,0.0,0.0761,0.771
0,False,0.534,0.416,4,-13.251,0,0.0309,0.572,1.87e-05,0.376,0.374
44,False,0.479,0.693,9,-5.845,0,0.0442,0.242,0.0,0.922,0.352
53,False,0.652,0.725,0,-6.542,1,0.047,0.439,0.699,0.156,0.956
49,False,0.241,0.231,10,-16.365,1,0.0322,0.85,0.939,0.112,0.274
44,False,0.6,0.608,2,-9.467,1,0.0475,0.205,0.0,0.797,0.305
64,False,0.49,0.606,7,-6.604,0,0.0424,0.169,0.00106,0.0704,0.119
43,False,0.421,0.907,4,-4.422,1,0.0476,0.0167,6.55e-05,0.198,0.668
49,False,0.555,0.324,9,-10.63,1,0.0282,0.438,0.0,0.264,0.117
65,False,0.173,0.0112,0,-35.577,1,0.0333,0.912,0.952,0.107,0.0379
55,False,0.623,0.845,4,-3.957,1,0.0602,0.0625,0.00276,0.249,0.307
34,False,0.669,0.213,10,-15.379,1,0.0398,0.778,0.0146,0.0849,0.204
46,False,0.335,0.298,8,-12.329,0,0.0328,0.859,0.00183,0.109,0.105
54,False,0.54,0.752,11,-5.212,1,0.0267,0.159,0.0,0.363,0.462
58,False,0.671,0.773,7,-5.789,0,0.0289,0.247,0.797,0.245,0.236
20,False,0.357,0.986,2,-5.393,1,0.0654,4e-05,0.132,0.302,0.617
0,False,0.233,0.432,10,-5.957,1,0.0321,0.291,0.0,0.279,0.286
11,False,0.687,0.847,1,-9.404,0,0.0676,0.00779,0.821,0.102,0.227
0,False,0.572,0.0134,3,-29.694,1,0.0632,0.995,0.925,0.104,0.0873
50,False,0.736,0.401,7,-11.285,1,0.0476,0.102,0.293,0.0938,0.0543
41,False,0.687,0.486,8,-10.767,1,0.0548,0.626,0.0,0.0722,0.722
0,True,0.905,0.563,8,-6.135,1,0.102,0.0254,9.71e-06,0.113,0.324
0,False,0.643,0.996,5,-2.635,1,0.0775,0.0059,0.0,0.163,0.382
54,False,0.496,0.988,4,-4.409,0,0.11,8.33e-05,0.323,0.155,0.199
52,False,0.437,0.669,4,-6.524,1,0.0395,0.0344,0.00395,0.347,0.514
38,False,0.498,0.909,7,-6.096,1,0.0331,0.000336,0.954,0.109,0.0396
0,False,0.559,0.79,2,-5.057,1,0.0535,0.0507,0.0,0.269,0.589
20,False,0.32,0.516,1,-11.792,1,0.17,0.84,0.0474,0.226,0.141
65,False,0.688,0.742,5,-6.363,1,0.0496,0.00912,1.37e-06,0.186,0.74
0,False,0.603,0.661,0,-5.857,0,0.088,0.221,0.000303,0.0997,0.919
68,False,0.395,0.397,11,-7.556,1,0.0368,0.735,0.0,0.11,0.303
42,False,0.333,0.805,0,-4.376,1,0.0433,0.0856,0.0,0.285,0.175
24,False,0.887,0.651,5,-7.895,1,0.0421,0.027,0.105,0.0503,0.652
49,False,0.483,0.0584,0,-21.374,1,0.0322,0.919,0.154,0.0953,0.695
50,False,0.631,0.845,11,-8.08,1,0.236,0.486,0.0,0.0864,0.807
0,True,0.502,0.988,2,-3.033,1,0.0923,0.000572,0.0,0.196,0.455
56,False,0.755,0.806,0,-4.618,0,0.0479,0.544,0.000114,0.0908,0.892
50,False,0.467,0.983,9,-3.443,0,0.153,0.00209,0.105,0.349,0.0833
28,True,0.617,0.665,8,-6.291,0,0.242,0.00583,0.0,0.0862,0.285
37,False,0.397,0.467,4,-13.932,1,0.0304,0.0138,0.000897,0.114,0.396
0,False,0.305,0.201,3,-13.253,1,0.036,0.926,0.265,0.17,0.04
44,False,0.76,0.366,5,-8.91,1,0.0479,0.837,0.907,0.0945,0.317
0,False,0.535,0.522,2,-7.87,1,0.0363,0.131,0.0,0.438,0.305
23,True,0.671,0.898,7,-6.861,1,0.0771,0.11,2.61e-05,0.117,0.875
62,False,0.0656,0.0272,2,-34.766,0,0.0449,0.967,0.956,0.0821,0.0638
74,False,0.853,0.798,4,-7.995,0,0.068,0.0158,0.948,0.0967,0.42
17,False,0.547,0.99,8,-2.858,1,0.218,0.00581,0.0,0.123,0.734
23,True,0.58,0.33,8,-16.166,1,0.948,0.718,0.0,0.802,0.702
25,False,0.661,0.556,11,-10.241,0,0.0285,0.0552,0.000274,0.0645,0.567
23,False,0.556,0.999,0,-1.876,1,0.293,0.0818,0.0,0.829,0.643
64,False,0.459,0.941,9,-2.053,0,0.0777,0.0191,0.0,0.371,0.399
42,False,0.5,0.841,0,-6.456,1,0.163,0.805,0.0,0.641,0.911
31,False,0.493,0.544,2,-9.919,1,0.0481,0.67,1.66e-05,0.0364,0.773
55,False,0.523,0.563,4,-8.398,0,0.0439,0.235,4.01e-06,0.0876,0.323
63,False,0.548,0.924,11,-4.48,0,0.0689,0.00033,1.42e-05,0.162,0.242
44,False,0.856,0.672,7,-6.848,0,0.0497,0.407,0.605,0.244,0.0579
1,False,0.602,0.796,5,-5.609,1,0.0465,0.146,0.0,0.125,0.53
37,False,0.546,0.601,4,-6.522,1,0.04,0.676,0.0,0.918,0.253
58,False,0.174,0.178,1,-18.717,0,0.0362,0.994,0.861,0.0737,0.0347
44,False,0.514,0.123,10,-11.512,1,0.0379,0.851,0.0394,0.127,0.169
23,False,0.459,0.995,7,-2.107,0,0.131,0.000123,0.0,0.183,0.29
24,False,0.556,0.494,2,-9.875,1,0.0403,0.72,0.91,0.215,0.908
57,False,0.638,0.384,7,-7.193,1,0.047,0.926,0.341,0.44,0.766
14,False,0.846,0.448,1,-13.209,1,0.0575,0.0138,0.837,0.0746,0.467
0,True,0.661,0.323,7,-9.579,1,0.0412,0.649,1.82e-05,0.193,0.372
20,False,0.739,0.88,7,-5.531,1,0.0723,0.59,0.811,0.198,0.783
43,False,0.557,0.98,8,-0.563,1,0.154,0.00612,0.000176,0.665,0.5
0,False,0.774,0.792,10,-4.021,1,0.0523,0.051,0.0,0.155,0.507
48,False,0.751,0.867,7,-3.411,1,0.179,0.253,0.00419,0.0653,0.962
20,True,0.694,0.561,9,-10.436,1,0.344,0.0461,0.0,0.163,0.42
37,False,0.722,0.536,10,-7.868,0,0.0287,0.0678,0.129,0.0935,0.337
29,False,0.244,0.964,2,-4.663,1,0.119,4.07e-05,0.436,0.244,0.216
52,True,0.865,0.594,10,-8.888,0,0.252,0.136,1.02e-05,0.273,0.545
31,False,0.532,0.697,8,-11.461,1,0.0393,0.0632,0.341,0.258,0.817
60,False,0.801,0.641,8,-9.349,1,0.173,0.34,4.5e-05,0.0693,0.741
17,False,0.582,0.867,6,-4.35,0,0.127,0.00434,0.000158,0.306,0.539
0,False,0.743,0.837,1,-5.025,0,0.0649,0.0172,0.0,0.0743,0.263
0,False,0.354,0.753,1,-6.274,0,0.743,0.0836,0.0,0.314,0.455
53,False,0.496,0.0936,1,-22.248,0,0.0359,0.43,0.94,0.0997,0.0308
45,False,0.454,0.427,2,-8.049,1,0.029,0.0205,0.0,0.69,0.184
26,False,0.422,0.772,7,-5.386,1,0.0307,0.000496,0.0,0.338,0.653
76,False,0.712,0.967,7,-5.206,1,0.047,0.0771,0.0,0.356,0.895
0,False,0.584,0.803,1,-4.953,1,0.273,0.0392,4.71e-05,0.0973,0.339
49,False,0.711,0.396,0,-11.266,1,0.0486,0.829,3e-05,0.119,0.969
19,False,0.755,0.876,2,-8.079,1,0.0729,0.014,0.826,0.0641,0.894
51,False,0.427,0.836,5,-3.323,0,0.0466,0.0456,0.00238,0.369,0.248
52,False,0.632,0.789,7,-6.98,1,0.0414,0.406,0.0,0.708,0.681
0,False,0.523,0.448,2,-13.53,1,0.0593,0.442,0.0,0.111,0.351
0,True,0.671,0.806,7,-5.198,0,0.0889,0.0305,1.2e-05,0.298,0.646
45,False,0.754,0.874,9,-5.847,1,0.047,0.144,6.15e-05,0.834,0.682
79,False,0.262,0.606,8,-6.646,1,0.0484,0.247,0.0,0.125,0.275
0,False,0.471,0.557,10,-9.696,1,0.0277,0.413,7.61e-06,0.267,0.26
19,False,0.405,0.292,3,-8.178,0,0.091,0.742,0.0,0.082,0.535
50,False,0.826,0.303,6,-15.485,0,0.0603,0.591,0.496,0.152,0.035
0,False,0.64,0.644,1,-10.273,1,0.0283,0.273,0.0,0.0449,0.722
1,False,0.437,0.434,1,-7.739,0,0.0274,0.46,1.04e-05,0.101,0.253
14,False,0.485,0.614,1,-16.593,1,0.0578,0.189,0.91,0.13,0.337
55,False,0.479,0.754,2,-5.818,1,0.0849,0.455,5.82e-06,0.127,0.575
0,False,0.465,0.0819,8,-15.578,1,0.0448,0.989,0.0,0.117,0.19
0,False,0.375,0.145,2,-18.732,1,0.0361,0.963,0.889,0.128,0.329
0,False,0.688,0.788,5,-3.064,0,0.0436,0.0164,0.000306,0.541,0.774
44,False,0.85,0.369,6,-15.336,1,0.145,0.000203,0.837,0.0812,0.221
8,False,0.692,0.3,7,-14.378,1,0.075,0.357,0.843,0.0891,0.243
4,False,0.693,0.353,4,-8.167,1,0.111,0.993,0.0,0.419,0.883
68,False,0.504,0.918,0,-3.463,1,0.0517,0.00164,2.12e-05,0.78,0.539
55,False,0.428,0.442,7,-10.485,1,0.0303,0.775,0.000132,0.0818,0.687
77,False,0.878,0.525,5,-6.832,1,0.0578,0.183,0.0,0.0714,0.694
58,False,0.338,0.643,4,-7.093,0,0.0681,0.0102,1.98e-05,0.11,0.15
57,False,0.247,0.834,0,-6.64,1,0.0515,0.00657,0.00088,0.38,0.058
0,False,0.62,0.773,2,-8.324,1,0.0382,0.0741,0.000606,0.158,0.934
42,False,0.497,0.917,10,-4.996,0,0.0843,0.00753,0.000652,0.198,0.645
19,False,0.271,0.101,3,-14.4,1,0.0383,0.977,0.0,0.0969,0.211
54,False,0.555,0.844,3,-6.567,0,0.0553,0.00818,0.0,0.0895,0.464
0,False,0.569,0.884,6,-5.654,0,0.0316,0.000158,0.000619,0.199,0.429
3,True,0.787,0.445,4,-8.575,0,0.212,0.0112,0.0,0.0935,0.904
40,False,0.483,0.868,0,-6.083,1,0.14,0.014,0.0,0.487,0.561
0,False,0.584,0.77,11,-3.514,0,0.0644,0.0113,3.39e-05,0.418,0.411
26,False,0.486,0.79,2,-5.358,1,0.0393,0.00385,0.000101,0.166,0.296
37,False,0.574,0.754,0,-6.838,1,0.0497,0.797,0.0,0.98,0.95
80,False,0.354,0.982,4,-3.026,0,0.168,0.000237,0.000294,0.204,0.194
35,False,0.651,0.339,2,-9.859,1,0.0286,0.611,5.77e-06,0.0762,0.78
45,False,0.551,0.576,2,-4.951,1,0.0279,0.621,0.0,0.729,0.544
0,False,0.74,0.892,11,-2.756,0,0.0664,0.025,0.0,0.188,0.826
25,False,0.505,0.436,7,-5.975,1,0.0453,0.866,0.0,0.966,0.46
3,False,0.453,0.655,9,-4.22,1,0.0257,0.0794,7.06e-06,0.0849,0.366
63,False,0.741,0.556,2,-9.184,1,0.0266,0.0629,0.041,0.103,0.587
40,True,0.436,0.717,9,-6.055,1,0.305,0.00559,0.0,0.334,0.357
14,False,0.735,0.901,9,-5.798,1,0.106,0.0104,0.646,0.057,0.825
61,False,0.565,0.526,0,-11.352,1,0.0365,0.0339,0.000119,0.11,0.637
25,False,0.397,0.92,7,-9.214,1,0.0702,0.0105,1.42e-05,0.192,0.372
50,False,0.538,0.162,5,-13.31,1,0.0299,0.847,0.0,0.114,0.366
39,False,0.773,0.897,2,-4.855,1,0.139,0.00301,0.612,0.118,0.372
73,False,0.684,0.771,8,-5.353,1,0.0307,0.548,0.0,0.112,0.539
77,False,0.564,0.714,7,-4.987,1,0.129,0.0549,0.0,0.155,0.33
63,False,0.437,0.863,11,-5.28,0,0.0941,0.00302,0.0,0.144,0.233
55,False,0.658,0.125,8,-15.901,1,0.0323,0.877,0.0,0.287,0.507
25,False,0.387,0.858,8,-5.562,0,0.0417,2.32e-05,0.000239,0.155,0.56
24,False,0.514,0.34,7,-15.91,0,0.0292,0.554,0.914,0.116,0.0391
39,False,0.414,0.482,2,-7.948,1,0.0317,0.212,1.34e-05,0.0773,0.152
67,False,0.687,0.717,11,-6.61,1,0.0755,0.0744,0.0,0.134,0.685
38,False,0.777,0.873,5,-4.491,1,0.0718,0.282,0.0,0.0743,0.967
18,False,0.454,0.743,0,-6.306,0,0.0394,0.124,0.00373,0.665,0.471
29,False,0.728,0.815,4,-4.55,0,0.0487,0.186,0.0,0.109,0.904
36,False,0.705,0.953,1,-3.128,1,0.149,0.038,0.0,0.0586,0.633
67,False,0.45,0.914,2,-5.4,1,0.0607,0.0305,1.42e-05,0.152,0.904
11,False,0.774,0.859,11,-9.072,0,0.0536,0.105,0.854,0.158,0.663
44,False,0.598,0.715,11,-6.036,1,0.0449,0.0111,0.0,0.233,0.319
36,False,0.8,0.955,7,-6.613,1,0.0725,0.0128,0.809,0.0612,0.908
0,False,0.681,0.683,8,-6.444,0,0.0287,0.158,2.32e-05,0.273,0.64
58,False,0.43,0.706,0,-7.743,1,0.0538,0.235,0.0,0.107,0.085
18,False,0.53,0.943,6,-3.121,1,0.0553,0.0092,0.0,0.0965,0.846
26,False,0.534,0.339,0,-10.618,1,0.0279,0.904,3.89e-05,0.11,0.315
15,True,0.274,0.996,3,-1.348,1,0.131,0.000825,0.676,0.349,0.0357
81,False,0.523,0.943,1,-4.203,1,0.0337,0.00704,3.81e-05,0.0579,0.766
54,False,0.524,0.941,11,-1.498,0,0.0555,0.0105,0.0,0.0667,0.848
47,False,0.532,0.342,0,-8.153,1,0.0923,0.515,0.228,0.127,0.239
45,False,0.526,0.884,5,-3.359,1,0.0757,0.0469,0.0,0.315,0.657
0,False,0.406,0.042,11,-19.736,0,0.0546,0.934,0.691,0.192,0.197
89,False,0.791,0.862,9,-3.24,0,0.11,0.037,2.19e-05,0.0814,0.592
0,False,0.578,0.471,8,-8.182,1,0.0615,0.498,1.49e-06,0.1,0.54
45,False,0.391,0.625,4,-5.285,1,0.0306,0.312,0.0,0.117,0.443
38,False,0.629,0.124,9,-22.22,1,0.0366,0.812,4.83e-06,0.102,0.796
42,False,0.476,0.838,0,-5.931,0,0.0542,0.576,0.0,0.61,0.501
0,False,0.469,0.183,5,-15.414,1,0.0407,0.829,0.0,0.71,0.381
0,True,0.561,0.965,7,-3.673,0,0.0343,0.00383,7.07e-06,0.371,0.304
56,False,0.591,0.814,6,-6.644,0,0.0507,0.238,0.357,0.333,0.472
49,False,0.395,0.224,3,-15.074,1,0.0301,0.968,0.853,0.146,0.319
2,False,0.382,0.937,0,-9.01,1,0.0758,0.0172,0.0,0.271,0.0957
63,False,0.716,0.934,3,-2.431,1,0.0448,0.0561,7.33e-06,0.147,0.749
48,False,0.76,0.816,0,-7.082,1,0.0343,0.0395,0.0,0.176,0.933
0,False,0.644,0.848,2,-5.385,1,0.0529,0.0358,0.0,0.0676,0.928
67,False,0.581,0.822,11,-7.341,1,0.0574,0.0229,0.0,0.126,0.3
71,False,0.562,0.383,6,-15.474,1,0.0304,0.143,0.124,0.138,0.599
31,False,0.782,0.814,7,-6.305,1,0.0935,0.00261,7.51e-05,0.25,0.41
24,False,0.571,0.671,4,-10.096,1,0.0446,0.0606,0.0,0.112,0.925
43,False,0.581,0.906,10,-7.15,1,0.115,0.124,0.164,0.103,0.943
43,False,0.598,0.765,2,-3.588,1,0.0365,0.00624,0.778,0.102,0.0395
19,False,0.29,0.989,2,-1.534,1,0.0876,1.84e-05,0.000281,0.302,0.38
5,False,0.803,0.559,7,-10.442,1,0.0582,0.000164,0.694,0.215,0.466
74,False,0.588,0.67,0,-6.439,1,0.0473,0.0104,3.33e-06,0.338,0.505
41,False,0.557,0.387,2,-11.601,1,0.0448,0.632,0.0389,0.104,0.867
22,False,0.4,0.914,0,-7.365,1,0.0459,0.0276,0.0154,0.133,0.884
25,False,0.733,0.0615,11,-14.922,1,0.0727,0.973,0.763,0.11,0.254
27,True,0.328,0.956,9,-4.173,0,0.0713,0.00555,2.07e-05,0.219,0.439
1,False,0.344,0.931,1,-3.759,1,0.0783,0.00104,0.0,0.0903,0.251
39,False,0.469,0.581,5,-10.358,1,0.0341,0.0626,0.0497,0.102,0.356
33,False,0.767,0.426,9,-8.632,1,0.0339,0.682,0.000797,0.094,0.772
0,False,0.107,0.936,6,-6.521,0,0.274,0.327,0.0447,0.493,0.204
0,False,0.475,0.715,8,-5.371,1,0.058,0.0863,2.67e-05,0.135,0.159
13,False,0.21,0.939,1,-4.329,1,0.121,1.58e-06,0.525,0.467,0.0865
17,False,0.379,0.844,2,-4.633,1,0.0489,0.00477,0.923,0.119,0.13
41,False,0.728,0.944,1,-5.299,1,0.0588,0.213,3.25e-06,0.863,0.473
18,True,0.581,0.634,9,-5.783,0,0.258,0.551,0.0,0.0986,0.545
69,False,0.71,0.83,0,-7.208,1,0.03,0.0518,0.00523,0.353,0.936
1,False,0.238,0.997,1,-4.809,1,0.113,1.37e-06,0.88,0.305,0.0395
35,True,0.655,0.607,10,-8.755,1,0.442,0.00373,0.0,0.16,0.414
38,False,0.336,0.968,9,-5.175,1,0.051,0.000416,0.000677,0.428,0.555
41,False,0.61,0.829,2,-2.177,1,0.0663,0.0901,0.0,0.136,0.963
0,False,0.448,0.13,0,-16.808,1,0.0318,0.399,1.05e-05,0.103,0.369
22,True,0.454,0.954,1,-5.559,1,0.15,0.000135,0.0649,0.0924,0.215
32,True,0.716,0.495,6,-8.997,0,0.188,0.579,0.000112,0.109,0.407
35,False,0.486,0.522,3,-4.537,1,0.0585,0.572,0.0,0.333,0.358
53,False,0.577,0.906,9,-5.382,0,0.0355,0.000754,0.00257,0.446,0.212
0,False,0.579,0.724,1,-7.989,0,0.025,0.0081,0.00468,0.171,0.188
0,False,0.299,0.377,0,-7.425,1,0.0283,0.859,0.0,0.116,0.378
50,False,0.71,0.654,3,-12.174,0,0.0398,0.0396,0.811,0.107,0.579
42,False,0.637,0.574,7,-8.14,1,0.0395,0.741,4.47e-06,0.0912,0.615
42,True,0.317,0.964,9,-1.389,1,0.261,0.00021,0.000133,0.675,0.21
19,False,0.485,0.741,8,-4.425,1,0.0294,0.317,0.000579,0.0683,0.936
21,False,0.771,0.543,10,-7.633,0,0.0441,0.0324,0.0,0.0846,0.891
74,False,0.404,0.902,1,-3.88,1,0.0665,0.577,0.297,0.287,0.497
2,False,0.273,0.196,9,-7.528,0,0.0347,0.885,0.0,0.105,0.421
40,False,0.397,0.903,9,-3.038,1,0.108,0.00947,0.0,0.842,0.592
39,False,0.483,0.402,7,-10.886,1,0.0323,0.202,0.538,0.0712,0.568
14,True,0.238,0.995,5,-3.899,0,0.184,0.00157,0.886,0.403,0.04
26,False,0.411,0.328,4,-9.602,0,0.0284,0.659,0.000446,0.353,0.529
53,False,0.49,0.409,7,-10.732,1,0.0401,0.957,0.59,0.238,0.151
0,False,0.644,0.55,7,-6.999,0,0.0299,0.526,0.0,0.23,0.636
65,False,0.556,0.529,2,-4.464,1,0.025,0.4,0.0,0.268,0.308
0,False,0.674,0.86,7,-5.498,1,0.033,0.00469,0.00345,0.115,0.637
43,False,0.836,0.601,4,-5.54,1,0.0619,0.73,0.0,0.0978,0.564
41,False,0.658,0.854,4,-6.796,1,0.0323,0.467,0.137,0.578,0.516
86,True,0.762,0.766,7,-3.955,1,0.0343,0.00776,6.98e-05,0.128,0.442
0,False,0.678,0.995,3,-4.599,1,0.0681,0.076,0.0,0.379,0.742
47,False,0.557,0.324,4,-12.13,1,0.031,0.888,0.000264,0.612,0.161
47,False,0.689,0.719,9,-6.096,0,0.136,0.382,0.0,0.213,0.674
44,False,0.642,0.6,0,-4.884,1,0.026,0.542,0.0,0.149,0.45
18,True,0.725,0.865,2,-8.859,1,0.281,0.512,2.32e-06,0.0963,0.889
58,False,0.256,0.641,1,-10.283,1,0.0552,0.199,0.0329,0.0853,0.382
2,False,0.529,0.903,2,-4.396,0,0.0483,3.31e-05,0.182,0.259,0.746
24,False,0.654,0.853,9,-3.04,1,0.0344,0.011,0.0,0.213,0.551
50,False,0.62,0.825,7,-2.869,1,0.309,0.25,0.0,0.077,0.476
36,False,0.592,0.811,4,-5.55,1,0.175,0.431,0.0,0.437,0.707
41,False,0.714,0.405,1,-11.358,0,0.0312,0.819,1.04e-05,0.0884,0.441
71,False,0.817,0.635,5,-7.246,1,0.163,0.323,0.0,0.0738,0.454
44,True,0.659,0.664,10,-11.136,1,0.044,0.152,0.00282,0.153,0.546
23,False,0.369,0.19,11,-13.443,0,0.0331,0.885,0.0,0.112,0.359
51,False,0.266,0.735,7,-5.863,1,0.0508,0.421,0.0117,0.17,0.442
31,False,0.751,0.414,5,-11.214,0,0.0406,0.145,0.000123,0.0841,0.401
43,False,0.776,0.477,8,-13.406,1,0.173,0.36,0.0,0.25,0.695
23,False,0.549,0.272,7,-14.558,1,0.0274,0.771,8.89e-05,0.177,0.191
39,False,0.579,0.477,2,-9.784,1,0.0327,0.137,0.0,0.0765,0.398
22,False,0.703,0.485,10,-12.522,1,0.0924,0.00978,0.41,0.276,0.905
40,False,0.406,0.576,0,-6.057,1,0.0275,0.563,0.0,0.327,0.556
53,False,0.393,0.0399,8,-27.124,1,0.0469,0.982,0.892,0.109,0.147
45,True,0.725,0.64,9,-4.6,0,0.212,0.393,0.0,0.101,0.398
27,True,0.62,0.93,2,-4.267,1,0.0489,0.369,2.71e-05,0.0674,0.657
17,False,0.244,0.994,7,-7.422,1,0.467,8.43e-05,0.669,0.415,0.0376
47,False,0.397,0.734,9,-7.529,0,0.0738,0.437,0.0,0.152,0.353
10,False,0.734,0.701,6,-13.019,0,0.0451,0.000249,0.88,0.112,0.0306
18,False,0.157,0.144,0,-17.011,0,0.0447,0.912,0.0497,0.15,0.0372
62,False,0.497,0.552,9,-7.102,0,0.0307,0.679,0.0314,0.089,0.633
37,False,0.804,0.576,0,-7.817,1,0.0643,0.321,0.0,0.0842,0.954
0,False,0.441,0.298,4,-14.499,1,0.0276,0.208,0.095,0.0983,0.169
0,False,0.38,0.346,2,-14.313,1,0.0417,0.648,0.000139,0.0511,0.358
38,False,0.634,0.625,5,-10.287,0,0.045,0.743,0.00191,0.213,0.834
20,False,0.465,0.955,9,-2.187,0,0.17,0.119,2.37e-06,0.213,0.114
19,False,0.506,0.906,5,-2.912,0,0.0544,0.123,0.0,0.308,0.641
0,False,0.586,0.846,7,-3.423,1,0.0433,0.0688,0.0,0.067,0.714
65,False,0.378,0.533,10,-8.843,1,0.0279,0.479,0.508,0.131,0.285
5,False,0.715,0.686,7,-11.002,1,0.0531,0.0119,0.939,0.0587,0.764
73,False,0.686,0.783,4,-4.977,1,0.119,0.0764,0.0,0.163,0.814
5,False,0.732,0.979,11,-9.394,1,0.0567,0.00153,0.875,0.0969,0.557
0,False,0.396,0.979,2,-3.125,1,0.058,0.00437,4.47e-05,0.339,0.269
61,False,0.675,0.692,8,-6.353,1,0.0963,0.29,0.0,0.178,0.514
0,False,0.798,0.625,4,-6.83,1,0.13,0.383,3.33e-05,0.125,0.774
38,True,0.346,0.937,8,-4.384,1,0.0518,9.05e-05,0.0,0.24,0.445
50,False,0.621,0.421,10,-11.834,1,0.0286,0.677,0.351,0.0615,0.319
15,False,0.718,0.484,11,-14.844,0,0.0493,0.0123,0.869,0.0788,0.502
4,False,0.708,0.707,0,-8.954,1,0.0332,0.00181,0.0,0.0432,0.716
67,False,0.76,0.886,9,-5.356,0,0.0258,0.0219,7.43e-06,0.623,0.78
20,False,0.609,0.676,6,-7.129,0,0.0307,0.415,2.5e-05,0.13,0.401
55,False,0.555,0.834,4,-11.908,0,0.0381,0.00198,0.88,0.0821,0.0404
47,False,0.595,0.526,9,-6.173,1,0.0255,0.487,0.0,0.373,0.489
62,False,0.548,0.6,5,-5.049,1,0.0297,0.071,0.0,0.192,0.296
0,True,0.637,0.877,6,-2.864,1,0.169,0.0792,0.00325,0.138,0.825
19,False,0.519,0.945,4,-6.302,0,0.0541,0.0124,0.131,0.67,0.103
21,False,0.369,0.4,0,-9.135,1,0.114,0.96,0.00825,0.0806,0.197
0,False,0.594,0.0852,7,-20.606,1,0.0533,0.994,0.937,0.101,0.626
41,False,0.962,0.265,11,-11.224,0,0.0796,0.525,0.00884,0.106,0.32
38,True,0.68,0.806,7,-7.022,1,0.309,0.063,3.95e-05,0.187,0.528
9,False,0.492,0.31,5,-13.167,0,0.0373,0.246,0.946,0.104,0.367
32,False,0.575,0.82,0,-5.642,1,0.13,0.039,0.0,0.0597,0.3
1,False,0.759,0.711,0,-5.199,1,0.0384,0.0477,1.19e-06,0.143,0.436
60,False,0.281,0.426,6,-9.07,0,0.0526,0.593,0.0446,0.124,0.181
50,False,0.657,0.63,7,-8.885,1,0.0449,0.149,0.834,0.406,0.106
63,False,0.359,0.713,5,-4.526,1,0.0366,0.33,0.0,0.324,0.272
52,False,0.304,0.764,9,-5.602,0,0.0634,0.249,0.0,0.263,0.353
31,False,0.67,0.859,0,-6.065,1,0.0321,0.00246,3.85e-06,0.227,0.456
42,False,0.256,0.8,8,-5.398,1,0.0361,0.0043,2.82e-05,0.114,0.139
21,False,0.532,0.212,4,-10.062,1,0.0408,0.763,0.0,0.295,0.637
19,False,0.459,0.268,7,-12.841,1,0.0433,0.655,0.0609,0.321,0.601
58,False,0.482,0.748,1,-7.351,0,0.0438,0.00472,0.0134,0.13,0.271
23,False,0.456,0.93,2,-3.798,0,0.0515,9.53e-05,0.000171,0.457,0.54
0,False,0.386,0.936,8,-4.005,1,0.0701,0.0121,1.6e-05,0.266,0.418
44,False,0.509,0.468,4,-12.813,0,0.0256,0.769,0.945,0.116,0.292
56,False,0.694,0.295,9,-8.672,1,0.0611,0.843,1.42e-06,0.0856,0.729
36,False,0.228,0.729,0,-5.264,0,0.0635,0.0955,0.00161,0.102,0.229
21,False,0.566,0.948,3,-5.272,1,0.0522,5.5e-05,0.0,0.148,0.574
0,False,0.394,0.508,7,-3.522,1,0.0326,0.795,3.87e-06,0.0627,0.167
22,False,0.174,0.972,0,-4.435,0,0.124,2.61e-05,0.856,0.37,0.0381
32,False,0.587,0.732,9,-6.813,1,0.0287,0.000561,0.000904,0.295,0.389
29,False,0.75,0.737,2,-5.015,1,0.0304,0.144,0.000933,0.0982,0.702
0,False,0.35,0.194,7,-15.448,0,0.0973,0.981,0.000629,0.108,0.316
25,False,0.471,0.271,2,-11.448,1,0.0283,0.897,0.0035,0.0967,0.344
11,False,0.596,0.983,11,-2.758,0,0.0488,0.000683,0.0295,0.489,0.822
46,False,0.395,0.396,8,-11.641,1,0.0281,0.0102,0.161,0.126,0.0656
18,False,0.324,0.245,0,-9.678,1,0.036,0.781,0.0,0.156,0.244
39,True,0.573,0.983,0,-4.247,0,0.145,0.0506,0.278,0.131,0.185
56,True,0.676,0.857,1,-6.7,1,0.0391,0.00149,0.674,0.307,0.0378
52,False,0.581,0.159,9,-16.91,1,0.0346,0.965,0.00016,0.349,0.447
49,False,0.53,0.938,7,-6.424,1,0.068,0.00029,0.628,0.0828,0.703
82,False,0.798,0.62,8,-7.079,0,0.232,0.414,0.0192,0.112,0.235
41,False,0.699,0.106,11,-16.431,1,0.389,0.727,0.0,0.103,0.674
41,False,0.634,0.665,7,-12.186,1,0.0363,0.00119,0.579,0.148,0.206
2,False,0.473,0.724,4,-10.021,1,0.0771,0.0553,0.0,0.423,0.635
39,False,0.303,0.546,4,-7.633,0,0.0338,0.199,0.0,0.685,0.2
34,False,0.461,0.988,0,-3.904,1,0.0854,0.00463,1.47e-05,0.12,0.275
25,True,0.68,0.818,8,-8.723,1,0.916,0.708,0.0,0.622,0.455
29,False,0.846,0.651,11,-12.075,0,0.0888,0.01,0.00635,0.337,0.971
12,False,0.108,0.08,11,-24.875,0,0.037,0.946,0.962,0.119,0.0382
0,False,0.616,0.233,11,-12.894,1,0.0386,0.791,3.39e-05,0.0978,0.407
56,True,0.547,0.558,9,-6.745,0,0.309,0.112,0.0,0.112,0.422
21,False,0.726,0.896,10,-8.187,0,0.0851,0.0148,0.942,0.0514,0.272
66,False,0.773,0.839,5,-4.046,1,0.0566,0.0276,0.00797,0.132,0.303
23,False,0.615,0.915,1,-3.56,0,0.0582,0.0394,0.0,0.243,0.354
55,False,0.48,0.618,2,-7.335,1,0.0501,0.844,8.93e-05,0.325,0.344
30,False,0.439,0.826,4,-10.0,0,0.034,0.000193,0.0,0.0879,0.497
0,True,0.56,0.724,1,-6.263,1,0.0458,0.174,0.00321,0.149,0.279
43,False,0.755,0.596,7,-10.511,1,0.0443,0.0246,0.555,0.135,0.224
27,False,0.537,0.565,4,-8.517,1,0.0347,0.27,0.0,0.367,0.192
16,False,0.786,0.461,7,-6.281,1,0.0841,0.0597,0.941,0.138,0.252
0,False,0.614,0.974,11,-2.153,1,0.102,0.199,0.0,0.358,0.896
53,False,0.662,0.591,6,-10.907,0,0.033,0.454,0.878,0.105,0.204
33,False,0.4,0.984,11,-2.551,0,0.0887,0.000744,0.0,0.334,0.57
26,False,0.482,0.769,9,-9.992,1,0.0304,0.00101,0.00102,0.34,0.759
23,False,0.401,0.442,8,-11.979,1,0.0304,0.209,1.2e-06,0.0543,0.314
11,False,0.898,0.431,5,-11.645,1,0.0708,0.198,0.00076,0.041,0.9
33,False,0.573,0.743,10,-6.573,1,0.121,0.747,0.0,0.0734,0.729
0,False,0.4,0.22,2,-14.161,0,0.0384,0.896,0.0254,0.114,0.186
54,False,0.293,0.933,0,-8.082,1,0.0701,0.000109,0.145,0.336,0.837
27,False,0.638,0.789,7,-4.888,1,0.0278,0.37,4.12e-05,0.102,0.849
75,False,0.813,0.787,11,-4.254,1,0.0777,0.0452,0.000107,0.0506,0.326
19,False,0.196,0.453,0,-8.227,0,0.0416,0.885,0.000794,0.248,0.202
35,False,0.692,0.284,5,-11.293,0,0.0298,0.956,0.0332,0.0998,0.264
73,False,0.672,0.578,9,-6.621,1,0.0569,0.469,0.0,0.312,0.548
38,False,0.487,0.702,4,-7.961,1,0.0356,0.189,0.0,0.671,0.905
37,False,0.488,0.32,10,-16.489,1,0.0368,0.669,0.0,0.199,0.705
51,False,0.484,0.698,2,-4.245,1,0.0299,0.677,0.0,0.435,0.74
24,False,0.528,0.78,2,-5.549,1,0.121,0.0277,0.0168,0.185,0.329
70,False,0.723,0.969,6,-4.516,1,0.142,0.0643,0.0,0.115,0.728
56,False,0.795,0.755,6,-6.031,0,0.0441,0.281,1.09e-06,0.047,0.606
0,False,0.817,0.539,6,-6.349,0,0.0621,0.0141,0.000496,0.099,0.158
49,False,0.38,0.799,11,-4.128,1,0.0299,0.0818,0.0,0.108,0.407
25,False,0.562,0.808,3,-5.219,0,0.274,0.473,0.0,0.129,0.784
37,False,0.73,0.612,10,-5.781,1,0.0379,0.594,0.0,0.64,0.83
44,False,0.482,0.627,2,-5.779,1,0.03,0.054,2.99e-06,0.111,0.17
33,False,0.574,0.758,0,-5.781,1,0.0289,0.00066,1.33e-06,0.285,0.309
41,False,0.391,0.326,5,-12.662,1,0.0309,0.486,0.332,0.127,0.246
22,False,0.549,0.706,9,-9.223,0,0.0364,0.189,0.19,0.143,0.136
0,False,0.318,0.943,4,-3.188,0,0.107,0.00721,2.06e-06,0.242,0.298
2,False,0.761,0.525,11,-6.9,1,0.0944,0.44,6.7e-06,0.0921,0.531
0,False,0.44,0.838,9,-6.196,1,0.0423,0.0956,0.0,0.473,0.619
0,False,0.609,0.801,1,-8.483,0,0.0694,0.0246,0.00255,0.37,0.202
50,False,0.403,0.16,6,-22.779,1,0.0369,0.959,0.941,0.0911,0.16
33,False,0.42,0.631,2,-7.609,1,0.119,0.421,0.0,0.327,0.799
0,False,0.296,0.206,0,-11.799,1,0.0412,0.782,0.000225,0.0959,0.202
41,False,0.459,0.9,1,-5.215,1,0.111,0.301,0.087,0.874,0.488
36,False,0.416,0.934,9,-3.725,1,0.0491,0.0072,0.0,0.224,0.725
25,False,0.54,0.435,10,-18.341,1,0.0443,0.966,0.775,0.0932,0.929
42,False,0.0578,0.446,0,-28.103,0,0.0582,0.915,0.962,0.384,0.00084
31,False,0.571,0.719,2,-8.81,1,0.0447,0.871,0.0,0.133,0.988
31,False,0.493,0.943,5,-6.579,1,0.101,0.000409,0.1,0.923,0.274
81,True,0.901,0.464,5,-9.789,0,0.0645,0.368,1.71e-05,0.238,0.638
41,False,0.296,0.203,4,-12.019,1,0.0418,0.902,0.915,0.178,0.165
1,True,0.845,0.723,11,-5.18,1,0.263,0.0112,0.0,0.107,0.667
37,False,0.588,0.832,9,-7.543,1,0.0415,0.021,0.00101,0.186,0.523
0,False,0.44,0.873,5,-3.015,0,0.0576,0.0124,0.0966,0.346,0.5
35,False,0.864,0.842,0,-5.518,1,0.0502,0.19,0.00023,0.0795,0.844
0,False,0.383,0.984,8,-3.573,1,0.103,0.000246,0.287,0.24,0.304
36,False,0.774,0.629,9,-8.986,0,0.0368,0.175,0.0618,0.0975,0.152
45,False,0.418,0.345,10,-9.795,1,0.0354,0.767,0.0,0.176,0.215
55,True,0.934,0.642,2,-6.489,1,0.117,0.037,0.0,0.0754,0.748
40,False,0.618,0.701,0,-11.905,1,0.0611,0.072,0.0,0.0627,0.889
0,False,0.788,0.945,9,-5.091,1,0.0599,0.223,2.97e-06,0.115,0.466
39,False,0.465,0.708,2,-10.568,1,0.0286,0.000239,7.57e-06,0.0872,0.685
34,False,0.679,0.474,4,-13.223,0,0.043,0.941,0.922,0.11,0.441
0,False,0.79,0.724,1,-6.972,1,0.0852,0.0696,2.33e-06,0.113,0.642
16,False,0.258,0.928,2,-4.079,1,0.0836,2.23e-06,0.983,0.0908,0.2
42,False,0.326,0.375,2,-7.803,1,0.0393,0.883,0.0,0.119,0.467
78,False,0.628,0.698,6,-5.608,0,0.105,0.0472,0.00143,0.0907,0.732
0,False,0.798,0.575,5,-5.515,0,0.035,0.14,3.62e-06,0.056,0.683
54,False,0.666,0.4,9,-7.324,0,0.0328,0.717,0.000334,0.342,0.395
63,False,0.523,0.847,3,-5.888,1,0.028,0.00309,1.21e-05,0.146,0.475
36,False,0.678,0.667,1,-6.482,1,0.0348,0.0165,7.19e-05,0.157,0.427
0,True,0.743,0.467,0,-5.429,1,0.0632,0.0344,0.0391,0.0716,0.125
47,False,0.595,0.557,2,-11.903,0,0.0912,0.351,0.81,0.0468,0.396
52,False,0.491,0.981,7,-3.673,0,0.131,0.0116,0.000971,0.144,0.366
47,False,0.497,0.84,0,-3.519,1,0.134,0.00281,0.0272,0.121,0.0388
5,False,0.785,0.884,6,-6.827,1,0.0694,0.00207,0.133,0.0933,0.53
24,False,0.416,0.973,7,-5.621,0,0.0586,0.00882,0.531,0.344,0.186
42,False,0.804,0.371,0,-15.462,1,0.138,0.515,1.08e-05,0.173,0.749
0,False,0.457,0.979,5,-3.836,1,0.0485,9.8e-06,0.119,0.123,0.227
78,False,0.653,0.519,2,-10.164,1,0.0497,0.406,0.0209,0.101,0.822
64,False,0.419,0.152,0,-12.126,1,0.0277,0.326,0.0034,0.113,0.239
29,True,0.662,0.991,11,-3.534,0,0.245,0.0259,0.0971,0.45,0.18
53,False,0.211,0.641,11,-10.24,0,0.0495,0.026,0.00382,0.754,0.251
72,False,0.367,0.202,0,-11.342,1,0.0313,0.668,0.145,0.109,0.0362
0,False,0.451,0.036,0,-20.772,1,0.0633,0.905,0.898,0.108,0.397
68,False,0.637,0.573,11,-6.69,0,0.0491,0.279,3.46e-06,0.0617,0.704
2,False,0.658,0.791,8,-4.66,1,0.0512,0.102,0.0,0.139,0.744
8,True,0.843,0.789,7,-2.801,1,0.247,0.0028,2.41e-05,0.0322,0.571
38,False,0.328,0.474,6,-7.972,1,0.0659,0.449,0.0,0.0772,0.236
0,False,0.815,0.66,9,-7.68,0,0.25,0.381,0.0,0.128,0.643
50,False,0.553,0.378,4,-10.735,1,0.0688,0.607,0.000324,0.26,0.332
55,False,0.584,0.805,5,-4.029,0,0.0465,0.0649,0.0,0.103,0.238
59,True,0.751,0.897,1,-3.598,1,0.0468,0.00957,2.88e-05,0.329,0.482
37,False,0.599,0.414,9,-7.249,1,0.0339,0.214,0.0,0.322,0.259
71,False,0.773,0.57,8,-3.482,1,0.113,0.372,0.00524,0.108,0.772
39,False,0.599,0.365,6,-7.628,0,0.0282,0.867,0.0,0.209,0.459
0,False,0.705,0.567,0,-7.054,1,0.0306,0.0199,0.0,0.0937,0.562
50,False,0.4,0.601,0,-6.879,1,0.0356,0.458,0.0,0.173,0.236
31,False,0.432,0.959,11,-5.095,1,0.0522,0.000358,0.0,0.104,0.637
65,False,0.606,0.497,4,-6.611,1,0.0277,0.348,0.0,0.275,0.362
55,False,0.823,0.855,5,-5.577,1,0.0456,0.000807,4.9e-06,0.345,0.917
25,False,0.65,0.594,0,-7.484,0,0.0256,0.0504,0.000162,0.188,0.486
0,False,0.499,0.327,1,-16.66,1,0.0382,0.937,0.161,0.131,0.43
53,False,0.452,0.918,5,-3.865,1,0.104,0.0044,1.14e-06,0.307,0.509
66,False,0.788,0.81,4,-3.136,1,0.0736,0.0656,0.000465,0.283,0.891
22,False,0.578,0.955,6,-4.433,1,0.203,0.00192,0.0,0.383,0.463
0,False,0.582,0.705,3,-8.169,1,0.0539,0.29,1.38e-06,0.797,0.64
22,False,0.552,0.235,5,-17.955,1,0.0321,0.699,0.805,0.13,0.205
0,False,0.166,0.998,11,-27.053,0,0.0403,0.993,0.646,0.952,1e-05
0,False,0.758,0.8,0,-3.245,1,0.0383,0.0714,0.0,0.407,0.607
44,False,0.569,0.496,4,-11.423,0,0.0674,0.393,0.924,0.11,0.808
20,False,0.531,0.997,5,-4.509,1,0.0504,0.101,3.39e-05,0.957,0.458
9,False,0.416,0.16,9,-17.863,1,0.0559,0.975,0.173,0.086,0.562
60,False,0.645,0.242,2,-13.986,0,0.0402,0.805,0.894,0.115,0.0744
0,False,0.23,0.163,6,-14.909,1,0.0351,0.97,0.00424,0.262,0.102
46,False,0.833,0.441,11,-6.172,0,0.152,0.392,0.0,0.149,0.762
47,False,0.441,0.728,5,-4.373,1,0.0384,0.259,0.0,0.109,0.191
40,False,0.328,0.613,2,-6.47,0,0.0335,0.545,0.0,0.377,0.473
38,True,0.706,0.73,0,-5.681,1,0.052,0.662,1.93e-05,0.293,0.493
23,False,0.222,0.195,5,-13.631,1,0.0368,0.982,0.000169,0.0945,0.11
33,False,0.634,0.975,6,-5.433,0,0.057,0.0081,0.0764,0.21,0.77
35,False,0.225,0.276,5,-9.724,1,0.0302,0.871,0.325,0.177,0.107
43,False,0.359,0.991,2,-3.688,1,0.121,0.000762,2.23e-05,0.0837,0.433
17,False,0.678,0.937,7,-5.56,1,0.0432,0.187,0.000159,0.13,0.96
2,False,0.53,0.782,1,-6.872,0,0.0259,0.0265,0.000187,0.0688,0.719
20,False,0.486,0.918,1,-6.207,0,0.0415,0.0144,0.00353,0.798,0.431
7,False,0.444,0.799,7,-10.938,1,0.0722,4.11e-05,0.695,0.0235,0.197
54,False,0.368,0.449,11,-7.049,1,0.0298,0.729,0.0,0.132,0.273
1,False,0.714,0.671,5,-5.119,1,0.362,0.292,0.0,0.325,0.641
40,False,0.411,0.924,7,-2.292,1,0.0445,0.00463,0.000306,0.296,0.275
0,False,0.295,0.195,5,-22.43,0,0.0457,0.994,0.916,0.205,0.496
17,False,0.778,0.4,8,-10.231,0,0.158,0.228,0.0,0.338,0.624
2,False,0.865,0.573,5,-5.501,1,0.0678,0.0863,0.0,0.305,0.563
0,True,0.706,0.627,4,-2.94,0,0.202,0.193,0.0,0.126,0.38
23,True,0.673,0.613,7,-6.865,1,0.047,0.0054,0.0104,0.0751,0.372
0,False,0.556,0.448,2,-9.131,0,0.0314,0.884,0.276,0.126,0.338
0,False,0.67,0.776,8,-4.091,0,0.047,0.00388,0.000189,0.122,0.624
0,False,0.75,0.877,1,-4.203,1,0.121,0.132,0.0,0.268,0.662
41,False,0.782,0.724,0,-5.521,1,0.0472,0.6,0.0,0.101,0.659
26,False,0.504,0.308,1,-8.062,0,0.0739,0.978,3.73e-05,0.264,0.582
66,False,0.535,0.402,9,-10.884,1,0.031,0.000748,0.734,0.0812,0.0862
81,False,0.905,0.962,4,-3.197,1,0.0856,0.0299,0.0,0.0272,0.906
61,False,0.5,0.565,11,-10.528,1,0.145,0.25,0.000147,0.145,0.466
41,False,0.429,0.257,5,-10.906,1,0.028,0.864,0.00154,0.0878,0.382
26,False,0.345,0.4,2,-7.701,0,0.0317,0.523,8.63e-05,0.103,0.0376
47,False,0.399,0.75,2,-11.185,1,0.118,0.00481,0.000483,0.0748,0.745
27,False,0.465,0.48,3,-6.573,1,0.033,0.608,0.0,0.301,0.584
0,False,0.811,0.527,0,-13.463,0,0.0986,0.238,0.000424,0.338,0.684
21,False,0.924,0.893,7,-2.567,1,0.191,0.0166,0.859,0.0907,0.613
51,False,0.665,0.645,7,-6.056,1,0.0673,0.144,0.0,0.165,0.254
64,False,0.521,0.233,7,-13.683,1,0.0254,0.635,0.0,0.245,0.4
60,False,0.472,0.672,7,-4.297,1,0.0287,0.0343,0.0,0.0936,0.313
43,False,0.431,0.687,0,-6.252,1,0.0493,0.586,0.0,0.3,0.351
49,False,0.346,0.0431,10,-29.328,1,0.0387,0.994,0.951,0.109,0.326
8,False,0.754,0.928,4,-3.021,1,0.0458,0.00173,0.00151,0.039,0.671
54,False,0.616,0.833,2,-7.932,1,0.0323,0.0392,9.77e-05,0.801,0.553
68,False,0.555,0.46,9,-7.032,1,0.0277,0.497,0.0,0.103,0.146
35,False,0.449,0.261,9,-11.057,1,0.0324,0.626,0.0,0.101,0.218
37,False,0.246,0.995,1,-2.699,0,0.267,0.00062,0.168,0.476,0.162
11,False,0.522,0.281,0,-15.195,1,0.027,0.902,0.00333,0.109,0.554
72,True,0.58,0.748,4,-5.433,1,0.0323,0.00935,0.0,0.753,0.584
48,False,0.549,0.468,0,-7.895,1,0.0289,0.596,0.0,0.127,0.415
26,False,0.729,0.446,0,-11.727,1,0.034,0.974,0.000702,0.173,0.91
58,False,0.496,0.549,4,-8.067,0,0.0286,0.128,0.00226,0.237,0.372
13,False,0.167,0.837,5,-9.142,1,0.0879,1.35e-06,0.83,0.155,0.126
10,False,0.691,0.587,11,-4.379,1,0.0297,0.0885,0.0,0.372,0.275
19,False,0.361,0.838,11,-4.416,0,0.0756,0.011,0.0,0.164,0.532
51,False,0.634,0.563,7,-10.164,1,0.0504,0.21,0.0,0.15,0.676
37,False,0.549,0.269,0,-11.071,1,0.0959,0.829,0.0,0.133,0.538
50,False,0.557,0.758,7,-6.165,1,0.0414,0.324,3.34e-06,0.0838,0.192
0,False,0.423,0.723,5,-3.741,1,0.036,0.14,0.0,0.236,0.623
60,False,0.815,0.705,11,-4.934,0,0.135,0.0294,1.62e-06,0.173,0.516
0,False,0.32,0.288,7,-13.439,1,0.0291,0.363,0.00561,0.0943,0.181
34,False,0.633,0.498,9,-9.812,1,0.0311,0.535,0.768,0.153,0.233
40,False,0.573,0.961,4,-5.012,1,0.0639,0.0175,4.17e-05,0.945,0.773
0,False,0.681,0.474,7,-8.623,0,0.0423,0.621,1.24e-06,0.137,0.7
28,False,0.572,0.00282,2,-22.044,0,0.152,0.994,0.544,0.103,0.607
71,False,0.715,0.89,11,-5.438,0,0.051,0.00111,0.000837,0.0297,0.891
0,False,0.216,0.172,9,-21.399,0,0.0456,0.989,0.819,0.0949,0.0997
24,False,0.826,0.49,4,-10.134,0,0.221,0.00929,0.0146,0.0904,0.48
51,False,0.544,0.996,9,-2.994,0,0.194,0.00288,0.115,0.187,0.0708
33,False,0.179,0.407,2,-7.503,1,0.0355,0.113,0.000143,0.32,0.0696
32,False,0.601,0.128,8,-14.431,1,0.0429,0.902,0.000129,0.099,0.388
12,False,0.173,0.979,7,-3.842,1,0.157,1.4e-06,0.943,0.162,0.0639
11,False,0.385,0.416,5,-7.789,1,0.0296,0.876,0.00233,0.21,0.652
38,False,0.614,0.891,6,-5.98,0,0.0522,0.0392,0.0,0.088,0.329
53,False,0.468,0.362,9,-10.704,1,0.0262,0.29,0.00529,0.128,0.257
76,True,0.734,0.532,7,-9.038,0,0.102,0.361,0.0,0.105,0.491
38,False,0.619,0.95,9,-5.294,0,0.0874,0.00552,0.0169,0.188,0.872
24,False,0.492,0.452,1,-10.838,1,0.0403,0.00754,0.906,0.187,0.0596
13,False,0.434,0.989,1,-7.275,1,0.0898,0.018,0.319,0.188,0.605
50,False,0.421,0.734,7,-5.259,1,0.0475,0.579,0.0,0.919,0.711
58,False,0.507,0.399,9,-10.917,0,0.0358,0.871,0.000377,0.113,0.225
24,False,0.86,0.697,8,-6.976,0,0.175,0.419,0.000164,0.0719,0.726
53,False,0.433,0.0871,0,-14.532,1,0.0341,0.91,1.98e-05,0.113,0.336
0,False,0.783,0.799,5,-4.58,0,0.0343,0.276,0.0941,0.0756,0.492
49,True,0.591,0.637,8,-11.746,0,0.0522,0.00335,0.0,0.353,0.639
21,False,0.63,0.199,0,-10.883,1,0.0523,0.977,0.608,0.146,0.692
20,False,0.69,0.678,4,-10.954,1,0.934,0.816,0.0,0.772,0.585
18,False,0.576,0.303,2,-10.595,0,0.0373,0.971,0.103,0.125,0.521
10,False,0.423,0.206,2,-23.209,0,0.0345,0.936,0.947,0.1,0.0369
59,False,0.713,0.747,4,-4.492,0,0.128,0.117,5.51e-06,0.451,0.711
53,False,0.759,0.603,1,-9.085,0,0.044,0.0668,0.237,0.656,0.544
50,False,0.565,0.504,10,-8.324,1,0.0325,0.656,0.000189,0.117,0.378
40,False,0.792,0.435,3,-12.242,1,0.0469,0.531,0.0,0.126,0.963
18,False,0.362,0.898,7,-1.34,1,0.0434,0.318,0.0,0.367,0.46
76,False,0.654,0.506,11,-17.18,0,0.0535,0.686,0.0155,0.155,0.831
48,False,0.561,0.847,3,-5.028,0,0.0589,0.361,0.00389,0.126,0.399
58,False,0.494,0.716,11,-6.816,1,0.0675,0.377,6.03e-06,0.0839,0.532
20,True,0.591,0.731,9,-3.62,1,0.0463,0.0173,0.0,0.212,0.522
39,False,0.426,0.851,11,-3.528,1,0.0577,0.0985,0.0,0.661,0.756
77,False,0.64,0.957,8,-2.336,1,0.0741,0.0431,0.0,0.0789,0.692
38,False,0.829,0.896,7,-3.847,1,0.0526,0.47,0.000925,0.0664,0.956
57,False,0.454,0.463,4,-6.057,1,0.0323,0.854,0.0,0.106,0.214
55,False,0.477,0.857,0,-4.009,1,0.0734,0.559,2.91e-06,0.233,0.558
14,False,0.792,0.808,1,-15.038,1,0.0959,8.22e-05,0.601,0.14,0.922
23,False,0.382,0.992,7,-2.756,1,0.129,0.202,0.0,0.324,0.655
35,False,0.537,0.977,1,-6.946,1,0.047,5.18e-05,0.646,0.0848,0.0663
23,True,0.537,0.783,2,-9.198,1,0.948,0.728,0.0,0.899,0.405
75,False,0.814,0.813,2,-3.023,0,0.0561,0.03,9.33e-05,0.255,0.839
44,False,0.694,0.611,0,-7.158,1,0.0355,0.574,0.0,0.11,0.62
39,False,0.854,0.4,10,-6.511,1,0.042,0.646,3.12e-05,0.0768,0.854
0,False,0.416,0.771,7,-3.183,0,0.0539,0.178,1.47e-06,0.501,0.493
42,False,0.515,0.427,7,-9.732,0,0.0277,0.777,6.09e-05,0.185,0.25
0,False,0.446,0.214,1,-15.215,1,0.0326,0.885,1.46e-06,0.052,0.741
53,False,0.718,0.9,7,-4.31,0,0.0549,0.016,0.000171,0.0572,0.766
5,False,0.675,0.817,5,-3.789,0,0.0497,0.00711,0.0,0.0839,0.446
57,False,0.217,0.00572,2,-30.767,1,0.0394,0.989,0.925,0.109,0.174
0,False,0.748,0.939,8,-5.23,1,0.0472,0.0607,0.31,0.0891,0.398
52,False,0.642,0.834,5,-5.529,0,0.269,0.328,0.0,0.509,0.606
59,False,0.647,0.176,0,-9.501,1,0.0751,0.854,0.0,0.199,0.441
20,False,0.511,0.877,8,-3.264,1,0.0322,0.0594,0.000906,0.0257,0.725
1,False,0.359,0.573,9,-6.054,1,0.0326,0.665,0.000178,0.136,0.562
41,False,0.728,0.941,0,-4.191,1,0.0778,0.00888,0.646,0.112,0.636
52,False,0.583,0.8,10,-9.689,1,0.0909,0.706,0.0,0.122,0.958
25,False,0.512,0.979,1,-3.081,0,0.118,0.00172,0.000746,0.101,0.146
66,False,0.856,0.656,5,-6.475,1,0.0752,0.484,0.0,0.559,0.949
55,False,0.242,0.295,0,-10.751,0,0.0319,0.919,0.899,0.107,0.467
93,True,0.445,0.537,4,-8.532,0,0.04,0.695,1.65e-05,0.0944,0.131
55,True,0.225,0.774,11,-3.18,0,0.0483,0.0222,0.0,0.111,0.167
27,False,0.683,0.349,0,-10.509,1,0.028,0.615,0.00992,0.117,0.453
49,False,0.608,0.936,4,-6.254,0,0.0583,0.00181,0.736,0.0463,0.0389
46,False,0.618,0.643,4,-4.086,1,0.0297,0.569,0.0,0.443,0.722
38,False,0.391,0.721,2,-7.223,1,0.0473,0.333,5.39e-05,0.121,0.478
64,False,0.287,0.292,9,-19.285,1,0.0541,0.968,0.978,0.09,0.346
44,False,0.511,0.862,6,-7.242,1,0.0443,0.0768,1.92e-05,0.697,0.233
21,False,0.404,0.159,2,-24.28,1,0.0314,0.866,0.876,0.847,0.143
30,False,0.519,0.418,11,-7.984,1,0.0264,0.93,0.00152,0.129,0.259
28,False,0.562,0.869,8,-5.967,1,0.227,0.5,0.0,0.18,0.664
0,False,0.701,0.425,7,-10.965,1,0.375,0.328,0.13,0.1,0.562
0,False,0.693,0.492,10,-6.962,1,0.0378,0.559,3.66e-06,0.0972,0.595
47,False,0.547,0.804,1,-5.413,0,0.0424,0.0011,2.54e-06,0.687,0.343
54,False,0.647,0.513,7,-12.372,1,0.0421,0.758,8.64e-06,0.108,0.955
0,False,0.565,0.816,5,-6.814,0,0.0396,0.705,0.0002,0.0853,0.933
42,False,0.856,0.48,10,-8.237,1,0.0357,0.77,0.0,0.122,0.77
33,False,0.447,0.31,7,-9.668,1,0.039,0.949,0.0,0.141,0.288
0,False,0.647,0.876,10,-5.662,1,0.185,0.881,3.59e-05,0.26,0.949
17,False,0.388,0.535,10,-9.548,1,0.0344,0.0643,0.926,0.102,0.0956
20,False,0.682,0.402,7,-9.709,1,0.0337,0.566,0.0,0.264,0.697
24,False,0.768,0.987,10,-3.674,0,0.0819,0.0499,0.0,0.422,0.792
0,False,0.499,0.304,0,-11.543,1,0.0632,0.81,0.0,0.0546,0.521
23,True,0.349,0.954,1,-4.877,1,0.164,0.000455,0.0,0.182,0.485
47,False,0.567,0.938,7,-6.28,1,0.0874,0.00157,0.00729,0.124,0.345
0,False,0.666,0.942,1,-2.928,1,0.0689,0.0307,0.0,0.246,0.832
40,False,0.384,0.842,7,-4.847,1,0.107,0.208,0.000317,0.169,0.681
33,False,0.364,0.404,5,-10.213,1,0.0396,0.809,0.0,0.124,0.373
53,False,0.523,0.882,5,-4.156,0,0.0356,0.00291,0.0184,0.092,0.501
0,False,0.261,0.0201,3,-25.726,1,0.039,0.99,0.895,0.108,0.0913
0,True,0.65,0.681,1,-6.694,1,0.273,0.377,3.97e-05,0.104,0.44
36,False,0.5,0.759,9,-8.126,1,0.0661,0.0041,0.0,0.59,0.922
69,False,0.757,0.725,2,-7.259,1,0.0275,0.399,0.0,0.108,0.965
24,False,0.607,0.61,4,-11.389,1,0.0297,0.275,0.921,0.0637,0.65
55,False,0.606,0.54,7,-6.271,0,0.0339,0.182,0.000144,0.144,0.249
22,False,0.623,0.598,6,-9.846,0,0.348,0.452,0.0,0.21,0.961
22,False,0.688,0.827,4,-8.345,1,0.0433,0.0144,0.838,0.396,0.131
38,False,0.382,0.466,2,-8.1,1,0.0346,0.316,5.58e-06,0.311,0.142
74,True,0.713,0.526,1,-5.046,1,0.032,0.00767,0.000148,0.124,0.131
0,False,0.57,0.427,6,-5.873,1,0.0296,0.368,1.73e-05,0.156,0.186
34,False,0.18,0.272,10,-15.516,1,0.0371,0.863,2.58e-05,0.18,0.102
25,False,0.455,0.897,1,-4.487,0,0.0408,0.0143,0.00022,0.3,0.104
48,False,0.615,0.623,10,-7.617,1,0.0507,0.601,0.0,0.426,0.515
0,False,0.724,0.744,7,-4.757,1,0.0398,0.00219,4.49e-06,0.116,0.645
38,False,0.316,0.653,6,-7.926,1,0.0711,0.388,1.76e-06,0.0907,0.317
44,True,0.743,0.666,7,-4.629,1,0.337,0.109,0.0,0.183,0.463
32,False,0.64,0.492,4,-8.326,0,0.0534,0.687,0.0,0.31,0.627
64,False,0.777,0.308,2,-6.483,0,0.0314,0.226,0.0,0.109,0.634
57,False,0.527,0.789,5,-7.344,0,0.0331,0.0022,0.0172,0.085,0.209
28,False,0.72,0.906,2,-5.187,1,0.0675,0.000495,0.809,0.0573,0.624
0,False,0.81,0.717,10,-3.92,0,0.132,0.0182,0.00148,0.105,0.687
56,False,0.296,0.669,0,-5.364,0,0.0452,0.03,0.831,0.154,0.679
20,False,0.513,0.583,3,-6.645,1,0.0303,0.791,0.0,0.333,0.531
25,False,0.657,0.64,7,-10.848,1,0.0282,0.379,0.000842,0.283,0.626
59,False,0.599,0.946,8,-4.192,1,0.0378,0.000669,0.0,0.0973,0.653
57,False,0.387,0.95,1,-3.747,1,0.0475,0.00193,0.0,0.0689,0.541
62,True,0.825,0.453,4,-7.429,0,0.227,0.127,3.82e-06,0.0838,0.496
41,False,0.604,0.375,1,-10.925,0,0.0312,0.028,0.0178,0.332,0.0502
38,False,0.458,0.986,7,-3.693,1,0.131,0.000539,0.000114,0.237,0.294
25,False,0.324,0.936,10,-5.967,1,0.129,0.0185,0.000224,0.0782,0.899
21,False,0.799,0.603,11,-11.2,0,0.0563,0.000202,0.816,0.104,0.152
75,False,0.457,0.407,9,-11.475,1,0.0308,0.805,0.884,0.126,0.126
17,False,0.666,0.565,1,-9.782,1,0.389,0.0722,0.0,0.104,0.263
55,False,0.549,0.183,2,-11.398,0,0.0447,0.911,0.0,0.109,0.337
46,False,0.753,0.632,9,-8.054,1,0.0423,0.122,0.0,0.198,0.718
36,False,0.788,0.522,1,-14.554,0,0.0384,0.439,0.339,0.119,0.971
0,True,0.723,0.545,4,-6.26,0,0.049,0.0631,0.0,0.297,0.341
43,False,0.713,0.324,5,-5.656,0,0.412,0.852,0.0,0.116,0.603
42,False,0.696,0.141,11,-23.131,1,0.0628,0.847,0.885,0.098,0.148
46,True,0.715,0.584,1,-7.065,1,0.171,0.0753,0.0,0.067,0.912
48,False,0.31,0.206,4,-11.295,1,0.0478,0.908,1.65e-05,0.104,0.123
20,False,0.532,0.617,6,-5.506,0,0.0269,0.177,0.0,0.287,0.416
0,False,0.672,0.615,0,-8.274,1,0.0293,0.471,0.0,0.0911,0.944
0,False,0.541,0.321,5,-14.418,1,0.0329,0.714,0.00345,0.101,0.549
18,False,0.709,0.612,5,-6.183,0,0.0279,0.00325,0.000424,0.14,0.934
2,False,0.739,0.72,4,-6.695,1,0.026,0.0379,0.00267,0.23,0.892
25,False,0.381,0.855,2,-7.246,1,0.0423,0.634,0.935,0.116,0.576
38,False,0.249,0.945,7,-3.041,1,0.0411,1.19e-05,0.0958,0.858,0.479
56,False,0.266,0.95,9,-5.646,0,0.05,0.00212,0.000991,0.0922,0.158
23,False,0.404,0.653,11,-11.771,1,0.0373,0.392,0.0,0.333,0.745
0,False,0.781,0.816,7,-8.448,1,0.0832,0.000414,0.685,0.0979,0.793
66,False,0.402,0.723,6,-5.26,1,0.0579,0.0663,2e-06,0.233,0.224
60,False,0.438,0.527,3,-7.414,1,0.0263,0.899,0.000419,0.131,0.403
43,False,0.811,0.476,3,-5.281,1,0.0508,0.743,8.19e-05,0.0598,0.97
4,False,0.329,0.282,7,-10.863,1,0.0294,0.71,0.00265,0.158,0.393
25,False,0.569,0.869,5,-6.282,1,0.0402,0.00035,0.0,0.146,0.554
74,False,0.763,0.608,5,-8.1,0,0.035,0.262,2.5e-05,0.12,0.393
6,False,0.781,0.545,2,-9.955,1,0.0474,0.0159,0.826,0.0918,0.564
44,False,0.559,0.425,9,-11.083,1,0.0438,0.84,0.00115,0.0972,0.29
57,True,0.672,0.733,11,-5.377,1,0.0566,0.00289,0.0,0.199,0.354
40,False,0.821,0.588,11,-9.26,0,0.0477,0.0177,0.0434,0.0361,0.933
36,False,0.615,0.71,2,-6.183,1,0.0358,0.452,0.0,0.338,0.725
78,False,0.657,0.639,10,-7.527,1,0.0412,0.581,0.0,0.278,0.674
2,False,0.704,0.822,5,-4.69,0,0.0366,0.0097,0.00117,0.147,0.541
0,False,0.601,0.713,4,-3.758,0,0.0449,0.0282,0.0,0.158,0.464
20,False,0.831,0.178,7,-19.349,1,0.0544,0.962,0.0,0.105,0.786
21,False,0.432,0.616,9,-7.502,1,0.0428,0.597,0.000221,0.326,0.9
63,False,0.603,0.764,5,-7.097,0,0.0553,0.738,0.0,0.976,0.926
62,False,0.533,0.838,0,-3.723,1,0.0319,0.102,0.0,0.394,0.449
0,False,0.533,0.838,1,-5.625,0,0.0837,0.0251,0.0,0.318,0.722
19,False,0.0833,0.948,3,-4.929,1,0.146,0.000435,0.469,0.205,0.131
20,False,0.0998,0.911,9,-11.959,0,0.112,4.3e-06,0.714,0.18,0.0708
28,False,0.574,0.651,1,-6.464,0,0.0259,0.622,0.000902,0.369,0.542
20,False,0.0917,0.892,7,-10.731,1,0.0635,3.54e-06,0.801,0.342,0.119
52,False,0.647,0.72,5,-6.104,0,0.14,0.0945,0.0,0.121,0.134
61,False,0.571,0.757,11,-5.892,0,0.0334,0.00114,0.729,0.15,0.176
60,False,0.649,0.947,7,-4.087,1,0.26,0.218,0.383,0.0532,0.579
39,False,0.412,0.984,8,-3.725,1,0.643,0.119,0.0,0.902,0.363
0,False,0.303,0.148,7,-17.01,1,0.0817,0.914,0.346,0.192,0.0771
1,False,0.431,0.837,9,-5.067,1,0.0432,0.259,0.0,0.0879,0.648
1,False,0.741,0.92,5,-4.457,1,0.0516,0.182,0.122,0.0903,0.739
52,False,0.816,0.468,1,-8.686,1,0.0608,0.672,0.843,0.244,0.199
11,False,0.645,0.388,7,-10.478,1,0.0265,0.726,0.0,0.0918,0.653
55,False,0.307,0.0742,9,-27.159,0,0.0359,0.72,0.315,0.11,0.0394
41,True,0.705,0.774,7,-2.501,0,0.165,0.138,8e-05,0.0993,0.696
31,False,0.684,0.879,11,-4.667,1,0.0419,0.102,0.0,0.441,0.616
16,False,0.558,0.797,5,-12.499,1,0.0675,0.003,0.89,0.0925,0.117
61,False,0.237,0.543,7,-8.921,1,0.0372,0.838,3.86e-06,0.0961,0.316
32,False,0.441,0.498,8,-15.056,0,0.141,0.546,6.02e-05,0.0975,0.429
26,False,0.482,0.137,7,-11.566,1,0.0426,0.951,1.35e-05,0.106,0.363
0,False,0.767,0.694,1,-5.059,0,0.0384,0.0629,0.0,0.32,0.78
38,False,0.471,0.166,3,-14.147,1,0.0457,0.858,0.0,0.106,0.421
37,False,0.722,0.934,0,-2.741,1,0.0407,0.532,0.0,0.949,0.711
65,True,0.589,0.797,9,-5.464,1,0.15,0.0289,4.35e-06,0.383,0.232
38,False,0.0924,0.824,7,-21.031,1,0.0801,4.7e-06,0.975,0.757,0.0316
67,True,0.452,0.937,1,-3.346,0,0.161,0.000209,3.61e-06,0.606,0.604
0,False,0.73,0.403,4,-10.146,1,0.0483,0.718,0.00225,0.0985,0.502
34,False,0.645,0.933,2,-1.809,1,0.0704,0.00117,0.0723,0.157,0.278
0,False,0.498,0.533,10,-7.337,1,0.0245,0.261,0.0471,0.314,0.288
59,False,0.466,0.188,1,-18.309,0,0.0547,0.198,0.657,0.082,0.615
21,False,0.404,0.982,1,-3.531,1,0.0812,0.000509,0.0,0.169,0.625
58,False,0.684,0.0892,1,-19.013,0,0.0609,0.981,0.951,0.261,0.223
26,False,0.584,0.272,2,-13.011,1,0.032,0.938,0.0851,0.0977,0.161
84,False,0.812,0.736,4,-5.421,0,0.0833,0.152,0.00254,0.0914,0.396
36,False,0.45,0.0709,2,-29.773,1,0.0378,0.994,0.907,0.108,0.351
61,True,0.932,0.485,9,-8.926,1,0.0965,0.609,0.0295,0.141,0.43
23,False,0.677,0.695,0,-8.172,1,0.0747,0.111,0.0219,0.0759,0.687
48,True,0.813,0.424,1,-11.035,0,0.375,0.816,0.0,0.081,0.546
31,False,0.333,0.417,8,-8.64,1,0.0313,0.958,0.939,0.106,0.141
44,False,0.73,0.906,11,-4.453,1,0.111,0.161,0.0,0.0954,0.655
2,False,0.582,0.568,1,-7.3,1,0.0275,0.577,0.0,0.105,0.394
42,False,0.64,0.779,9,-6.181,0,0.0301,0.0824,0.00397,0.129,0.641
51,False,0.484,0.474,9,-8.064,1,0.0363,0.8,0.0,0.0877,0.35
43,False,0.639,0.435,0,-11.968,1,0.0873,0.862,0.866,0.0989,0.342
66,False,0.741,0.499,11,-8.035,1,0.0356,0.23,0.0,0.125,0.692
44,False,0.599,0.633,8,-6.629,1,0.0357,0.501,0.000147,0.124,0.289
0,False,0.707,0.722,10,-6.722,1,0.0284,0.0485,0.0,0.122,0.431
38,False,0.549,0.809,0,-9.882,1,0.0346,0.000869,0.0805,0.249,0.321
1,False,0.704,0.691,6,-5.414,1,0.158,0.255,0.0,0.129,0.427
23,False,0.606,0.933,8,-2.891,1,0.0921,0.138,6.21e-05,0.371,0.556
1,False,0.163,0.992,8,-7.114,1,0.199,2.88e-05,0.845,0.305,0.0376
79,False,0.654,0.828,1,-5.377,0,0.0281,0.00146,0.000144,0.122,0.79
28,False,0.8,0.342,9,-18.103,1,0.0519,0.433,0.69,0.112,0.221
50,False,0.268,0.0102,2,-20.591,0,0.0496,0.984,0.859,0.134,0.133
40,False,0.456,0.285,5,-12.309,1,0.0303,0.851,0.152,0.122,0.0501
62,False,0.588,0.283,8,-12.663,1,0.0364,0.863,0.0,0.121,0.284
43,False,0.471,0.651,4,-8.507,1,0.0327,0.147,0.000241,0.197,0.495
58,False,0.453,0.146,2,-8.976,1,0.0343,0.867,3.49e-06,0.0945,0.0915
0,False,0.468,0.942,7,-3.265,1,0.0836,0.000117,0.00291,0.164,0.614
0,False,0.623,0.668,6,-7.282,0,0.0531,0.475,0.0,0.0862,0.823
17,False,0.57,0.934,10,-11.358,0,0.145,0.0117,0.489,0.837,0.157
37,False,0.325,0.288,11,-11.725,1,0.0364,0.537,1.79e-05,0.313,0.17
12,False,0.686,0.927,1,-4.041,1,0.0398,0.00446,0.57,0.0892,0.313
0,False,0.686,0.856,9,-2.717,0,0.0426,0.0896,0.0,0.0648,0.733
71,False,0.6,0.294,6,-12.301,1,0.0292,0.871,8.66e-05,0.102,0.342
43,False,0.447,0.452,8,-4.535,1,0.029,0.577,0.0,0.285,0.116
27,False,0.204,0.939,7,-6.08,1,0.12,0.0171,0.49,0.0965,0.361
31,False,0.483,0.784,7,-5.844,1,0.0386,0.294,0.00687,0.245,0.528
22,False,0.532,0.868,8,-4.761,1,0.0351,0.00439,0.0393,0.0931,0.739
43,False,0.76,0.911,0,-8.193,1,0.0456,0.119,0.0,0.611,0.785
21,False,0.228,0.98,4,-6.158,1,0.251,0.000651,0.000259,0.545,0.226
44,False,0.527,0.647,9,-6.314,1,0.038,0.312,0.0,0.119,0.573
68,False,0.542,0.918,6,-5.074,1,0.0937,0.0101,0.0,0.259,0.784
53,False,0.626,0.961,5,-3.587,1,0.0687,0.000407,0.0024,0.684,0.668
48,False,0.438,0.296,11,-12.552,1,0.0385,0.863,0.000147,0.103,0.398
24,False,0.128,0.057,4,-24.492,0,0.0416,0.681,0.232,0.145,0.0368
0,False,0.668,0.665,7,-8.55,1,0.0267,0.0519,6.68e-05,0.109,0.766
24,False,0.236,0.296,11,-22.328,1,0.0826,0.939,0.782,0.954,0.141
31,False,0.58,0.982,1,-4.895,1,0.102,0.000289,7.73e-06,0.497,0.802
0,False,0.759,0.843,8,-3.718,1,0.0913,0.127,0.0,0.114,0.56
41,False,0.346,0.315,2,-7.52,1,0.0294,0.882,0.0,0.161,0.362
68,False,0.687,0.633,8,-9.552,1,0.141,0.119,0.0,0.291,0.567
20,False,0.367,0.852,8,-3.328,1,0.0336,0.00352,0.0398,0.367,0.324
75,False,0.797,0.86,10,-4.38,0,0.0413,0.0312,0.0137,0.334,0.192
57,False,0.674,0.854,7,-4.337,1,0.034,0.0579,0.00041,0.0735,0.684
61,False,0.468,0.838,6,-5.756,0,0.0433,9.42e-05,0.196,0.0896,0.259
49,False,0.62,0.851,6,-2.727,0,0.0332,0.136,0.000144,0.0999,0.816
62,False,0.706,0.632,1,-7.172,1,0.0705,0.00713,0.0,0.129,0.625
14,True,0.314,0.933,4,-7.368,0,0.0873,1.82e-05,0.51,0.234,0.583
19,False,0.207,0.982,11,-3.922,0,0.0843,0.00064,0.00565,0.339,0.119
21,False,0.687,0.903,6,-6.56,0,0.075,0.143,0.00517,0.122,0.812
47,False,0.675,0.763,0,-5.73,1,0.0381,0.00556,0.0,0.0575,0.371
9,False,0.791,0.949,11,-9.189,0,0.0633,2.46e-05,0.9,0.0309,0.825
44,False,0.583,0.577,11,-7.603,1,0.0376,0.278,0.0,0.123,0.684
24,False,0.184,0.154,3,-18.879,1,0.0458,0.99,0.975,0.11,0.0373
20,False,0.737,0.934,7,-4.171,1,0.147,0.162,6.58e-05,0.233,0.614
22,False,0.194,0.0751,2,-25.758,1,0.0414,0.876,0.96,0.788,0.0368
14,False,0.741,0.821,7,-5.382,1,0.114,0.0168,0.000647,0.0381,0.805
51,False,0.285,0.985,1,-1.494,0,0.185,0.000122,0.0,0.0704,0.193
0,True,0.609,0.948,9,-4.938,1,0.113,0.00404,0.0978,0.042,0.786
9,False,0.855,0.56,11,-5.988,1,0.362,0.0277,0.000476,0.113,0.389
21,False,0.487,0.655,10,-15.495,0,0.913,0.81,0.0,0.761,0.387
41,False,0.844,0.593,9,-7.588,0,0.0613,0.00595,0.853,0.0813,0.513
0,False,0.692,0.883,7,-4.698,1,0.0582,0.0512,0.0,0.228,0.614
64,False,0.716,0.917,6,-5.091,1,0.0331,0.123,0.396,0.0628,0.751
9,False,0.867,0.45,9,-9.495,1,0.42,0.0437,0.0,0.185,0.96
10,False,0.248,0.992,5,-3.821,0,0.115,2.14e-06,0.91,0.0775,0.0771
4,False,0.573,0.913,5,-6.52,0,0.0409,0.00861,0.0273,0.114,0.795
41,False,0.533,0.938,4,-2.762,0,0.0535,0.0274,0.00472,0.191,0.118
0,False,0.306,0.202,9,-18.504,0,0.0333,0.978,0.0479,0.215,0.174
37,False,0.298,0.267,0,-13.202,1,0.0344,0.899,0.00162,0.0921,0.133
41,False,0.66,0.567,7,-8.209,1,0.0287,0.73,2.79e-05,0.166,0.133
31,False,0.728,0.638,7,-6.91,0,0.0502,0.701,0.0,0.279,0.795
51,False,0.429,0.525,2,-4.399,1,0.0382,0.458,6.35e-05,0.124,0.228
42,False,0.598,0.36,0,-9.79,1,0.0336,0.282,0.000112,0.107,0.189
62,False,0.589,0.912,9,-3.878,0,0.0766,0.0366,0.0,0.0752,0.426
50,False,0.689,0.937,7,-4.389,1,0.0889,0.0208,0.0519,0.0687,0.835
75,False,0.794,0.832,1,-4.862,0,0.0407,0.237,1.14e-05,0.203,0.871
42,False,0.609,0.965,7,-5.245,1,0.112,0.000877,0.000806,0.188,0.783
55,False,0.502,0.931,2,-3.676,1,0.0577,0.000143,0.0,0.54,0.365
38,False,0.567,0.844,7,-6.553,1,0.0677,0.00359,0.00101,0.109,0.737
18,True,0.422,0.687,8,-6.877,1,0.852,0.229,7.77e-05,0.0904,0.286
73,False,0.56,0.41,8,-9.227,0,0.0276,0.544,0.0,0.151,0.28
22,False,0.359,0.242,5,-8.368,1,0.0367,0.914,1.21e-06,0.307,0.0399
51,False,0.549,0.588,0,-10.875,1,0.0294,0.529,0.9,0.0877,0.545
10,False,0.351,0.567,2,-14.035,1,0.053,0.487,0.812,0.106,0.0375
66,False,0.637,0.813,7,-5.199,1,0.0544,0.0289,0.0,0.0906,0.429
30,False,0.587,0.677,4,-10.562,1,0.0307,0.506,3.27e-06,0.154,0.959
75,True,0.611,0.95,8,-3.509,1,0.0518,0.00141,1.59e-06,0.0543,0.607
70,True,0.512,0.864,7,-4.146,1,0.0338,0.000821,0.0,0.0982,0.527
38,False,0.776,0.531,11,-9.429,1,0.119,0.11,0.0,0.118,0.789
0,False,0.321,0.909,11,-4.612,1,0.041,1.62e-05,0.139,0.0442,0.209
52,False,0.772,0.706,6,-12.31,0,0.0331,0.233,0.00997,0.188,0.803
0,False,0.336,0.756,5,-4.191,1,0.045,0.00275,0.0,0.189,0.237
21,False,0.711,0.0466,0,-19.865,0,0.0657,0.984,0.751,0.107,0.264
21,False,0.548,0.188,0,-9.898,0,0.0501,0.953,0.00459,0.127,0.817
43,False,0.532,0.726,1,-4.474,1,0.0296,0.0199,3.1e-06,0.099,0.404
22,False,0.45,0.768,2,-10.697,1,0.0367,0.0706,0.00115,0.311,0.838
14,False,0.754,0.88,6,-4.505,0,0.0482,0.0108,0.000829,0.355,0.786
46,False,0.67,0.62,11,-7.247,0,0.0274,0.045,0.00126,0.11,0.876
46,False,0.361,0.274,1,-13.334,1,0.0395,0.397,5.83e-06,0.185,0.337
5,False,0.802,0.837,11,-11.634,0,0.0459,0.0774,0.741,0.1,0.661
39,False,0.507,0.698,9,-14.663,1,0.21,0.404,2.22e-06,0.696,0.783
17,False,0.405,0.257,2,-16.123,0,0.031,0.948,0.879,0.0941,0.332
22,False,0.46,0.8,6,-11.374,1,0.951,0.775,0.0,0.93,0.189
53,False,0.556,0.276,0,-9.603,1,0.0269,0.0862,6.89e-06,0.0999,0.216
19,False,0.397,0.591,2,-8.146,0,0.032,0.0343,0.519,0.777,0.11
20,False,0.216,0.048,4,-22.023,0,0.0419,0.967,0.157,0.0902,0.0595
54,False,0.762,0.391,1,-11.735,1,0.0337,0.867,0.000521,0.112,0.355
28,False,0.276,0.289,2,-10.879,1,0.0325,0.968,0.00321,0.137,0.118
70,False,0.519,0.695,0,-4.861,1,0.0812,0.299,0.0,0.43,0.515
37,False,0.599,0.569,0,-8.473,0,0.031,0.27,0.000445,0.279,0.316
37,False,0.376,0.949,11,-4.767,1,0.0839,0.0034,0.0,0.232,0.569
42,False,0.696,0.626,10,-10.12,0,0.274,0.259,0.0,0.0748,0.729
29,False,0.637,0.885,3,-5.605,1,0.355,0.325,0.0,0.0988,0.55
22,False,0.54,0.309,7,-15.599,1,0.0318,0.61,0.751,0.119,0.622
61,False,0.51,0.915,4,-3.036,1,0.0562,0.00884,1.75e-05,0.205,0.459
47,False,0.542,0.643,4,-7.097,1,0.0394,0.0954,0.0,0.115,0.237
43,False,0.546,0.975,8,-3.211,1,0.0609,0.00162,1.69e-06,0.103,0.689
0,False,0.192,0.51,4,-15.102,0,0.0458,0.000194,0.804,0.0935,0.0753
28,False,0.708,0.908,6,-3.579,0,0.184,0.0171,0.0,0.0814,0.85
44,False,0.56,0.152,9,-16.463,1,0.0537,0.269,0.000108,0.155,0.293
0,False,0.572,0.848,7,-10.054,1,0.125,0.739,4.67e-06,0.245,0.927
27,False,0.733,0.814,6,-5.36,0,0.391,0.325,0.0,0.114,0.192
48,False,0.753,0.755,2,-9.196,1,0.029,0.0547,0.00459,0.0518,0.949
49,False,0.632,0.651,7,-8.658,0,0.0401,0.756,3.99e-06,0.726,0.652
49,False,0.619,0.358,11,-12.621,1,0.0465,0.956,0.642,0.101,0.129
32,False,0.657,0.648,0,-6.233,1,0.0547,0.403,1.42e-05,0.432,0.262
0,False,0.432,0.259,9,-12.609,0,0.0396,0.954,0.0331,0.202,0.208
42,False,0.544,0.411,9,-10.106,1,0.0316,0.298,0.0,0.106,0.422
17,False,0.557,0.942,5,-4.093,0,0.0554,7.28e-05,0.871,0.066,0.509
0,False,0.167,0.282,11,-15.214,0,0.0368,0.97,0.842,0.0892,0.0405
24,True,0.56,0.787,1,-5.39,0,0.912,0.843,0.0,0.801,0.488
8,False,0.626,0.884,10,-9.417,0,0.0749,0.12,0.325,0.367,0.301
3,False,0.818,0.466,9,-5.777,1,0.0477,0.301,0.0,0.248,0.748
0,False,0.754,0.763,7,-4.627,0,0.0435,0.0301,2.23e-05,0.0901,0.464
2,False,0.896,0.859,11,-4.232,0,0.21,0.154,0.000109,0.212,0.938
43,False,0.596,0.894,5,-4.63,1,0.0513,0.0272,0.592,0.115,0.0363
65,False,0.658,0.407,4,-12.007,1,0.0364,0.727,1.26e-06,0.139,0.137
36,False,0.498,0.125,10,-14.298,1,0.0342,0.967,2.38e-05,0.107,0.229
45,False,0.581,0.869,1,-6.7,0,0.0423,0.0564,0.0789,0.0792,0.0389
56,False,0.631,0.912,9,-7.591,0,0.0362,0.0346,0.539,0.0729,0.329
0,False,0.647,0.876,10,-5.662,1,0.185,0.881,3.59e-05,0.26,0.949
0,True,0.728,0.773,11,-6.253,0,0.0764,0.0364,0.0,0.235,0.547
70,False,0.312,0.399,2,-8.506,1,0.0321,0.471,0.583,0.13,0.144
26,False,0.491,0.978,9,-1.537,0,0.283,0.0569,0.00546,0.567,0.491
40,False,0.654,0.817,11,-7.748,0,0.0551,0.000333,0.753,0.3,0.323
47,False,0.717,0.411,9,-11.908,0,0.162,0.219,0.000298,0.172,0.133
62,False,0.419,0.362,2,-15.32,1,0.0337,0.453,0.335,0.0687,0.114
0,False,0.609,0.801,1,-8.483,0,0.0694,0.0246,0.00255,0.37,0.202
0,False,0.32,0.288,7,-13.439,1,0.0291,0.363,0.00561,0.0943,0.181
5,False,0.467,0.9,11,-4.505,1,0.0451,0.000187,0.000493,0.105,0.554
42,False,0.616,0.571,4,-9.906,1,0.039,0.401,0.0,0.11,0.414
0,False,0.748,0.841,7,-5.08,1,0.177,0.00445,1.33e-06,0.0413,0.717
24,False,0.712,0.969,1,-4.12,1,0.0581,0.029,9.35e-05,0.216,0.722
19,False,0.68,0.866,3,-4.966,1,0.0311,0.461,9.68e-06,0.0851,0.935
12,False,0.781,0.38,10,-15.588,0,0.0451,0.204,0.934,0.109,0.0946
43,False,0.563,0.783,4,-9.052,1,0.0695,0.0925,0.0,0.0887,0.688
0,False,0.761,0.525,11,-6.9,1,0.0944,0.44,6.7e-06,0.0921,0.531
58,True,0.4,0.994,8,-7.34,0,0.0625,3.65e-05,0.097,0.145,0.253
35,False,0.673,0.599,5,-8.299,1,0.0316,0.67,1.29e-05,0.166,0.417
0,False,0.731,0.867,11,-5.881,1,0.032,0.0394,0.0,0.0861,0.776
47,False,0.877,0.628,9,-7.541,0,0.0669,0.504,0.0,0.282,0.793
52,False,0.605,0.542,4,-7.961,1,0.0339,0.81,7.92e-05,0.116,0.324
66,True,0.795,0.507,10,-7.188,1,0.0332,0.542,6.83e-06,0.116,0.784
0,False,0.413,0.923,9,-4.487,1,0.053,9.24e-06,0.00102,0.0883,0.504
21,True,0.0739,0.974,11,-8.367,1,0.0886,0.0349,0.000586,0.275,0.155
31,False,0.487,0.373,7,-10.22,1,0.0289,0.795,0.0,0.0901,0.373
10,False,0.613,0.154,0,-15.516,1,0.0296,0.945,8.01e-06,0.277,0.391
12,False,0.451,0.505,7,-10.349,1,0.059,0.489,0.96,0.102,0.057
42,True,0.655,0.731,1,-7.561,0,0.0538,0.468,0.0,0.114,0.344
67,False,0.561,0.754,9,-12.769,0,0.112,0.61,0.0194,0.328,0.642
24,False,0.509,0.198,2,-17.131,1,0.0527,0.755,0.000846,0.116,0.0881
27,False,0.573,0.691,9,-4.965,1,0.0322,0.11,0.0,0.0824,0.482
72,False,0.386,0.677,2,-5.83,1,0.0346,0.00841,0.00366,0.341,0.195
45,False,0.722,0.322,9,-12.588,0,0.0387,0.443,0.741,0.0827,0.285
0,False,0.738,0.617,8,-8.334,0,0.0377,0.000152,0.129,0.0651,0.624
0,False,0.464,0.356,5,-6.953,1,0.03,0.708,7.76e-05,0.108,0.265
18,False,0.605,0.792,10,-5.503,0,0.044,0.000803,0.709,0.0484,0.405
56,False,0.575,0.979,8,-1.561,0,0.396,0.0321,0.0,0.34,0.366
48,False,0.699,0.894,10,-2.648,1,0.0321,0.0222,0.117,0.0667,0.33
61,False,0.567,0.753,7,-5.291,1,0.0487,0.0894,0.0,0.13,0.756
1,True,0.549,0.745,1,-6.281,0,0.399,0.00941,0.0,0.453,0.608
0,False,0.805,0.878,7,-3.826,1,0.0864,0.0754,0.00329,0.0656,0.922
21,False,0.691,0.363,5,-14.357,1,0.138,0.776,0.0,0.107,0.926
34,False,0.7,0.884,10,-4.939,0,0.15,0.064,0.0,0.497,0.261
22,False,0.647,0.688,11,-8.47,1,0.0308,0.0145,0.077,0.0998,0.395
0,False,0.686,0.915,10,-2.756,0,0.0449,0.079,0.000275,0.107,0.743
32,False,0.664,0.748,7,-8.842,1,0.0469,0.765,0.00013,0.118,0.679
64,False,0.706,0.297,3,-13.652,1,0.132,0.468,0.0,0.0725,0.123
1,False,0.171,0.124,7,-13.758,1,0.0364,0.781,0.0,0.0929,0.0717
0,False,0.51,0.702,9,-5.117,1,0.0295,0.00143,0.0,0.105,0.276
50,False,0.66,0.641,5,-6.81,1,0.116,0.171,1.96e-06,0.114,0.205
59,False,0.621,0.512,7,-11.074,0,0.0547,0.634,0.0,0.0803,0.926
64,False,0.659,0.838,6,-2.79,0,0.136,0.0144,0.0,0.13,0.286
20,True,0.56,0.818,1,-10.339,1,0.947,0.806,0.0,0.84,0.72
13,False,0.742,0.224,9,-12.13,1,0.0309,0.775,7.05e-06,0.224,0.732
51,False,0.807,0.673,7,-6.042,1,0.0705,0.0525,0.000118,0.0874,0.411
58,False,0.516,0.493,2,-7.285,1,0.0814,0.645,0.0,0.92,0.586
0,False,0.784,0.879,1,-3.862,0,0.0308,0.39,0.000848,0.0426,0.893
71,False,0.21,0.499,2,-9.754,0,0.0485,0.0687,0.00315,0.773,0.108
0,False,0.609,0.434,3,-9.478,1,0.0353,0.711,1.17e-06,0.148,0.777
20,False,0.436,0.0216,3,-25.869,1,0.042,0.99,0.943,0.132,0.112
20,False,0.46,0.851,0,-5.974,1,0.05,8.62e-05,0.629,0.0953,0.377
0,True,0.74,0.613,8,-4.88,1,0.145,0.258,0.00372,0.123,0.473
36,False,0.382,0.945,2,-2.897,1,0.067,0.000486,0.0,0.0481,0.314
8,False,0.556,0.284,2,-14.224,1,0.0377,0.967,2.13e-05,0.34,0.35
0,False,0.292,0.709,7,-9.052,1,0.0303,0.00292,0.0267,0.102,0.452
0,True,0.373,0.438,0,-9.214,1,0.0297,0.563,0.000109,0.355,0.411
21,False,0.279,0.175,2,-19.876,1,0.0375,0.953,0.563,0.902,0.109
37,False,0.67,0.449,5,-12.703,0,0.0304,0.419,0.0358,0.126,0.378
57,False,0.548,0.548,0,-9.017,1,0.104,0.462,0.0,0.132,0.366
33,False,0.331,0.845,9,-5.827,0,0.108,0.0025,0.00097,0.109,0.573
23,False,0.407,0.736,2,-5.94,0,0.0404,0.0324,5.56e-05,0.136,0.348
35,False,0.435,0.909,2,-5.69,1,0.0433,0.0736,0.00147,0.961,0.591
40,True,0.746,0.762,1,-4.518,1,0.092,0.0981,0.0,0.282,0.761
45,False,0.366,0.885,9,-5.235,1,0.046,0.0296,0.0872,0.0712,0.336
31,False,0.493,0.0757,9,-19.919,1,0.0313,0.895,0.563,0.115,0.298
0,False,0.588,0.606,2,-6.46,1,0.102,0.00786,7.33e-06,0.0679,0.536
0,False,0.602,0.553,11,-9.336,1,0.0328,0.108,0.0,0.0512,0.971
45,False,0.645,0.764,9,-5.467,0,0.0378,0.00172,0.0,0.517,0.66
21,False,0.732,0.569,7,-5.75,0,0.0856,0.706,3.96e-06,0.0794,0.684
17,False,0.394,0.41,5,-6.779,0,0.0564,0.993,0.00437,0.226,0.492
0,False,0.598,0.96,11,-3.989,1,0.042,0.169,2.89e-05,0.105,0.937
20,False,0.516,0.258,5,-10.737,1,0.0545,0.679,0.487,0.148,0.749
4,False,0.779,0.675,11,-4.976,1,0.0485,0.138,0.0,0.105,0.63
47,False,0.519,0.5,9,-3.557,1,0.0264,0.569,0.0,0.651,0.557
0,False,0.648,0.681,2,-8.389,0,0.0379,0.263,0.00761,0.0971,0.766
62,False,0.673,0.663,4,-10.026,1,0.0446,0.0648,1.79e-05,0.117,0.678
24,False,0.499,0.989,11,-2.363,1,0.093,0.138,4.5e-06,0.433,0.196
69,False,0.834,0.662,5,-6.179,1,0.0407,0.522,9.07e-05,0.14,0.718
27,False,0.644,0.879,10,-3.716,1,0.0458,0.447,1.27e-06,0.127,0.926
40,False,0.459,0.324,11,-10.872,1,0.0283,0.777,3.95e-06,0.112,0.641
0,False,0.6,0.465,4,-4.951,1,0.0314,0.643,1.48e-06,0.149,0.0682
0,False,0.685,0.797,2,-5.372,1,0.0558,0.506,0.00935,0.069,0.926
34,False,0.418,0.665,0,-5.951,0,0.0433,0.473,0.0,0.0994,0.44
60,False,0.703,0.76,11,-7.308,0,0.0635,0.00412,0.761,0.111,0.608
27,False,0.775,0.874,5,-2.944,0,0.0582,0.479,0.0,0.131,0.968
66,False,0.465,0.822,8,-4.826,0,0.066,0.136,0.000442,0.0898,0.405
0,False,0.512,0.572,9,-10.531,0,0.03,0.354,0.961,0.0916,0.0521
39,False,0.579,0.915,9,-3.322,1,0.0353,0.136,0.0,0.0962,0.654
43,False,0.272,0.161,4,-13.479,1,0.0314,0.884,2.07e-05,0.12,0.221
55,False,0.496,0.898,7,-4.676,1,0.0431,8.04e-05,0.0108,0.114,0.385
52,False,0.514,0.945,8,-4.833,1,0.105,0.00234,0.000158,0.0638,0.409
69,False,0.694,0.577,4,-14.63,1,0.0308,0.015,0.00836,0.0853,0.845
75,True,0.767,0.659,1,-7.429,1,0.0444,0.325,0.0,0.13,0.439
73,True,0.842,0.801,8,-4.167,0,0.228,0.157,4.82e-06,0.0642,0.617
17,False,0.204,0.933,7,-4.757,1,0.0575,1.82e-06,0.718,0.277,0.163
26,False,0.644,0.792,10,-10.694,0,0.0445,0.0062,0.000619,0.316,0.603
55,True,0.675,0.243,0,-13.392,1,0.0413,0.797,0.0,0.214,0.707
23,False,0.564,0.0564,10,-16.949,1,0.0344,0.744,0.0,0.107,0.484
70,False,0.401,0.901,1,-5.011,0,0.041,0.0704,0.0,0.538,0.839
73,False,0.676,0.461,1,-6.746,0,0.143,0.0322,1.01e-06,0.358,0.715
45,False,0.581,0.869,1,-6.7,0,0.0423,0.0564,0.0789,0.0792,0.0389
88,True,0.561,0.431,10,-8.81,1,0.0578,0.768,1.42e-05,0.106,0.137
18,False,0.571,0.608,2,-9.68,0,0.0345,0.155,0.000266,0.55,0.522
5,False,0.653,0.962,10,-4.848,0,0.0454,0.000851,0.0168,0.411,0.611
39,False,0.404,0.979,9,-5.348,0,0.0551,0.00148,1.41e-05,0.0818,0.686
47,False,0.493,0.943,9,-8.548,1,0.0445,0.000502,0.221,0.107,0.0384
0,False,0.527,0.993,9,-2.68,1,0.273,0.109,0.0,0.961,0.546
0,False,0.713,0.846,4,-6.712,0,0.0537,0.0339,0.000381,0.106,0.572
21,False,0.0672,0.0903,9,-23.496,1,0.0401,0.97,0.977,0.093,0.0361
40,False,0.572,0.93,9,-1.472,1,0.0346,0.58,0.0,0.24,0.65
20,False,0.489,0.871,0,-7.152,1,0.173,0.000615,0.000193,0.106,0.234
27,False,0.777,0.809,7,-3.719,0,0.0466,0.217,0.0,0.1,0.963
65,False,0.59,0.642,7,-3.87,1,0.122,0.0771,0.0,0.105,0.651
10,False,0.776,0.715,7,-7.877,1,0.128,0.00572,1.33e-06,0.272,0.961
30,False,0.534,0.574,10,-6.07,1,0.0283,0.0667,0.0,0.0832,0.188
0,False,0.613,0.655,2,-9.229,1,0.0288,0.0206,1.16e-06,0.224,0.557
45,False,0.463,0.207,9,-13.791,1,0.0386,0.905,1.07e-05,0.0756,0.103
47,False,0.536,0.58,1,-11.024,0,0.0522,0.111,0.881,0.104,0.0574
50,False,0.677,0.455,0,-11.963,1,0.141,0.616,0.0,0.249,0.782
24,False,0.503,0.902,5,-6.962,1,0.0435,0.00262,0.0983,0.363,0.07
46,False,0.59,0.679,7,-5.956,0,0.101,0.347,0.0,0.05,0.629
49,False,0.563,0.562,7,-8.621,0,0.0268,0.139,0.0,0.145,0.314
67,False,0.595,0.817,11,-6.187,0,0.0474,0.000712,0.0386,0.142,0.483
0,False,0.326,0.358,8,-9.673,0,0.0397,0.989,0.00827,0.358,0.364
48,False,0.705,0.259,1,-8.796,1,0.374,0.398,5.63e-05,0.0571,0.502
54,False,0.819,0.583,0,-8.751,1,0.132,0.00422,0.536,0.387,0.0535
40,False,0.428,0.576,2,-5.807,1,0.0398,0.769,0.0,0.211,0.339
39,False,0.386,0.825,11,-8.881,1,0.277,0.00159,2.66e-06,0.641,0.253
64,False,0.783,0.557,1,-8.599,1,0.0275,0.641,0.0506,0.116,0.368
0,True,0.594,0.568,0,-7.268,1,0.0701,0.147,4.01e-05,0.339,0.407
38,False,0.583,0.729,6,-4.525,1,0.0314,0.0909,2.02e-05,0.367,0.318
22,False,0.639,0.773,1,-7.819,0,0.0683,0.164,1.15e-05,0.101,0.58
30,False,0.69,0.651,0,-5.631,1,0.0238,0.0352,0.000429,0.164,0.542
24,False,0.471,0.893,4,-10.166,0,0.0329,0.000565,0.00055,0.0763,0.914
72,True,0.635,0.902,0,-3.559,1,0.109,0.172,0.0,0.125,0.285
23,False,0.375,0.114,9,-21.846,1,0.0286,0.977,0.854,0.0863,0.21
29,False,0.642,0.263,10,-18.23,0,0.0479,0.904,0.793,0.139,0.394
42,False,0.568,0.888,5,-7.863,0,0.0536,0.000298,0.0842,0.119,0.05
26,False,0.59,0.93,2,-3.522,1,0.0384,0.233,0.0,0.204,0.457
74,False,0.432,0.781,4,-4.038,0,0.0567,0.041,4.21e-06,0.0789,0.197
0,False,0.628,0.978,5,-2.763,1,0.0585,0.0363,0.0103,0.474,0.959
18,False,0.307,0.314,5,-13.354,1,0.0289,0.722,0.00037,0.354,0.153
42,False,0.786,0.639,0,-7.474,1,0.0265,0.122,0.000146,0.0992,0.584
57,False,0.532,0.878,7,-3.933,0,0.215,0.0102,0.201,0.169,0.385
37,False,0.702,0.741,5,-6.332,0,0.0296,0.0237,0.678,0.104,0.271
16,False,0.535,0.842,10,-4.281,0,0.0474,0.00405,0.232,0.283,0.106
69,False,0.696,0.227,1,-11.763,1,0.042,0.866,1.25e-05,0.0794,0.284
14,False,0.677,0.931,1,-2.038,1,0.0491,0.000879,0.892,0.0137,0.962
8,False,0.372,0.36,6,-16.556,1,0.0433,0.888,0.884,0.189,0.0429
63,False,0.318,0.657,2,-11.829,1,0.0358,0.101,3.01e-06,0.144,0.753
12,False,0.803,0.88,1,-11.034,1,0.0685,6.02e-06,0.588,0.0463,0.359
0,False,0.676,0.67,9,-7.218,0,0.051,0.00565,0.00676,0.0805,0.725
51,False,0.222,0.0285,0,-28.619,0,0.0352,0.99,0.867,0.163,0.152
50,False,0.325,0.663,11,-5.869,0,0.074,0.0313,0.0101,0.0737,0.147
1,False,0.503,0.849,5,-2.709,1,0.0615,0.00428,0.0,0.0667,0.762
40,False,0.686,0.903,7,-4.604,1,0.171,0.000788,0.00255,0.2,0.0391
63,False,0.524,0.52,2,-6.838,0,0.0272,0.643,0.0,0.158,0.259
0,False,0.0877,0.0452,4,-22.712,0,0.0431,0.988,0.936,0.109,0.0353
51,False,0.83,0.881,8,-5.706,1,0.0699,0.429,7.25e-06,0.126,0.866
34,False,0.424,0.96,7,-4.13,0,0.14,0.00101,0.0,0.0935,0.412
31,False,0.699,0.847,0,-3.743,1,0.0555,0.253,0.0,0.491,0.962
0,False,0.25,0.228,3,-14.186,1,0.0364,0.811,0.000166,0.199,0.198
0,False,0.804,0.745,4,-5.805,0,0.0744,0.112,0.0,0.0925,0.512
83,False,0.705,0.712,6,-6.156,1,0.0385,0.0102,0.000855,0.1,0.62
62,False,0.472,0.872,2,-5.244,1,0.0987,0.00328,0.00254,0.212,0.328
21,False,0.471,0.894,10,-6.373,0,0.0457,0.00175,0.0,0.363,0.253
1,True,0.724,0.759,9,-3.996,0,0.0544,0.411,0.0,0.437,0.765
39,False,0.399,0.705,4,-4.104,1,0.0413,0.479,0.0,0.353,0.447
0,False,0.698,0.939,9,-4.707,0,0.0542,0.000469,0.912,0.26,0.787
2,False,0.787,0.701,1,-7.073,0,0.0448,0.251,9.02e-05,0.114,0.545
57,False,0.67,0.456,5,-10.751,0,0.0673,0.279,0.895,0.0984,0.589
25,True,0.656,0.873,1,-4.566,1,0.384,0.511,0.0,0.176,0.755
58,False,0.913,0.722,7,-2.949,1,0.0576,0.0171,0.0978,0.139,0.545
34,False,0.841,0.692,0,-5.23,1,0.318,0.134,0.0,0.146,0.692
25,False,0.672,0.201,5,-10.615,1,0.0356,0.647,0.0148,0.0413,0.68
17,False,0.726,0.125,11,-11.751,0,0.143,0.983,0.0,0.183,0.486
14,True,0.281,0.774,6,-1.572,1,0.109,5.3e-06,0.953,0.348,0.151
22,False,0.789,0.478,5,-10.938,1,0.0409,0.629,0.0,0.154,0.824
18,False,0.704,0.63,2,-12.876,0,0.0408,0.473,7.78e-06,0.129,0.721
0,False,0.601,0.824,0,-4.757,1,0.0474,0.00866,0.173,0.155,0.246
50,False,0.643,0.957,1,-5.026,1,0.0892,0.0565,0.841,0.0763,0.281
41,False,0.251,0.9,2,-5.202,1,0.0486,0.0831,5.26e-06,0.802,0.274
19,False,0.748,0.892,4,-8.088,0,0.044,0.00508,0.0617,0.326,0.739
60,False,0.32,0.554,1,-19.622,1,0.0589,0.914,0.000185,0.902,0.0257
59,False,0.421,0.472,7,-11.597,1,0.0364,0.873,0.0,0.376,0.604
39,False,0.65,0.755,2,-7.003,1,0.0455,0.0144,0.777,0.0992,0.0652
10,False,0.811,0.292,9,-16.817,0,0.0925,0.884,0.9,0.118,0.507
23,False,0.617,0.715,11,-7.17,1,0.0375,0.087,0.000306,0.227,0.825
36,False,0.493,0.602,5,-9.836,1,0.334,0.607,1.82e-06,0.122,0.872
29,False,0.301,0.199,7,-17.741,1,0.0437,0.985,0.924,0.135,0.156
37,False,0.731,0.925,2,-7.37,1,0.599,0.294,0.0,0.23,0.111
22,False,0.425,0.543,5,-8.742,1,0.0508,0.596,0.0,0.274,0.483
56,False,0.69,0.654,1,-4.726,1,0.203,0.0706,0.000561,0.0251,0.624
0,False,0.767,0.694,1,-5.059,0,0.0384,0.0629,0.0,0.32,0.78
35,False,0.843,0.715,11,-7.518,0,0.193,0.154,0.0,0.0456,0.951
59,False,0.284,0.801,7,-9.981,1,0.0639,0.000687,0.00326,0.888,0.521
58,False,0.471,0.19,7,-16.046,1,0.028,0.77,0.00385,0.129,0.305
40,False,0.489,0.0263,0,-19.273,1,0.05,0.872,0.0,0.128,0.174
44,False,0.541,0.633,0,-7.218,1,0.0273,0.0884,1.47e-05,0.163,0.613
0,False,0.556,0.567,9,-11.426,0,0.0333,0.0577,0.00144,0.0907,0.856
36,False,0.418,0.93,2,-7.251,1,0.0489,9.85e-06,0.000106,0.525,0.592
43,False,0.637,0.895,1,-9.268,0,0.0788,0.00486,0.0141,0.225,0.587
43,False,0.544,0.81,9,-5.871,1,0.0347,0.000656,2.63e-05,0.206,0.944
21,False,0.743,0.962,6,-3.922,0,0.0508,0.127,2.65e-05,0.321,0.872
45,True,0.848,0.482,1,-10.555,0,0.0975,0.547,0.0022,0.108,0.783
16,True,0.345,0.593,5,-6.686,1,0.0544,2.99e-05,0.955,0.556,0.182
16,False,0.518,0.971,2,-3.296,1,0.118,0.00266,0.00191,0.0735,0.304
32,False,0.742,0.923,0,-4.284,1,0.0602,0.183,0.00171,0.18,0.687
2,False,0.749,0.815,5,-6.381,0,0.083,0.228,0.00117,0.0838,0.866
33,False,0.623,0.698,3,-5.808,1,0.0271,0.0244,0.000168,0.355,0.502
60,False,0.371,0.457,5,-7.674,1,0.0407,0.222,0.0,0.0882,0.166
22,False,0.441,0.899,9,-6.544,0,0.0301,0.287,0.302,0.29,0.275
47,False,0.499,0.92,4,-4.095,1,0.0678,0.274,0.0,0.42,0.401
61,False,0.469,0.315,6,-15.836,1,0.0496,0.871,0.000184,0.111,0.353
21,False,0.522,0.988,5,-2.122,0,0.105,0.000467,0.00525,0.52,0.481
65,False,0.497,0.278,2,-9.959,1,0.0464,0.792,0.0,0.308,0.237
60,False,0.175,0.00428,11,-34.648,1,0.0412,0.971,0.946,0.104,0.0744
42,False,0.603,0.326,10,-12.698,0,0.0801,0.318,0.00113,0.0859,0.49
85,False,0.739,0.586,10,-5.079,0,0.0472,0.0245,0.000252,0.308,0.444
32,False,0.702,0.715,0,-5.966,1,0.0309,0.077,7.71e-06,0.189,0.556
20,False,0.591,0.329,11,-10.682,0,0.0312,0.65,0.0,0.117,0.313
46,False,0.9,0.655,10,-7.259,0,0.0746,0.346,0.0,0.104,0.885
28,False,0.485,0.22,4,-12.198,0,0.0412,0.858,1.98e-06,0.089,0.449
79,False,0.817,0.539,6,-6.349,0,0.0621,0.0141,0.000496,0.099,0.158
0,False,0.677,0.804,1,-5.337,0,0.0677,0.0818,1.92e-05,0.158,0.41
28,False,0.393,0.438,7,-9.421,1,0.0398,0.648,0.0,0.3,0.496
24,False,0.634,0.804,0,-6.663,1,0.172,0.482,0.0,0.237,0.318
1,False,0.793,0.783,10,-5.088,0,0.0637,0.113,1.26e-05,0.305,0.798
0,False,0.596,0.315,8,-9.175,1,0.0428,0.961,0.0,0.258,0.64
53,False,0.603,0.421,9,-10.646,1,0.0493,0.567,5.58e-05,0.0757,0.242
28,False,0.537,0.46,1,-5.791,0,0.0296,0.419,0.0,0.232,0.154
75,False,0.692,0.488,7,-10.96,0,0.135,0.0508,0.0,0.154,0.299
78,False,0.721,0.521,2,-8.123,1,0.0613,0.0708,0.00545,0.127,0.942
21,False,0.497,0.991,9,-3.14,1,0.199,0.000242,0.0534,0.286,0.284
49,True,0.419,0.83,5,-6.707,0,0.0313,0.00249,0.00721,0.286,0.386
29,False,0.719,0.961,10,-2.925,0,0.223,0.206,0.0,0.0287,0.578
44,False,0.73,0.904,7,-4.223,1,0.247,0.18,0.000348,0.121,0.464
43,False,0.647,0.856,7,-4.402,1,0.13,0.0882,0.0,0.0722,0.543
0,False,0.529,0.846,4,-5.513,0,0.0483,0.244,0.0,0.205,0.69
7,False,0.564,0.159,11,-21.46,0,0.0309,0.000189,0.947,0.11,0.0971
39,False,0.813,0.482,1,-11.19,0,0.0327,0.0878,0.000167,0.0824,0.886
1,False,0.687,0.792,5,-2.749,1,0.0452,0.191,0.0,0.167,0.671
51,False,0.688,0.492,5,-8.459,1,0.0256,0.492,0.000227,0.147,0.638
0,False,0.692,0.883,7,-4.698,1,0.0582,0.0512,0.0,0.228,0.614
47,False,0.565,0.0392,1,-28.276,1,0.045,0.835,0.183,0.117,0.601
55,False,0.685,0.53,5,-7.25,1,0.0325,0.574,0.0,0.0845,0.19
22,False,0.574,0.935,6,-2.174,0,0.412,0.0598,0.00974,0.53,0.322
44,False,0.472,0.648,6,-8.886,0,0.0366,0.609,0.00501,0.696,0.542
22,False,0.589,0.781,11,-11.996,1,0.932,0.987,1.16e-06,0.417,0.456
31,False,0.537,0.69,1,-8.29,1,0.04,0.0504,0.0185,0.109,0.205
60,True,0.709,0.874,7,-4.522,1,0.193,0.0114,0.0,0.213,0.832
51,False,0.383,0.843,1,-6.438,1,0.0656,0.00672,0.0,0.176,0.314
55,False,0.561,0.526,6,-10.005,0,0.0258,0.774,0.00605,0.103,0.463
34,False,0.849,0.758,3,-5.441,0,0.0679,0.12,1.57e-05,0.117,0.792
12,False,0.662,0.245,0,-13.28,1,0.031,0.692,0.143,0.103,0.86
0,False,0.523,0.26,2,-18.286,0,0.0397,0.859,0.0,0.341,0.588
35,False,0.683,0.823,9,-6.475,1,0.0559,0.138,0.067,0.176,0.837
28,False,0.509,0.81,8,-5.69,1,0.0435,0.71,0.000972,0.908,0.962
0,True,0.904,0.601,2,-5.561,1,0.198,0.0305,0.0,0.615,0.761
21,False,0.38,0.592,4,-9.512,0,0.0323,0.526,0.00804,0.0921,0.796
76,False,0.66,0.942,4,-2.273,1,0.185,0.00789,1.76e-05,0.834,0.543
28,False,0.792,0.698,4,-6.059,0,0.0539,0.652,1.01e-05,0.102,0.9
68,False,0.602,0.758,1,-9.416,1,0.0324,0.25,3.93e-05,0.209,0.788
45,False,0.751,0.882,8,-7.933,1,0.0829,0.071,0.000322,0.342,0.526
68,False,0.772,0.803,1,-3.035,1,0.0468,0.188,0.0,0.434,0.853
39,False,0.499,0.897,9,-5.659,0,0.0394,0.174,0.00596,0.904,0.545
39,False,0.632,0.567,9,-8.277,1,0.0362,0.0456,0.91,0.193,0.38
0,True,0.72,0.666,4,-6.448,1,0.18,0.0718,0.0,0.315,0.944
61,False,0.489,0.499,11,-9.702,1,0.0271,0.74,0.000236,0.156,0.829
39,False,0.253,0.503,1,-22.325,1,0.0542,0.606,0.989,0.457,1e-05
21,False,0.67,0.156,10,-11.854,0,0.0345,0.872,3.13e-06,0.099,0.466
47,False,0.599,0.481,9,-7.412,1,0.0467,0.501,0.0,0.0982,0.772
23,False,0.838,0.573,0,-13.675,0,0.0499,0.0572,0.00174,0.098,0.918
39,False,0.687,0.768,8,-6.799,0,0.0588,0.498,0.0,0.077,0.808
75,False,0.791,0.565,5,-3.933,0,0.0439,0.0623,0.0,0.156,0.181
59,False,0.656,0.728,1,-5.004,1,0.111,0.18,0.0,0.177,0.603
17,False,0.569,0.471,0,-8.971,1,0.0735,0.63,0.625,0.0909,0.417
0,False,0.264,0.167,7,-20.194,0,0.0354,0.943,0.517,0.29,0.108
37,False,0.488,0.672,9,-11.69,0,0.0365,0.0219,3.46e-05,0.712,0.463
54,False,0.52,0.285,10,-10.754,1,0.027,0.686,0.0,0.0931,0.0798
38,False,0.601,0.407,2,-10.169,1,0.0288,0.71,0.00149,0.119,0.108
60,False,0.575,0.895,4,-3.417,0,0.0541,0.0521,0.00142,0.104,0.648
30,False,0.667,0.396,2,-11.013,1,0.807,0.221,0.0,0.378,0.718
31,False,0.512,0.954,0,-3.671,1,0.105,0.0183,0.0121,0.609,0.607
45,False,0.346,0.376,7,-11.197,0,0.0476,0.532,0.712,0.0757,0.33
54,False,0.521,0.523,6,-7.621,1,0.0362,0.233,0.0,0.403,0.343
23,False,0.694,0.523,5,-10.461,0,0.117,0.651,0.0,0.0945,0.814
19,False,0.56,0.458,5,-5.849,0,0.0273,0.689,0.0,0.433,0.722
34,False,0.261,0.0959,9,-23.699,1,0.042,0.992,0.868,0.103,0.369
51,False,0.839,0.233,3,-13.539,1,0.0413,0.745,0.747,0.105,0.777
36,False,0.541,0.895,6,-8.707,0,0.0426,0.000338,0.462,0.176,0.127
40,False,0.204,0.242,7,-12.121,1,0.0354,0.608,0.0,0.174,0.0765
20,False,0.217,0.506,10,-10.434,1,0.114,0.553,0.00517,0.0878,0.229
32,False,0.55,0.373,2,-9.006,1,0.0306,0.822,0.000589,0.112,0.471
49,False,0.427,0.504,8,-10.458,1,0.0628,0.537,0.0192,0.371,0.107
0,False,0.325,0.107,10,-17.44,1,0.0389,0.983,0.0,0.1,0.346
19,False,0.465,0.106,2,-18.594,1,0.0314,0.963,0.942,0.098,0.0392
29,False,0.672,0.658,2,-8.883,0,0.0352,0.593,0.0399,0.0357,0.84
24,False,0.399,0.683,6,-5.459,1,0.0392,0.00899,0.0,0.119,0.265
29,False,0.806,0.679,1,-6.579,1,0.259,0.0465,0.0,0.0431,0.811
0,False,0.12,0.971,9,-20.252,0,0.0655,0.996,0.883,0.809,1e-05
64,False,0.553,0.872,1,-5.617,1,0.0374,0.00109,0.00115,0.0988,0.543
24,False,0.679,0.867,7,-4.695,1,0.0484,0.000752,0.919,0.837,0.336
27,False,0.93,0.463,6,-6.302,1,0.319,0.88,0.0,0.107,0.761
26,False,0.433,0.928,9,-4.438,1,0.148,0.000993,5.48e-06,0.087,0.785
25,False,0.764,0.287,4,-12.13,0,0.0382,0.964,5.56e-05,0.105,0.405
36,True,0.733,0.678,9,-6.745,0,0.0326,0.0138,0.0,0.168,0.938
5,False,0.699,0.977,11,-3.691,0,0.109,0.304,0.0489,0.174,0.123
0,False,0.665,0.443,0,-8.076,1,0.0803,0.582,0.0,0.113,0.662
0,False,0.74,0.63,11,-6.634,0,0.0832,0.0212,0.0,0.299,0.763
41,False,0.547,0.977,1,-2.819,0,0.0924,0.000834,3.98e-06,0.366,0.386
51,False,0.567,0.849,0,-6.379,1,0.0959,0.701,0.0,0.965,0.839
63,False,0.774,0.584,11,-7.89,0,0.107,0.231,0.0,0.198,0.444
34,False,0.661,0.697,8,-8.387,1,0.0501,0.32,1.16e-05,0.0922,0.0755
23,False,0.496,0.475,7,-6.509,1,0.0323,0.801,6.86e-06,0.157,0.533
28,False,0.492,0.842,7,-4.52,0,0.11,0.0604,0.0,0.419,0.649
21,False,0.709,0.372,2,-16.478,1,0.0526,0.652,0.415,0.129,0.832
39,False,0.707,0.519,9,-12.566,0,0.039,0.665,0.9,0.109,0.166
17,False,0.467,0.529,4,-8.825,0,0.0287,0.0192,0.000422,0.11,0.177
26,False,0.546,0.887,2,-5.684,1,0.114,0.114,0.0,0.847,0.626
14,False,0.297,0.817,9,-10.017,0,0.121,0.00062,0.297,0.18,0.0744
70,False,0.837,0.626,11,-5.674,0,0.152,0.0588,0.0,0.252,0.592
58,False,0.48,0.273,2,-11.045,1,0.0319,0.913,0.000135,0.0911,0.438
50,False,0.493,0.588,11,-5.145,0,0.0342,0.00943,5.37e-06,0.325,0.259
58,False,0.304,0.0219,9,-30.35,1,0.0324,0.987,0.91,0.109,0.231
0,False,0.52,0.591,6,-3.225,1,0.0301,0.353,0.00412,0.102,0.359
0,False,0.412,0.0313,10,-25.323,1,0.0454,0.991,0.899,0.0735,0.0387
2,False,0.319,0.896,3,-3.749,0,0.08,0.00139,3.01e-05,0.104,0.362
54,False,0.225,0.124,10,-26.385,1,0.0544,0.965,0.905,0.0937,0.0479
37,False,0.539,0.753,2,-6.651,1,0.0338,0.000814,4.46e-06,0.167,0.647
20,False,0.633,0.913,8,-2.587,0,0.045,0.0711,0.0,0.202,0.829
48,False,0.483,0.896,7,-5.206,1,0.0887,0.186,0.00019,0.965,0.392
0,False,0.786,0.682,4,-7.412,0,0.0739,0.0106,0.557,0.0896,0.145
31,False,0.631,0.593,5,-11.485,1,0.0444,0.0866,0.122,0.374,0.58
33,False,0.535,0.681,9,-8.288,1,0.0272,0.822,0.00654,0.106,0.666
12,False,0.687,0.982,1,-6.226,1,0.223,0.00951,0.856,0.0659,0.343
0,False,0.666,0.935,0,-4.563,1,0.0445,0.00285,0.781,0.352,0.69
21,False,0.685,0.832,7,-8.232,1,0.0314,0.346,0.243,0.145,0.768
43,False,0.847,0.146,0,-19.128,0,0.0674,0.838,0.929,0.211,0.205
15,False,0.215,0.979,11,-4.228,1,0.0433,0.0114,0.00034,0.08,0.32
26,False,0.384,0.508,1,-9.587,1,0.0483,0.127,0.000199,0.234,0.227
0,False,0.536,0.391,6,-17.031,1,0.0387,0.933,0.00462,0.15,0.82
18,False,0.917,0.336,0,-10.52,1,0.367,0.000234,0.627,0.106,0.888
59,False,0.637,0.447,7,-5.893,0,0.0302,0.53,0.0,0.0977,0.343
11,False,0.451,0.0159,0,-35.666,1,0.0644,0.991,0.877,0.0717,0.883
21,False,0.367,0.904,11,-8.206,0,0.0629,0.000262,0.201,0.0564,0.452
14,False,0.802,0.812,6,-3.169,0,0.128,0.152,0.0,0.256,0.717
25,False,0.625,0.399,9,-12.705,1,0.0288,0.423,0.0,0.412,0.388
47,False,0.667,0.652,2,-12.216,0,0.0589,0.28,0.692,0.108,0.492
16,False,0.325,0.855,8,-4.603,1,0.0755,0.0563,0.000299,0.298,0.497
43,False,0.687,0.505,9,-12.141,0,0.0494,0.0959,0.9,0.0888,0.677
28,False,0.649,0.429,4,-11.23,0,0.0802,0.0913,0.00137,0.0319,0.465
55,False,0.582,0.556,5,-5.935,0,0.0309,0.877,0.00995,0.0883,0.357
11,False,0.788,0.863,1,-8.549,1,0.0717,0.000107,0.835,0.0453,0.485
0,False,0.328,0.116,9,-14.55,1,0.0371,0.957,7.08e-05,0.388,0.259
43,False,0.284,0.937,2,-4.411,1,0.164,0.00102,0.0,0.934,0.288
19,False,0.72,0.441,5,-9.626,0,0.172,0.668,3.96e-05,0.116,0.309
39,False,0.287,0.592,3,-6.486,1,0.0267,0.425,5.47e-06,0.335,0.386
9,False,0.56,0.886,9,-8.416,0,0.0456,0.107,0.833,0.0795,0.964
0,False,0.657,0.705,5,-3.979,0,0.209,0.0295,0.0,0.159,0.321
21,False,0.43,0.369,2,-7.828,1,0.0279,0.471,0.0,0.172,0.108
31,False,0.405,0.95,6,-2.8,1,0.071,0.00033,3.47e-06,0.108,0.383
43,False,0.535,0.82,7,-9.356,1,0.0325,1.28e-05,0.919,0.116,0.255
37,False,0.552,0.863,2,-4.972,1,0.0343,0.274,0.0,0.0988,0.767
66,False,0.796,0.836,6,-2.827,0,0.0473,0.00421,0.0068,0.101,0.68
17,False,0.301,0.97,6,-0.939,0,0.122,0.00109,0.946,0.0879,0.217
15,False,0.683,0.665,9,-8.862,0,0.0377,0.0052,0.913,0.105,0.0683
51,False,0.859,0.623,8,-5.339,0,0.061,0.181,0.000259,0.165,0.807
2,False,0.755,0.767,7,-3.754,0,0.106,0.0176,0.0,0.143,0.232
26,False,0.25,0.988,11,-5.754,1,0.13,0.0198,0.526,0.668,0.161
55,False,0.693,0.191,1,-18.597,0,0.115,0.789,0.342,0.102,0.784
59,False,0.631,0.521,4,-10.312,0,0.063,0.0201,0.923,0.103,0.118
0,False,0.52,0.758,2,-9.92,1,0.0363,0.115,0.0,0.109,0.706
23,False,0.54,0.409,3,-12.594,1,0.172,0.816,0.000838,0.201,0.706
51,True,0.359,0.979,6,-5.599,0,0.0866,0.000449,0.000282,0.326,0.303
16,False,0.33,0.99,2,-2.484,0,0.0779,1.6e-06,0.0055,0.136,0.0712
57,False,0.739,0.738,7,-8.241,1,0.249,0.348,0.0,0.161,0.737
39,False,0.475,0.58,7,-8.119,1,0.0321,0.0905,8.06e-05,0.985,0.309
33,False,0.492,0.685,2,-5.198,1,0.0449,0.716,0.00194,0.127,0.503
52,False,0.458,0.475,5,-12.581,1,0.032,0.76,0.836,0.125,0.132
32,False,0.546,0.815,11,-3.2,1,0.0311,0.118,2.78e-06,0.148,0.542
51,False,0.745,0.772,11,-5.161,0,0.0497,0.0642,1.69e-06,0.23,0.788
72,True,0.548,0.855,3,-3.266,1,0.151,0.0149,0.0,0.127,0.644
58,False,0.836,0.287,9,-14.701,0,0.342,0.599,0.00439,0.352,0.358
0,False,0.664,0.681,9,-10.967,0,0.0391,0.0316,0.853,0.125,0.5
46,False,0.679,0.127,7,-13.935,1,0.0693,0.927,0.908,0.104,0.44
56,False,0.543,0.428,9,-8.966,1,0.0262,0.14,0.0,0.0876,0.173
24,False,0.548,0.784,2,-6.542,1,0.0267,0.00558,0.00302,0.123,0.331
0,False,0.363,0.0911,0,-22.805,1,0.0389,0.969,0.874,0.162,0.228
21,False,0.59,0.318,3,-11.462,1,0.0311,0.692,0.0,0.114,0.222
37,False,0.452,0.817,2,-8.372,1,0.0459,4.06e-05,0.915,0.394,0.354
21,True,0.435,0.726,10,-14.431,1,0.937,0.847,0.0,0.885,0.362
0,False,0.778,0.66,8,-5.003,0,0.0617,0.00506,0.486,0.0474,0.162
66,False,0.752,0.452,0,-11.399,1,0.35,0.133,0.000194,0.236,0.833
23,False,0.431,0.379,2,-8.042,1,0.0575,0.635,0.0,0.185,0.293
22,False,0.515,0.811,2,-6.077,0,0.04,0.0111,0.0,0.54,0.15
24,False,0.243,0.963,8,-8.422,0,0.116,0.00094,0.000111,0.0844,0.145
17,False,0.83,0.467,9,-10.936,1,0.0953,0.0551,1.64e-05,0.0662,0.837
57,True,0.638,0.961,7,-1.726,1,0.3,0.0144,0.00141,0.175,0.664
19,False,0.566,0.201,10,-12.559,0,0.0707,0.989,5.86e-06,0.338,0.592
55,False,0.426,0.445,6,-5.776,0,0.169,0.183,0.0,0.661,0.347
33,True,0.342,0.881,9,-7.097,1,0.0474,7.25e-05,0.301,0.135,0.237
68,False,0.779,0.854,9,-4.958,1,0.219,0.0462,0.0,0.21,0.379
34,False,0.569,0.988,6,-4.261,1,0.0617,0.000154,6.49e-06,0.173,0.883
65,False,0.419,0.342,4,-10.985,1,0.0636,0.518,0.0,0.106,0.599
24,True,0.599,0.682,5,-12.866,0,0.956,0.664,0.0,0.322,0.539
12,False,0.453,0.995,3,-2.36,0,0.173,1.5e-06,0.95,0.32,0.17
13,False,0.585,0.149,8,-16.003,1,0.0281,0.992,0.000279,0.165,0.483
19,False,0.574,0.829,4,-6.675,0,0.0495,0.0352,0.0132,0.158,0.666
24,False,0.221,0.0791,7,-19.858,1,0.0333,0.916,0.908,0.099,0.0384
39,False,0.463,0.788,3,-6.523,1,0.0518,0.336,0.0,0.337,0.382
41,False,0.538,0.953,8,-3.685,1,0.0562,0.000169,5.49e-06,0.365,0.646
52,False,0.546,0.663,9,-6.071,1,0.0536,0.00938,0.0,0.178,0.407
20,False,0.343,0.438,11,-8.378,1,0.0328,0.669,0.000102,0.0874,0.227
0,False,0.686,0.912,10,-3.411,1,0.0685,0.0533,0.0,0.392,0.511
0,False,0.623,0.727,11,-5.57,0,0.0562,0.184,2.02e-05,0.309,0.4
48,False,0.726,0.213,10,-15.004,1,0.0489,0.973,0.909,0.683,0.14
29,False,0.349,0.887,8,-3.565,1,0.145,0.000948,0.0,0.34,0.54
42,False,0.416,0.97,4,-5.106,0,0.0639,0.0148,3.32e-06,0.328,0.733
20,False,0.462,0.887,9,-6.966,0,0.0483,0.000247,0.0,0.197,0.353
38,False,0.249,0.235,9,-12.652,1,0.0295,0.777,2.26e-06,0.0986,0.115
15,False,0.544,0.693,10,-15.922,0,0.039,0.00405,0.907,0.0764,0.346
57,False,0.521,0.263,1,-12.711,1,0.0264,0.836,2.62e-05,0.138,0.184
0,False,0.356,0.917,9,-6.005,1,0.0487,0.0336,0.0,0.406,0.523
37,False,0.73,0.88,0,-3.098,1,0.0357,0.378,0.0,0.264,0.929
3,False,0.855,0.638,5,-5.925,1,0.106,0.275,0.000259,0.105,0.641
57,False,0.512,0.775,5,-2.223,0,0.036,0.21,0.0,0.135,0.579
58,False,0.533,0.359,9,-9.45,1,0.0314,0.19,0.0,0.118,0.165
48,False,0.589,0.677,0,-8.452,1,0.0242,0.00242,0.000222,0.241,0.702
43,False,0.471,0.327,8,-18.382,1,0.0395,0.74,0.332,0.103,0.354
0,False,0.474,0.325,4,-6.427,0,0.0515,0.841,0.0,0.696,0.381
25,False,0.624,0.671,2,-5.717,0,0.0382,0.923,4.36e-05,0.0697,0.776
8,False,0.59,0.797,9,-6.978,0,0.0598,3.76e-05,0.812,0.104,0.35
50,False,0.398,0.928,2,-1.203,1,0.436,0.00261,0.348,0.31,0.227
3,False,0.559,0.972,6,-3.524,1,0.0639,0.0198,6.4e-06,0.393,0.92
41,False,0.639,0.401,0,-8.442,1,0.0248,0.167,0.0,0.334,0.297
35,False,0.261,0.955,5,-7.461,1,0.0568,0.00112,4.96e-05,0.15,0.532
46,False,0.573,0.499,3,-6.363,1,0.0275,0.578,0.0,0.118,0.288
52,False,0.496,0.969,10,-3.085,1,0.0688,7.49e-05,5.93e-06,0.242,0.199
62,False,0.549,0.437,10,-7.169,0,0.0263,0.766,0.000407,0.133,0.236
29,False,0.837,0.383,2,-15.295,1,0.0904,0.358,0.353,0.11,0.528
2,False,0.807,0.803,11,-4.156,1,0.126,0.6,0.0085,0.136,0.706
64,False,0.276,0.814,9,-5.048,0,0.0998,0.000681,0.0,0.107,0.472
21,False,0.538,0.886,11,-5.265,1,0.0398,0.00157,0.000181,0.774,0.612
54,False,0.4,0.982,8,-2.147,1,0.123,3.15e-05,8.2e-05,0.133,0.384
0,False,0.679,0.683,11,-7.739,0,0.112,0.0219,0.0,0.182,0.287
40,False,0.573,0.479,5,-11.061,1,0.0377,0.675,5.74e-05,0.101,0.336
58,False,0.349,0.119,10,-25.234,0,0.0482,0.993,0.906,0.103,0.181
14,False,0.681,0.411,5,-6.437,0,0.0386,0.464,0.0,0.0797,0.442
3,False,0.569,0.963,7,-3.069,1,0.0593,0.000787,0.0256,0.22,0.82
41,False,0.647,0.881,2,-5.647,1,0.0467,0.138,0.0,0.314,0.772
47,False,0.759,0.17,4,-16.399,1,0.05,0.936,0.264,0.108,0.536
11,False,0.234,0.259,0,-12.813,1,0.0365,0.9,0.804,0.172,0.0353
0,True,0.596,0.938,8,-2.165,1,0.0917,0.0148,0.000448,0.329,0.286
27,False,0.283,0.267,10,-22.54,1,0.379,0.884,0.911,0.914,0.346
63,False,0.641,0.598,4,-8.485,0,0.0426,0.000586,0.863,0.121,0.161
47,False,0.681,0.632,0,-8.702,1,0.0312,0.0106,0.577,0.106,0.383
39,False,0.701,0.702,5,-10.323,0,0.122,0.525,0.0486,0.235,0.885
0,False,0.492,0.506,10,-8.022,0,0.118,0.58,0.00032,0.104,0.338
22,False,0.34,0.276,11,-17.276,1,0.046,0.653,0.0,0.315,0.288
54,False,0.348,0.595,4,-6.083,1,0.0421,0.179,0.0181,0.19,0.0729
20,False,0.714,0.891,1,-7.649,0,0.119,0.315,0.788,0.389,0.106
27,False,0.413,0.269,10,-11.21,1,0.0488,0.676,0.0,0.0657,0.208
0,False,0.232,0.146,4,-23.397,1,0.0461,0.934,0.948,0.146,0.041
29,False,0.459,0.954,11,-4.018,1,0.0575,0.0095,0.000443,0.356,0.636
0,False,0.602,0.553,11,-9.336,1,0.0328,0.108,0.0,0.0512,0.971
0,False,0.484,0.332,1,-10.312,1,0.037,0.787,0.0,0.373,0.683
40,False,0.539,0.298,8,-17.579,1,0.0267,0.386,1.33e-05,0.112,0.791
45,False,0.512,0.864,9,-3.044,1,0.262,0.0181,0.000213,0.108,0.217
42,False,0.659,0.654,0,-6.634,1,0.0283,0.0807,7.4e-05,0.214,0.869
7,False,0.181,0.285,7,-18.174,1,0.0442,0.867,0.942,0.084,0.0322
50,False,0.755,0.338,5,-12.836,1,0.0288,0.713,0.0769,0.121,0.546
63,False,0.723,0.646,5,-7.973,0,0.102,0.0206,0.352,0.0994,0.443
22,False,0.558,0.513,3,-11.074,1,0.0292,0.626,0.000273,0.152,0.374
56,True,0.436,0.942,5,-3.584,1,0.0955,0.00021,1.65e-06,0.0824,0.636
63,False,0.731,0.484,0,-5.579,1,0.0354,0.73,3.01e-06,0.326,0.35
0,False,0.471,0.557,10,-9.696,1,0.0277,0.413,7.61e-06,0.267,0.26
0,False,0.478,0.201,7,-16.79,1,0.0332,0.919,0.0,0.0854,0.857
0,True,0.497,0.353,7,-9.641,1,0.108,0.125,0.0,0.0785,0.169
0,False,0.421,0.95,10,-3.985,1,0.0769,1.21e-05,0.000217,0.314,0.553
17,False,0.594,0.704,0,-4.935,1,0.116,0.459,0.0,0.155,0.514
37,False,0.423,0.345,11,-7.45,1,0.0294,0.781,0.0,0.0957,0.323
6,False,0.41,0.155,2,-19.42,0,0.0384,0.928,7.88e-06,0.124,0.264
20,True,0.555,0.927,1,-5.424,1,0.907,0.765,0.0,0.799,0.395
1,False,0.356,0.917,9,-6.005,1,0.0487,0.0336,0.0,0.406,0.523
70,False,0.665,0.687,11,-6.466,0,0.0547,0.155,9.28e-05,0.173,0.651
69,False,0.753,0.662,8,-4.25,1,0.0702,0.205,3.66e-06,0.0851,0.466
64,True,0.67,0.366,1,-12.021,1,0.229,0.415,0.0,0.337,0.649
13,False,0.226,0.969,7,-13.505,0,0.0613,5.42e-06,0.928,0.148,0.121
0,False,0.534,0.533,5,-6.161,0,0.047,0.5,0.0,0.0875,0.478
0,False,0.681,0.683,8,-6.444,0,0.0287,0.158,2.32e-05,0.273,0.64
52,False,0.581,0.844,5,-6.64,0,0.0595,0.0855,0.0,0.224,0.546
43,False,0.498,0.622,2,-7.396,1,0.0323,0.401,4.17e-05,0.547,0.462
66,False,0.834,0.777,5,-4.538,0,0.0593,0.22,0.00609,0.335,0.865
38,False,0.574,0.25,9,-11.952,1,0.0645,0.0627,0.84,0.141,0.51
6,False,0.796,0.606,7,-14.969,1,0.0518,0.00398,0.0919,0.049,0.531
90,True,0.663,0.786,11,-3.51,0,0.195,0.229,0.0,0.219,0.579
18,False,0.795,0.415,0,-10.466,1,0.153,0.127,8.76e-06,0.067,0.821
42,False,0.568,0.735,7,-8.352,1,0.0522,0.762,0.000682,0.718,0.539
41,False,0.747,0.72,7,-7.876,1,0.0482,0.00832,0.621,0.0851,0.206
0,False,0.57,0.921,2,-2.893,1,0.0817,0.0117,0.0,0.327,0.562
39,False,0.251,0.908,0,-3.739,0,0.0576,0.000172,0.0542,0.097,0.727
50,False,0.385,0.806,1,-8.967,1,0.0398,0.237,0.00566,0.933,0.693
2,False,0.592,0.765,9,-2.788,0,0.027,0.0021,0.00154,0.127,0.327
43,True,0.702,0.782,5,-0.73,0,0.0778,0.0589,0.0,0.314,0.571
36,False,0.524,0.267,1,-12.027,1,0.0626,0.898,3.15e-06,0.106,0.383
30,True,0.5,0.611,0,-10.826,1,0.0788,0.834,1.41e-05,0.241,0.894
27,False,0.562,0.488,2,-10.53,1,0.132,0.733,0.0,0.168,0.505
13,False,0.569,0.205,4,-16.741,0,0.0382,0.833,0.00014,0.0935,0.518
20,False,0.489,0.757,1,-10.655,1,0.0387,0.0969,0.0,0.18,0.626
82,False,0.663,0.6,7,-10.87,1,0.032,0.43,0.0,0.184,0.8
1,False,0.904,0.817,8,-3.956,1,0.0871,0.0254,0.000141,0.232,0.753
44,False,0.417,0.819,4,-9.061,1,0.0966,0.308,0.0,0.371,0.604
39,False,0.36,0.247,0,-9.415,1,0.0396,0.838,0.00454,0.104,0.279
44,False,0.52,0.933,6,-5.2,1,0.0357,0.0159,0.0195,0.397,0.536
41,False,0.322,0.28,6,-9.367,0,0.0281,0.468,1.1e-06,0.102,0.175
0,False,0.653,0.743,10,-3.478,1,0.0301,0.41,0.0,0.18,0.602
39,False,0.537,0.855,0,-4.629,1,0.0366,0.0356,2.07e-05,0.431,0.774
23,False,0.412,0.504,3,-5.89,0,0.0287,0.694,0.0,0.0912,0.358
10,False,0.537,0.285,10,-10.804,1,0.0254,0.746,0.0,0.15,0.578
72,False,0.492,0.224,5,-8.098,1,0.0493,0.91,0.0,0.142,0.424
20,False,0.637,0.271,10,-10.13,0,0.0271,0.873,0.0,0.32,0.232
66,False,0.602,0.249,2,-9.264,0,0.0287,0.725,0.0,0.243,0.274
22,True,0.454,0.887,3,-6.785,0,0.932,0.715,0.0,0.624,0.175
0,False,0.119,0.916,6,-4.052,0,0.0573,1.2e-05,0.481,0.0578,0.136
26,False,0.764,0.838,6,-3.182,0,0.0463,0.231,0.0,0.457,0.469
53,False,0.249,0.461,9,-6.897,1,0.0373,0.692,2.47e-06,0.249,0.154
0,False,0.586,0.559,4,-6.725,1,0.05,0.639,0.0,0.0872,0.437
40,False,0.535,0.755,1,-5.221,0,0.0662,0.314,0.0,0.217,0.519
3,True,0.629,0.879,7,-2.028,0,0.0369,0.116,0.000226,0.532,0.623
15,False,0.621,0.786,2,-9.086,1,0.0317,0.0646,0.00876,0.133,0.637
56,False,0.562,0.897,10,-4.882,0,0.0635,0.00166,0.0985,0.379,0.526
35,False,0.494,0.902,6,-4.969,1,0.0352,0.0332,0.0149,0.466,0.472
24,False,0.443,0.986,11,-3.485,0,0.121,0.00153,0.000851,0.981,0.287
3,False,0.48,0.89,7,-4.567,1,0.0666,0.873,0.00312,0.257,0.86
20,False,0.277,0.14,9,-17.253,1,0.0476,0.932,0.0,0.0708,0.155
20,False,0.415,0.818,1,-8.407,1,0.0613,0.00147,0.902,0.111,0.112
39,False,0.532,0.922,9,-6.328,1,0.126,0.0167,0.0,0.0498,0.802
65,False,0.489,0.752,2,-5.422,1,0.0372,0.665,0.000669,0.55,0.179
26,False,0.189,0.0567,2,-23.877,1,0.0374,0.928,0.978,0.117,0.0586
26,True,0.496,0.972,6,-3.501,1,0.0997,0.000779,0.00125,0.103,0.729
19,False,0.179,0.204,1,-14.463,1,0.0377,0.933,0.973,0.0832,0.0455
3,False,0.653,0.61,9,-4.872,0,0.0592,0.0477,0.0,0.114,0.812
48,False,0.83,0.603,0,-4.819,0,0.0374,0.395,0.0,0.0415,0.789
24,False,0.42,0.00217,1,-22.209,1,0.0505,0.993,0.951,0.108,0.393
43,False,0.581,0.19,7,-13.84,1,0.031,0.828,2.57e-05,0.151,0.298
0,False,0.546,0.85,9,-8.415,1,0.0498,0.449,0.000779,0.74,0.747
55,False,0.671,0.643,8,-9.137,1,0.126,0.428,0.968,0.0998,0.0384
26,False,0.104,0.316,0,-23.74,1,0.0642,0.838,0.798,0.604,0.307
80,False,0.354,0.982,4,-3.026,0,0.168,0.000237,0.000294,0.204,0.194
27,False,0.689,0.886,8,-8.548,0,0.0462,0.563,0.897,0.0744,0.884
36,False,0.685,0.377,0,-12.374,0,0.348,0.542,0.788,0.131,0.597
28,False,0.849,0.812,7,-4.282,1,0.0454,0.295,0.00233,0.0629,0.419
0,False,0.29,0.936,1,-3.876,0,0.211,0.000481,0.0275,0.0573,0.432
35,False,0.862,0.664,10,-8.918,0,0.0886,0.000232,0.939,0.0494,0.618
64,False,0.557,0.693,7,-11.044,1,0.0445,0.531,0.00141,0.196,0.747
53,False,0.592,0.991,1,-1.827,1,0.144,0.0123,3.8e-06,0.361,0.523
80,False,0.655,0.797,2,-4.787,1,0.153,0.198,0.0,0.067,0.839
41,False,0.499,0.641,1,-8.042,0,0.103,0.252,0.0,0.0926,0.0433
51,True,0.655,0.635,3,-6.872,1,0.17,0.819,6.05e-05,0.11,0.174
0,False,0.458,0.293,0,-13.331,0,0.0295,0.397,0.0,0.129,0.578
20,False,0.396,0.987,1,-4.525,1,0.122,0.000184,0.0142,0.342,0.343
0,False,0.718,0.897,4,-4.401,1,0.0371,0.0433,2.82e-05,0.0783,0.991
19,True,0.494,0.721,1,-5.341,1,0.341,0.047,0.0,0.319,0.64
41,False,0.524,0.0856,9,-17.766,1,0.0999,0.739,0.0,0.0919,0.316
14,False,0.565,0.846,0,-6.543,1,0.0386,0.0353,0.585,0.141,0.0941
25,False,0.418,0.93,9,-2.22,1,0.0934,0.00673,2.97e-05,0.439,0.484
30,False,0.412,0.81,7,-10.655,1,0.0725,0.0363,1.1e-05,0.104,0.966
33,False,0.75,0.939,4,-9.98,1,0.0704,0.746,0.763,0.0826,0.443
20,False,0.283,0.92,8,-4.303,0,0.102,5.57e-06,0.705,0.0586,0.399
0,False,0.412,0.931,7,-6.348,1,0.0449,0.016,0.0,0.0772,0.295
19,False,0.451,0.436,10,-8.206,1,0.0242,0.413,1.28e-06,0.161,0.181
22,False,0.562,0.861,10,-5.64,1,0.0499,5.03e-05,1.25e-05,0.285,0.568
24,False,0.621,0.66,6,-4.628,1,0.0355,0.00547,3.6e-05,0.0449,0.538
38,True,0.692,0.693,8,-5.81,1,0.103,0.469,2.06e-05,0.104,0.348
60,False,0.0,0.955,0,-20.356,1,0.0,0.139,0.997,0.425,0.0
0,True,0.409,0.99,11,-2.084,1,0.115,0.02,0.0,0.513,0.962
52,False,0.552,0.48,2,-5.711,0,0.033,0.864,4.16e-05,0.297,0.111
39,False,0.745,0.356,9,-13.732,0,0.039,0.385,6.95e-06,0.0533,0.623
1,False,0.574,0.147,2,-14.84,0,0.146,0.986,2.7e-06,0.753,0.38
42,False,0.542,0.66,2,-11.164,0,0.0817,0.69,0.0,0.533,0.866
65,False,0.636,0.836,8,-3.004,1,0.0427,0.00609,0.000157,0.0828,0.715
0,False,0.619,0.696,7,-6.263,0,0.0315,1.93e-05,0.00555,0.38,0.727
78,False,0.72,0.741,10,-6.529,0,0.0287,0.101,1.41e-05,0.289,0.357
39,False,0.61,0.436,1,-14.052,0,0.103,0.755,0.868,0.0993,0.537
46,False,0.158,0.398,0,-27.764,0,0.0499,0.913,0.944,0.405,1e-05
7,False,0.781,0.885,4,-8.531,1,0.0839,0.157,0.212,0.0744,0.375
50,False,0.351,0.877,9,-8.558,0,0.0517,0.000256,0.865,0.0635,0.427
0,False,0.327,0.0659,5,-19.252,1,0.0484,0.965,0.556,0.0977,0.0386
17,False,0.0921,0.924,11,-6.926,0,0.0902,3.76e-06,0.903,0.0407,0.0501
58,False,0.473,0.767,5,-6.383,1,0.0548,0.00116,0.000798,0.109,0.375
17,False,0.756,0.94,5,-2.353,0,0.221,0.00414,0.696,0.0825,0.51
39,False,0.465,0.726,2,-5.334,1,0.0602,0.0603,0.0,0.0919,0.185
61,False,0.488,0.464,1,-9.496,1,0.0284,0.742,0.0,0.57,0.709
0,False,0.583,0.915,0,-4.007,1,0.0811,0.00214,0.0,0.395,0.88
22,False,0.3,0.899,1,-13.131,1,0.111,0.000182,0.708,0.276,0.425
46,False,0.632,0.895,6,-6.415,1,0.13,0.0594,0.000198,0.174,0.336
27,False,0.58,0.161,8,-12.758,1,0.15,0.938,0.925,0.14,0.142
42,False,0.512,0.165,1,-12.687,1,0.033,0.899,0.236,0.0979,0.0869
4,False,0.154,0.17,9,-16.767,1,0.0382,0.275,0.861,0.548,0.0283
4,False,0.675,0.391,2,-7.701,1,0.0524,0.446,0.0,0.37,0.564
0,False,0.602,0.553,11,-9.336,1,0.0328,0.108,0.0,0.0512,0.971
24,False,0.724,0.54,0,-8.234,0,0.0256,0.536,0.0,0.228,0.775
36,False,0.419,0.947,5,-4.966,0,0.0531,5.42e-05,5.74e-06,0.185,0.454
53,False,0.31,0.825,1,-4.53,1,0.0563,0.00356,0.0,0.641,0.475
55,False,0.168,0.0184,7,-27.194,1,0.0414,0.871,0.934,0.0863,0.0327
44,False,0.402,0.95,4,-1.823,0,0.0849,0.0588,0.0,0.97,0.558
45,False,0.373,0.477,0,-8.052,1,0.0271,0.409,0.000425,0.0811,0.095
0,False,0.386,0.124,0,-9.736,1,0.0306,0.928,0.0,0.116,0.46
64,False,0.494,0.839,9,-8.79,0,0.0647,0.0534,0.0706,0.253,0.219
33,False,0.621,0.684,7,-7.949,1,0.0289,0.518,0.00761,0.366,0.847
45,False,0.705,0.632,11,-4.799,0,0.0322,0.295,5.04e-06,0.172,0.534
65,False,0.411,0.277,7,-8.844,1,0.0305,0.903,0.0,0.209,0.345
61,True,0.664,0.38,6,-8.297,0,0.0625,0.0423,0.000537,0.122,0.236
19,False,0.37,0.466,1,-9.927,0,0.0437,0.691,0.0,0.229,0.198
63,False,0.574,0.882,0,-4.08,0,0.121,0.0245,0.0,0.354,0.612
0,False,0.55,0.765,1,-5.878,1,0.0417,0.534,0.0,0.0791,0.592
61,False,0.481,0.945,1,-5.468,1,0.0813,0.00264,0.0,0.135,0.427
34,False,0.561,0.896,0,-4.271,1,0.0452,0.00493,1.83e-06,0.141,0.704
43,True,0.747,0.643,10,-6.046,0,0.29,0.0524,0.0,0.0772,0.429
61,False,0.773,0.363,4,-7.304,1,0.0383,0.814,0.0,0.103,0.774
0,False,0.597,0.415,3,-13.799,1,0.0323,0.189,0.0,0.122,0.826
28,False,0.375,0.977,8,-5.494,1,0.128,2.63e-05,0.142,0.15,0.309
10,False,0.564,0.417,9,-10.003,1,0.0289,0.871,0.0308,0.126,0.848
0,False,0.705,0.927,1,-2.701,1,0.0776,0.0327,0.0,0.0705,0.945
29,False,0.771,0.914,1,-7.004,1,0.0298,0.219,0.053,0.341,0.98
5,False,0.568,0.907,2,-5.239,1,0.0398,0.000307,0.906,0.398,0.763
63,False,0.655,0.473,8,-9.806,1,0.0267,0.842,0.0323,0.167,0.572
33,False,0.392,0.873,0,-3.209,1,0.0474,0.225,0.0,0.135,0.828
37,True,0.524,0.456,8,-11.986,0,0.372,0.703,2.39e-05,0.161,0.305
31,False,0.778,0.492,7,-7.602,0,0.392,0.0237,0.0,0.209,0.764
65,False,0.528,0.739,0,-6.32,0,0.0314,0.687,5.17e-05,0.168,0.542
29,False,0.606,0.472,4,-9.539,1,0.0378,0.475,0.00015,0.11,0.192
8,False,0.643,0.91,2,-13.339,1,0.0708,0.00291,0.888,0.595,0.596
54,False,0.834,0.547,7,-12.108,0,0.0516,0.223,0.11,0.197,0.596
2,False,0.624,0.86,8,-3.012,1,0.124,0.0704,0.0,0.0819,0.816
57,False,0.553,0.746,6,-3.637,0,0.0369,0.0458,0.00162,0.128,0.0731
1,False,0.564,0.818,8,-6.202,0,0.0661,0.0767,0.0,0.0402,0.712
72,False,0.651,0.801,0,-7.34,1,0.0514,0.123,0.0,0.0825,0.776
0,False,0.717,0.673,5,-4.645,1,0.251,0.801,0.0161,0.0214,0.963
0,False,0.138,0.173,7,-17.603,1,0.0371,0.955,0.928,0.161,0.159
43,False,0.844,0.523,11,-10.636,0,0.173,0.263,0.0,0.214,0.951
55,False,0.521,0.621,5,-5.268,1,0.0289,0.411,0.0,0.211,0.377
16,False,0.592,0.642,4,-6.21,0,0.0331,0.777,0.000395,0.238,0.913
24,False,0.54,0.985,5,-3.743,0,0.0805,0.158,0.0,0.336,0.618
52,False,0.475,0.385,7,-8.675,0,0.0317,0.595,0.000267,0.131,0.183
67,False,0.862,0.642,6,-13.652,0,0.101,0.102,0.0,0.272,0.765
44,False,0.567,0.474,5,-6.806,1,0.027,0.293,0.0,0.226,0.415
84,False,0.695,0.884,6,-2.278,0,0.0753,0.0561,0.0,0.213,0.914
33,True,0.481,0.533,5,-7.589,0,0.504,0.83,0.0,0.694,0.576
25,False,0.386,0.852,10,-5.276,1,0.0569,0.0437,1.78e-06,0.0921,0.337
62,False,0.581,0.922,1,-3.408,0,0.0666,0.024,0.0,0.202,0.596
77,False,0.454,0.82,2,-4.193,1,0.0567,0.132,0.000969,0.115,0.575
0,False,0.484,0.641,5,-12.612,1,0.0377,0.000779,0.279,0.0737,0.182
34,False,0.607,0.16,3,-13.149,1,0.0383,0.905,1.52e-05,0.109,0.351
10,False,0.689,0.938,1,-3.259,1,0.0586,0.000622,0.00836,0.0921,0.163
57,False,0.628,0.708,2,-8.379,1,0.0305,0.155,0.739,0.229,0.122
17,False,0.742,0.488,11,-9.349,0,0.0256,0.0473,0.0376,0.139,0.248
24,False,0.549,0.878,9,-7.017,0,0.0473,0.0174,0.0,0.0806,0.395
41,False,0.465,0.433,7,-9.187,1,0.0268,0.507,0.0,0.142,0.447
31,False,0.683,0.862,7,-4.55,0,0.0619,0.157,0.00298,0.297,0.609
46,False,0.331,0.512,3,-7.398,0,0.0462,0.139,1.93e-06,0.391,0.198
23,False,0.485,0.293,11,-17.087,1,0.053,0.92,0.864,0.105,0.229
63,True,0.462,0.944,8,-2.938,1,0.315,0.312,0.000149,0.367,0.65
63,True,0.705,0.419,2,-12.746,1,0.0891,0.0143,0.0393,0.645,0.303
0,False,0.345,0.147,10,-20.149,1,0.0407,0.907,0.799,0.671,0.13
0,False,0.277,0.344,0,-11.713,1,0.0264,0.215,8.6e-06,0.185,0.241
11,False,0.867,0.796,10,-7.378,1,0.175,0.312,1.34e-05,0.0838,0.894
14,False,0.556,0.274,11,-12.096,1,0.0295,0.953,0.0,0.453,0.576
21,False,0.601,0.541,7,-10.176,0,0.0469,0.9,0.688,0.175,0.832
35,False,0.503,0.613,5,-4.221,0,0.0299,0.216,0.00178,0.0672,0.523
4,False,0.77,0.852,11,-2.593,1,0.0489,0.201,3.06e-06,0.0623,0.785
47,False,0.613,0.988,11,-5.498,1,0.113,5.13e-05,0.835,0.427,0.0393
0,False,0.65,0.307,9,-9.443,1,0.0393,0.57,7.07e-06,0.0707,0.604
0,False,0.658,0.773,11,-5.119,1,0.0244,0.000901,0.0,0.194,0.66
42,False,0.46,0.452,7,-10.61,1,0.0306,0.0409,0.931,0.0758,0.476
70,False,0.695,0.656,1,-6.038,1,0.0489,0.057,0.0,0.267,0.346
1,False,0.568,0.396,8,-13.921,1,0.029,0.738,0.159,0.116,0.578
55,False,0.776,0.0956,6,-20.769,0,0.0861,0.805,0.000239,0.352,0.309
24,False,0.42,0.235,11,-10.617,0,0.0324,0.866,0.127,0.108,0.196
44,False,0.759,0.537,0,-7.471,1,0.0258,0.256,0.000121,0.104,0.676
31,False,0.406,0.717,0,-5.651,0,0.0319,0.154,1.06e-06,0.0986,0.702
76,False,0.459,0.427,7,-7.734,1,0.0267,0.114,0.0,0.168,0.354
35,False,0.425,0.631,9,-10.465,1,0.135,0.457,2.29e-06,0.963,0.841
37,False,0.444,0.0811,10,-17.278,1,0.0355,0.927,0.0,0.148,0.247
21,False,0.195,0.198,1,-17.508,0,0.036,0.892,0.0,0.0777,0.239
40,True,0.254,0.898,1,-4.782,1,0.119,0.000134,3.67e-06,0.254,0.567
62,True,0.743,0.495,0,-6.462,1,0.048,0.0309,0.0,0.252,0.396
44,False,0.522,0.916,0,-3.773,1,0.0447,0.00614,0.0,0.369,0.281
38,False,0.511,0.468,7,-8.218,0,0.0305,0.762,0.0,0.0869,0.353
1,False,0.353,0.09,3,-22.722,1,0.0373,0.995,0.895,0.0996,0.126
54,False,0.821,0.528,4,-11.749,0,0.0463,0.117,0.0702,0.0816,0.345
0,False,0.451,0.803,0,-4.932,1,0.0398,0.208,0.0,0.0764,0.145
68,False,0.402,0.97,2,-4.538,0,0.0668,1.29e-05,2.62e-06,0.189,0.476
10,False,0.666,0.966,7,-4.704,1,0.0986,0.00246,0.863,0.248,0.521
38,False,0.5,0.888,11,-8.309,1,0.866,0.619,0.0,0.696,0.856
0,True,0.843,0.731,11,-5.583,0,0.134,0.259,0.0,0.306,0.636
12,False,0.32,0.95,9,-6.703,0,0.112,4e-05,0.915,0.208,0.0555
46,False,0.685,0.635,10,-6.025,1,0.0338,0.591,4.28e-06,0.104,0.819
36,False,0.495,0.984,8,-4.354,1,0.0978,0.00037,2.52e-05,0.307,0.803
21,False,0.578,0.567,7,-7.992,1,0.0448,0.763,0.0538,0.0893,0.876
25,False,0.481,0.959,4,-3.658,0,0.0944,3.55e-05,0.675,0.133,0.28
26,False,0.281,0.247,4,-11.221,1,0.0297,0.915,1.02e-05,0.132,0.194
37,False,0.529,0.623,6,-10.141,1,0.0367,0.0597,0.187,0.084,0.735
3,False,0.417,0.682,1,-5.071,1,0.0295,0.0267,0.000669,0.109,0.351
0,False,0.823,0.441,8,-7.645,1,0.156,0.636,7.68e-05,0.114,0.752
44,False,0.556,0.686,1,-5.601,0,0.0394,0.645,0.0,0.494,0.576
43,False,0.474,0.9,4,-12.397,0,0.0424,0.0211,0.962,0.0967,0.172
28,False,0.59,0.525,0,-7.117,1,0.0303,0.693,4.45e-05,0.186,0.51
66,False,0.765,0.582,0,-4.528,1,0.12,0.245,8.21e-05,0.154,0.36
37,False,0.484,0.618,7,-5.623,1,0.0246,0.166,0.00025,0.11,0.464
17,False,0.818,0.942,9,-8.364,0,0.0589,0.126,0.546,0.0665,0.735
41,False,0.593,0.581,7,-7.415,1,0.0249,0.548,0.000202,0.108,0.256
35,True,0.85,0.423,10,-7.819,0,0.171,0.266,0.0,0.0808,0.358
46,False,0.219,0.151,1,-14.097,1,0.0366,0.933,8.35e-05,0.235,0.111
39,False,0.841,0.832,0,-2.134,1,0.0322,0.681,0.0,0.0834,0.733
21,False,0.517,0.0322,7,-25.049,1,0.0401,0.989,0.904,0.0828,0.358
43,False,0.681,0.818,3,-4.224,0,0.043,0.547,0.0,0.252,0.882
0,False,0.556,0.901,4,-7.289,1,0.0311,0.261,0.000267,0.105,0.932
48,False,0.376,0.285,6,-8.783,1,0.0304,0.837,1.67e-05,0.0929,0.417
28,False,0.388,0.0128,6,-18.532,0,0.0534,0.995,0.886,0.103,0.359
12,False,0.772,0.82,1,-7.014,1,0.05,8.95e-05,0.34,0.0468,0.552
49,False,0.628,0.472,4,-12.174,0,0.027,0.162,0.0015,0.207,0.51
0,False,0.144,2.02e-05,2,-22.636,0,0.0954,0.994,0.935,0.14,0.0
21,False,0.241,0.874,2,-9.226,1,0.0935,1.23e-05,0.357,0.222,0.0897
44,False,0.697,0.643,2,-5.798,1,0.0359,0.0192,0.623,0.204,0.222
64,True,0.873,0.663,1,-4.086,1,0.15,0.0216,0.000356,0.0867,0.525
66,False,0.5,0.844,5,-5.263,0,0.064,0.000791,9.54e-05,0.274,0.141
0,False,0.464,0.906,7,-1.985,1,0.0378,0.00286,0.0,0.293,0.305
53,False,0.587,0.906,11,-4.655,0,0.0419,0.000212,0.944,0.104,0.184
44,False,0.569,0.673,9,-6.403,0,0.225,0.082,0.0014,0.381,0.316
28,False,0.645,0.712,5,-12.176,0,0.145,0.0132,0.000437,0.344,0.627
41,False,0.531,0.825,9,-4.804,0,0.112,0.52,0.0,0.71,0.734
39,True,0.517,0.971,4,-5.189,1,0.0778,0.0057,3.75e-05,0.325,0.363
41,False,0.347,0.943,0,-1.558,1,0.405,0.000265,0.0274,0.175,0.0797
39,False,0.452,0.867,10,-8.209,0,0.0436,0.0754,0.00703,0.446,0.963
20,False,0.646,0.938,4,-4.76,0,0.0978,0.000321,0.00274,0.368,0.52
47,False,0.53,0.432,3,-11.056,1,0.0317,0.774,0.0152,0.121,0.299
0,True,0.645,0.85,1,-3.627,0,0.0898,0.0202,0.0,0.656,0.961
25,True,0.381,0.997,1,-2.822,0,0.16,0.0933,0.0101,0.104,0.101
11,False,0.426,0.487,2,-10.286,0,0.0539,0.778,1.73e-06,0.167,0.647
45,False,0.249,0.24,2,-12.083,1,0.0348,0.979,0.0117,0.0935,0.0697
12,False,0.56,0.849,10,-7.307,0,0.0464,0.000558,0.854,0.537,0.415
61,False,0.544,0.867,10,-5.527,1,0.0517,2.63e-05,0.0165,0.266,0.726
1,False,0.773,0.93,6,-6.497,1,0.0734,0.0233,0.014,0.075,0.732
55,False,0.336,0.173,11,-14.492,0,0.0477,0.99,0.927,0.076,0.0374
17,False,0.31,0.214,4,-15.613,0,0.0464,0.747,1.25e-05,0.155,0.461
39,False,0.749,0.43,7,-10.571,1,0.0295,0.552,0.0294,0.232,0.81
48,False,0.712,0.823,9,-6.298,1,0.0859,0.561,0.0,0.767,0.765
47,False,0.493,0.334,4,-14.612,0,0.0552,0.0873,0.000628,0.22,0.119
57,False,0.577,0.583,5,-7.257,0,0.0433,0.0904,0.0,0.0937,0.406
55,False,0.427,0.93,10,-3.734,0,0.0592,0.0194,0.000844,0.2,0.361
62,False,0.711,0.655,11,-5.987,0,0.047,0.0233,0.00045,0.115,0.759
55,False,0.61,0.605,6,-12.484,1,0.0419,0.000925,0.157,0.344,0.458
22,False,0.463,0.897,9,-7.447,0,0.912,0.828,0.0,0.75,0.353
34,False,0.504,0.759,4,-6.959,1,0.0834,0.397,4.9e-06,0.546,0.639
10,False,0.141,0.673,6,-11.54,0,0.0612,0.876,0.798,0.144,0.0689
30,False,0.709,0.822,1,-6.225,1,0.225,0.51,2.16e-05,0.0696,0.84
0,False,0.75,0.916,7,-4.773,1,0.214,0.0566,0.000458,0.175,0.505
74,False,0.447,0.901,2,-5.397,1,0.0491,0.000415,0.000103,0.225,0.334
0,False,0.509,0.326,0,-9.59,0,0.0254,0.0618,0.805,0.293,0.229
21,False,0.422,0.966,4,-4.446,1,0.0684,0.00267,0.000152,0.37,0.234
16,False,0.239,0.989,8,-4.735,1,0.2,3.31e-05,0.182,0.076,0.42
41,False,0.716,0.783,7,-6.711,0,0.302,0.477,0.0,0.112,0.932
25,True,0.771,0.968,7,-6.142,1,0.0584,0.288,0.0,0.0809,0.756
43,False,0.887,0.728,1,-5.906,1,0.0567,0.00536,0.421,0.0454,0.685
39,False,0.461,0.901,3,-7.969,0,0.0474,0.000228,0.00691,0.197,0.048
65,False,0.153,0.00197,1,-36.815,1,0.0524,0.968,0.913,0.121,0.039
45,False,0.677,0.6,8,-8.411,1,0.04,0.279,2.03e-06,0.0953,0.551
13,False,0.674,0.708,1,-10.751,1,0.0664,0.0392,0.0068,0.181,0.688
61,False,0.487,0.0708,7,-30.666,1,0.0397,0.99,0.931,0.116,0.49
0,False,0.586,0.218,7,-14.036,1,0.231,0.985,1.59e-06,0.939,0.46
49,False,0.582,0.613,11,-5.884,1,0.0385,0.513,2.02e-06,0.124,0.445
77,False,0.704,0.634,11,-7.374,0,0.0428,0.393,3.17e-05,0.0952,0.411
76,False,0.366,0.94,1,-5.119,0,0.0696,0.000769,9.42e-05,0.188,0.369
35,False,0.586,0.559,9,-12.15,1,0.0914,0.234,0.0,0.297,0.819
54,False,0.812,0.404,9,-8.448,0,0.231,0.35,0.45,0.106,0.382
65,False,0.691,0.841,8,-7.026,0,0.0436,0.00438,4.44e-05,0.31,0.755
1,False,0.586,0.906,0,-8.235,1,0.0564,0.000837,0.019,0.0958,0.748
23,False,0.63,0.884,0,-2.974,1,0.156,0.321,0.0,0.352,0.408
33,False,0.642,0.449,7,-8.567,0,0.0281,0.255,0.0,0.167,0.497
39,False,0.415,0.36,4,-10.582,0,0.226,0.993,0.82,0.195,0.604
10,False,0.294,0.285,7,-11.287,0,0.0296,0.826,0.000188,0.452,0.117
17,False,0.355,0.976,9,-7.579,0,0.0847,5.6e-06,0.913,0.0946,0.0642
13,False,0.92,0.172,10,-17.037,0,0.0705,0.259,0.9,0.0909,0.241
39,False,0.486,0.481,8,-10.271,1,0.0284,0.676,0.727,0.306,0.239
33,False,0.39,0.986,2,-3.322,1,0.0661,0.0296,0.0556,0.701,0.238
59,False,0.683,0.346,0,-9.475,1,0.0785,0.682,0.0,0.278,0.457
11,False,0.598,0.593,9,-6.538,1,0.0435,0.667,0.0,0.237,0.897
52,False,0.559,0.646,4,-6.233,0,0.0392,0.0817,0.0004,0.0908,0.233
22,False,0.673,0.351,9,-14.733,0,0.0282,0.253,0.00289,0.082,0.544
22,False,0.334,0.975,9,-6.91,1,0.0896,0.153,0.0522,0.46,0.241
45,False,0.756,0.404,4,-11.767,0,0.0439,0.0663,0.912,0.101,0.198
64,True,0.714,0.657,0,-6.436,1,0.118,0.0802,0.0,0.35,0.725
67,False,0.676,0.774,8,-3.988,1,0.0338,0.137,0.0,0.106,0.392
1,False,0.715,0.964,1,-3.176,0,0.162,0.0985,0.0,0.291,0.535
44,False,0.416,0.506,9,-7.885,0,0.1,0.0404,0.0202,0.11,0.0613
0,False,0.686,0.856,9,-2.717,0,0.0426,0.0896,0.0,0.0648,0.733
77,True,0.8,0.837,6,-2.807,0,0.0491,0.00406,0.00313,0.0904,0.702
35,False,0.535,0.501,4,-9.719,1,0.0306,0.725,1.04e-05,0.112,0.46
0,False,0.448,0.932,7,-4.424,1,0.0976,0.0174,0.0,0.347,0.709
58,False,0.753,0.809,6,-8.268,1,0.0637,0.317,0.0076,0.141,0.409
56,False,0.563,0.488,11,-7.314,1,0.0349,0.332,0.0,0.187,0.262
27,False,0.482,0.926,11,-3.866,0,0.0565,1.61e-05,0.00377,0.0636,0.44
39,False,0.348,0.393,2,-11.108,1,0.0392,0.339,0.0,0.947,0.164
29,False,0.834,0.525,10,-10.433,0,0.0996,0.0416,0.0,0.103,0.933
47,False,0.568,0.714,6,-7.375,0,0.033,0.025,0.944,0.204,0.515
48,False,0.475,0.068,7,-31.32,0,0.0345,0.942,0.899,0.124,0.252
16,False,0.377,0.564,6,-14.298,0,0.257,0.37,0.494,0.345,0.241
26,False,0.286,0.92,5,-7.271,1,0.0623,0.000153,0.0778,0.0923,0.593
44,False,0.493,0.744,7,-4.021,1,0.0342,0.000748,0.384,0.322,0.151
55,False,0.499,0.494,2,-6.069,0,0.0264,0.0646,0.0,0.182,0.129
0,False,0.687,0.494,1,-9.421,1,0.0505,0.324,5.5e-05,0.0867,0.621
26,False,0.679,0.554,8,-8.048,1,0.398,0.127,0.0,0.125,0.473
0,False,0.529,0.862,9,-7.248,1,0.0342,0.00207,0.848,0.241,0.557
43,False,0.594,0.85,9,-8.529,1,0.112,0.356,0.0,0.982,0.426
0,False,0.296,0.0596,11,-17.965,0,0.0447,0.983,0.0048,0.184,0.0714
43,False,0.65,0.609,8,-9.038,1,0.0663,0.0298,0.875,0.106,0.18
41,False,0.477,0.686,6,-14.141,1,0.0406,0.0101,0.0118,0.0633,0.81
34,False,0.634,0.566,4,-9.577,1,0.0338,0.243,0.0,0.348,0.637
26,False,0.701,0.974,9,-3.76,1,0.0489,0.0302,0.0,0.337,0.875
44,False,0.742,0.831,8,-4.978,1,0.0679,0.14,1.69e-05,0.696,0.728
43,False,0.721,0.505,8,-8.134,0,0.0515,0.118,0.0,0.249,0.62
66,True,0.746,0.617,11,-6.117,0,0.101,0.0158,0.0,0.0969,0.781
20,False,0.381,0.176,6,-15.05,1,0.0398,0.984,0.00117,0.417,0.564
36,False,0.531,0.449,8,-9.599,1,0.0421,0.574,1.82e-06,0.142,0.346
41,False,0.673,0.441,2,-10.728,1,0.0281,0.0793,1.64e-06,0.309,0.369
0,False,0.476,0.666,6,-3.438,1,0.0446,0.314,0.0,0.342,0.498
38,False,0.438,0.141,2,-11.934,1,0.0338,0.698,1.7e-06,0.115,0.0889
75,False,0.64,0.635,8,-7.565,0,0.226,0.271,0.0,0.319,0.475
69,False,0.598,0.571,8,-12.616,0,0.139,0.704,0.0,0.513,0.962
33,False,0.548,0.547,6,-7.225,0,0.0495,0.503,0.0,0.0943,0.694
35,False,0.627,0.42,4,-12.579,1,0.031,0.449,1.54e-06,0.0983,0.399
34,False,0.0822,0.814,1,-24.379,1,0.0564,4.84e-05,0.989,0.499,0.0298
2,False,0.565,0.56,9,-8.198,0,0.0281,0.595,0.0025,0.207,0.592
51,False,0.717,0.465,3,-13.036,0,0.0405,0.259,0.922,0.145,0.534
49,False,0.345,0.512,7,-11.576,0,0.0343,0.938,0.888,0.126,0.242
5,False,0.544,0.573,8,-5.694,1,0.0356,0.0958,0.0,0.104,0.233
9,False,0.673,0.765,2,-8.83,0,0.0414,0.509,0.79,0.631,0.44
55,False,0.417,0.882,3,-4.319,1,0.0323,9.11e-05,0.0,0.12,0.449
47,True,0.707,0.607,7,-5.841,1,0.362,0.231,0.000163,0.546,0.526
0,True,0.859,0.413,1,-7.399,1,0.18,0.136,0.0,0.334,0.699
61,False,0.778,0.599,2,-4.758,1,0.032,0.0705,0.0,0.59,0.949
62,False,0.488,0.175,2,-16.332,1,0.0334,0.655,0.0111,0.33,0.192
24,False,0.602,0.821,7,-7.285,1,0.0808,0.00182,0.000157,0.162,0.497
27,False,0.766,0.586,11,-7.633,0,0.0452,9.98e-05,0.754,0.0983,0.073
50,False,0.166,0.305,10,-16.525,1,0.0575,0.675,0.984,0.916,1e-05
22,False,0.377,0.971,9,-4.466,1,0.129,0.00316,0.000142,0.189,0.385
85,False,0.532,0.783,2,-5.697,1,0.0523,0.0038,0.0012,0.161,0.643
0,True,0.723,0.545,4,-6.26,0,0.049,0.0631,0.0,0.297,0.341
51,False,0.47,0.271,6,-7.636,1,0.0342,0.799,0.0,0.119,0.0943
38,False,0.632,0.511,11,-12.663,0,0.0326,0.098,0.878,0.101,0.447
0,False,0.334,0.0405,5,-24.064,0,0.0426,0.991,0.000318,0.176,0.0625
52,False,0.405,0.562,4,-6.222,0,0.0373,0.229,0.0,0.122,0.243
0,False,0.694,0.828,11,-4.653,0,0.0336,0.0399,0.0,0.0796,0.407
81,False,0.294,0.641,11,-9.316,1,0.0291,0.0163,0.22,0.112,0.226
44,False,0.524,0.609,7,-13.03,0,0.401,0.607,0.0,0.126,0.948
29,False,0.416,0.231,9,-16.997,1,0.0796,0.977,0.018,0.224,0.288
29,False,0.673,0.986,11,-5.249,1,0.278,0.163,3.15e-06,0.19,0.497
28,False,0.639,0.966,2,-2.547,1,0.0661,0.0955,0.0,0.136,0.716
37,False,0.443,0.403,9,-10.472,1,0.0296,0.472,5.27e-06,0.0924,0.176
27,False,0.124,0.268,7,-14.322,0,0.0413,0.934,0.875,0.62,0.0536
68,False,0.536,0.894,9,-5.687,1,0.0479,0.00596,0.0168,0.118,0.784
33,False,0.564,0.88,11,-6.158,1,0.0366,0.0194,0.757,0.0971,0.0418
22,False,0.367,0.207,7,-11.697,1,0.0393,0.923,0.338,0.269,0.152
1,True,0.807,0.606,3,-8.871,0,0.0872,0.0946,0.0,0.119,0.304
25,False,0.455,0.113,7,-24.402,1,0.0372,0.611,0.9,0.0885,0.171
46,False,0.323,0.34,9,-11.013,1,0.0308,0.477,6.67e-05,0.622,0.0983
55,False,0.63,0.774,10,-7.876,0,0.0413,0.192,0.585,0.115,0.304
63,False,0.421,0.819,1,-3.933,0,0.041,0.0145,0.0,0.12,0.162
26,False,0.564,0.958,4,-3.039,1,0.102,0.000192,0.00828,0.099,0.704
11,False,0.892,0.954,6,-4.641,1,0.0333,0.000981,0.78,0.124,0.928
30,False,0.852,0.957,5,-6.023,1,0.0669,0.291,0.0,0.372,0.93
0,False,0.55,0.765,1,-5.878,1,0.0417,0.534,0.0,0.0791,0.592
20,False,0.466,0.0449,5,-23.109,1,0.0319,0.984,0.911,0.0857,0.147
42,False,0.458,0.957,8,-3.949,1,0.081,0.00445,0.000115,0.0853,0.394
57,False,0.398,0.799,1,-4.424,1,0.0484,0.031,6.59e-06,0.19,0.288
48,False,0.545,0.169,6,-10.145,1,0.0457,0.953,0.0,0.152,0.291
36,False,0.567,0.948,4,-3.816,0,0.0472,0.0586,9.43e-06,0.338,0.663
7,False,0.52,0.575,8,-12.026,1,0.0308,0.000426,0.0799,0.267,0.553
43,False,0.744,0.601,2,-10.082,0,0.0463,0.562,1.55e-06,0.125,0.927
52,False,0.46,0.996,8,-1.172,0,0.327,0.00304,0.0116,0.335,0.36
41,False,0.658,0.648,6,-7.189,1,0.105,0.102,0.000268,0.236,0.705
28,False,0.762,0.859,2,-3.503,0,0.0449,0.131,0.395,0.89,0.689
0,False,0.49,0.295,5,-13.793,0,0.0335,0.905,0.155,0.697,0.141
38,False,0.63,0.955,1,-2.268,1,0.102,0.00144,0.508,0.121,0.499
19,False,0.262,0.988,1,-3.388,1,0.221,1.78e-06,0.588,0.295,0.22
0,True,0.582,0.817,0,-6.475,1,0.0399,0.0017,0.0158,0.575,0.622
0,False,0.716,0.487,10,-9.706,0,0.0962,0.00288,0.319,0.787,0.786
60,False,0.448,0.504,8,-7.749,0,0.0317,0.0171,0.000849,0.38,0.391
44,False,0.601,0.0971,11,-20.043,0,0.0373,0.984,0.91,0.0931,0.15
20,False,0.792,0.979,10,-5.625,0,0.19,0.0205,0.294,0.211,0.408
22,False,0.806,0.396,0,-6.839,1,0.0296,0.533,0.0,0.0639,0.605
65,False,0.162,0.256,2,-11.296,1,0.0346,0.0332,0.0923,0.0621,0.0784
43,False,0.231,0.636,11,-7.257,1,0.0339,0.00402,0.0,0.0504,0.244
46,False,0.704,0.936,10,-2.582,0,0.318,0.257,0.0,0.257,0.742
72,False,0.315,0.296,5,-13.262,1,0.0315,0.771,0.0,0.702,0.435
20,False,0.29,0.427,7,-6.847,0,0.0315,0.37,2.68e-06,0.323,0.0539
24,False,0.293,0.441,7,-9.799,1,0.0384,0.348,0.184,0.092,0.282
25,False,0.415,0.963,0,-1.939,1,0.0806,0.049,0.0,0.194,0.677
72,False,0.509,0.584,0,-4.907,1,0.057,0.0368,9.96e-05,0.384,0.685
25,False,0.169,0.958,10,-5.11,0,0.13,1.87e-06,0.703,0.171,0.139
45,False,0.64,0.7,0,-9.078,1,0.0409,0.0472,0.0,0.13,0.801
22,False,0.241,0.369,2,-9.336,1,0.0344,0.898,2.19e-05,0.399,0.146
7,False,0.798,0.698,7,-7.823,1,0.0971,0.0285,0.837,0.686,0.202
18,False,0.676,0.741,6,-9.847,0,0.0478,0.00454,0.459,0.05,0.551
49,False,0.297,0.962,2,-4.333,1,0.0775,4.6e-05,0.855,0.329,0.336
31,False,0.549,0.896,0,-6.923,1,0.158,0.228,0.0,0.695,0.391
69,False,0.292,0.823,7,-6.763,1,0.0407,0.0117,7.79e-05,0.155,0.244
66,False,0.671,0.826,8,-5.808,1,0.322,0.344,0.0,0.184,0.418
38,False,0.597,0.832,2,-7.03,0,0.128,0.0239,6.37e-06,0.0988,0.454
22,False,0.655,0.486,9,-10.748,1,0.0258,0.785,0.000255,0.0854,0.802
20,False,0.643,0.507,2,-6.524,0,0.0511,0.927,0.854,0.0736,0.611
76,True,0.675,0.479,0,-9.87,0,0.0278,0.633,1.76e-05,0.088,0.454
0,False,0.614,0.886,6,-4.704,0,0.0921,0.0745,0.0,0.19,0.598
51,False,0.526,0.555,4,-4.789,1,0.0262,0.037,0.0,0.14,0.223
25,False,0.636,0.689,1,-6.684,0,0.0538,0.444,0.0,0.113,0.731
11,False,0.876,0.722,7,-5.934,1,0.0456,0.648,3.03e-06,0.0912,0.971
45,False,0.377,0.0414,5,-25.84,1,0.0413,0.991,0.944,0.107,0.194
68,True,0.536,0.879,1,-3.019,1,0.0621,0.0742,0.0,0.0847,0.334
78,False,0.789,0.72,8,-5.652,0,0.218,0.223,0.0,0.129,0.664
71,False,0.608,0.37,7,-9.207,1,0.0306,0.844,1.87e-05,0.112,0.349
30,False,0.538,0.586,6,-7.118,0,0.0266,0.772,0.00617,0.42,0.314
43,True,0.723,0.76,0,-1.632,1,0.0819,0.461,0.000862,0.073,0.181
0,False,0.608,0.851,1,-6.181,1,0.0282,0.0191,0.0,0.12,0.409
33,False,0.815,0.363,0,-8.603,1,0.0354,0.137,0.0,0.157,0.636
59,False,0.449,0.824,4,-6.567,0,0.0403,5.18e-05,0.0337,0.368,0.223
48,False,0.584,0.151,11,-14.161,1,0.0337,0.912,0.698,0.109,0.286
10,False,0.44,0.166,2,-13.307,0,0.0347,0.946,1.25e-05,0.105,0.385
0,False,0.406,0.377,10,-11.717,1,0.0597,0.764,0.0,0.272,0.717
0,False,0.753,0.831,1,-4.702,0,0.247,0.148,2.32e-05,0.0902,0.684
0,True,0.807,0.606,3,-8.871,0,0.0872,0.0946,0.0,0.119,0.304
9,False,0.88,0.753,8,-6.758,0,0.0541,0.000716,0.194,0.0395,0.917
11,False,0.584,0.321,4,-11.899,1,0.0319,0.887,0.0,0.0871,0.314
22,False,0.321,0.0846,2,-26.151,0,0.0342,0.868,0.83,0.931,0.0678
1,False,0.361,0.97,8,-5.69,0,0.0837,6.58e-06,0.000162,0.039,0.561
44,False,0.56,0.314,2,-10.601,1,0.032,0.525,1.48e-05,0.104,0.172
53,False,0.483,0.99,8,-4.508,1,0.112,0.00176,0.000958,0.183,0.232
29,False,0.655,0.811,7,-4.89,1,0.0358,0.0132,4.23e-06,0.0788,0.873
0,False,0.55,0.874,5,-3.937,1,0.0508,0.00599,0.0,0.214,0.348
37,False,0.729,0.609,0,-5.049,1,0.0336,0.685,0.0,0.556,0.612
67,True,0.732,0.672,10,-8.462,0,0.148,0.0642,0.0,0.121,0.16
41,False,0.531,0.399,11,-9.089,1,0.0294,0.704,0.0,0.115,0.21
32,False,0.771,0.866,4,-5.722,1,0.093,7.57e-05,0.874,0.0748,0.432
54,False,0.428,0.923,2,-4.454,0,0.123,0.0108,0.436,0.0985,0.681
72,False,0.566,0.871,5,-4.833,1,0.0311,0.000674,0.00144,0.107,0.41
0,False,0.481,0.0438,0,-23.082,0,0.0784,0.89,0.0,0.0999,0.257
73,False,0.274,0.652,5,-6.196,0,0.0625,0.00768,6.42e-05,0.108,0.1
59,False,0.87,0.747,6,-5.971,0,0.118,0.251,0.0,0.0532,0.817
43,False,0.632,0.821,3,-4.51,1,0.0697,0.528,0.0,0.293,0.44
0,False,0.803,0.75,11,-4.67,1,0.0551,0.0233,3.87e-05,0.045,0.628
44,False,0.332,0.148,7,-12.819,1,0.0318,0.815,0.0,0.247,0.249
26,False,0.724,0.955,1,0.11,0,0.232,0.0133,5.33e-05,0.114,0.539
51,False,0.564,0.856,7,-4.994,1,0.0363,0.215,0.0,0.337,0.726
0,False,0.751,0.821,6,-4.212,0,0.0554,0.732,0.0,0.35,0.827
5,False,0.705,0.733,11,-11.759,0,0.0417,0.00134,0.864,0.106,0.195
44,False,0.789,0.899,6,-6.363,1,0.138,0.125,0.0,0.103,0.847
47,False,0.384,0.755,10,-5.381,0,0.101,0.019,0.000183,0.186,0.116
11,False,0.397,0.52,7,-7.279,1,0.0284,0.582,0.0,0.332,0.726
63,False,0.572,0.778,1,-5.208,1,0.233,0.00638,0.0,0.0563,0.54
17,False,0.833,0.588,6,-6.866,1,0.24,0.0057,0.0,0.153,0.466
34,False,0.671,0.879,3,-3.735,1,0.0328,0.384,4.34e-05,0.236,0.945
38,False,0.433,0.276,0,-11.829,1,0.0306,0.649,0.73,0.111,0.0702
59,False,0.46,0.049,5,-27.913,1,0.0531,0.995,0.938,0.104,0.483
41,False,0.438,0.778,7,-7.271,0,0.0355,2.1e-05,0.00321,0.411,0.531
49,False,0.681,0.838,0,-6.538,1,0.0797,0.0874,0.49,0.348,0.456
41,False,0.434,0.231,2,-9.807,1,0.0346,0.932,0.0,0.122,0.438
36,True,0.875,0.617,1,-6.832,0,0.347,0.061,0.0,0.0916,0.685
7,False,0.659,0.929,4,-8.769,0,0.0833,0.00263,0.57,0.0918,0.402
13,False,0.211,0.964,7,-4.961,1,0.189,3.68e-05,0.827,0.103,0.0377
71,False,0.693,0.823,5,-3.761,1,0.0726,0.0932,0.0,0.328,0.741
0,False,0.746,0.473,10,-12.042,1,0.0869,0.49,7.54e-05,0.0791,0.698
24,False,0.71,0.718,1,-6.922,0,0.0282,0.000189,0.866,0.105,0.0479
19,False,0.882,0.599,11,-7.591,0,0.176,0.36,0.0,0.189,0.713
56,False,0.574,0.967,11,-5.562,0,0.0433,0.000219,0.0342,0.147,0.0418
27,False,0.482,0.55,1,-8.905,1,0.0297,0.748,0.56,0.136,0.254
65,False,0.495,0.609,7,-9.902,1,0.0339,0.42,0.0,0.187,0.33
0,False,0.669,0.515,11,-6.805,0,0.0982,0.393,0.905,0.435,0.42
33,False,0.262,0.992,1,-3.979,1,0.265,0.000101,0.231,0.308,0.0492
40,False,0.546,0.654,9,-11.086,1,0.0886,0.0657,1.41e-06,0.16,0.222
53,True,0.305,0.962,4,-5.381,0,0.225,0.000302,0.00421,0.308,0.114
51,False,0.706,0.253,0,-18.513,1,0.0355,0.941,0.921,0.123,0.382
21,False,0.525,0.969,11,-1.22,0,0.0714,0.0335,0.00823,0.3,0.615
29,False,0.494,0.5,7,-7.176,1,0.0359,0.475,0.0,0.39,0.183
31,False,0.651,0.928,0,-3.78,0,0.0394,0.0905,0.0,0.0533,0.666
14,False,0.764,0.936,0,-6.751,0,0.0432,0.000171,0.355,0.0644,0.948
41,False,0.0745,0.996,11,-15.343,1,0.0517,0.904,0.955,0.951,1e-05
27,False,0.701,0.887,10,-7.854,0,0.0323,0.00619,0.796,0.187,0.0982
1,True,0.822,0.736,1,-3.969,1,0.15,0.157,0.000781,0.0748,0.679
0,False,0.675,0.924,9,-4.879,1,0.113,0.287,0.0,0.256,0.643
61,True,0.79,0.793,6,-6.544,1,0.121,0.393,0.0,0.138,0.496
14,False,0.194,0.993,6,-6.088,1,0.158,3.1e-05,0.436,0.361,0.0377
62,True,0.915,0.692,9,-7.544,1,0.0857,0.15,0.00012,0.0964,0.713
21,False,0.349,0.955,11,-4.87,0,0.35,0.0286,0.0,0.393,0.442
55,False,0.689,0.972,11,-3.567,0,0.0467,0.0423,0.251,0.0673,0.608
26,False,0.669,0.843,0,-5.726,1,0.03,0.0641,0.000297,0.109,0.842
54,False,0.286,0.547,4,-7.923,1,0.0318,0.0627,3.16e-06,0.112,0.453
51,False,0.571,0.875,6,-3.279,1,0.039,0.000247,5.47e-06,0.106,0.447
65,False,0.583,0.0238,0,-32.244,0,0.0369,0.994,0.847,0.103,0.426
0,False,0.736,0.878,1,-3.604,0,0.0428,0.0682,6.4e-05,0.756,0.662
0,False,0.579,0.502,8,-7.57,1,0.0513,0.733,0.0,0.281,0.836
25,False,0.798,0.703,1,-10.11,1,0.0856,0.00418,0.888,0.119,0.754
65,True,0.557,0.886,11,-4.196,0,0.0498,0.000595,9.84e-05,0.0904,0.17
64,False,0.353,0.539,0,-8.003,0,0.0283,0.326,0.00141,0.0964,0.176
37,False,0.509,0.895,0,-5.89,0,0.0477,0.000639,0.000211,0.232,0.198
17,False,0.75,0.705,0,-9.782,1,0.101,0.198,1.13e-06,0.0862,0.815
69,False,0.409,0.223,10,-13.886,1,0.0296,0.947,0.0123,0.0635,0.173
0,False,0.33,0.13,2,-17.323,1,0.0377,0.9,0.324,0.322,0.0395
1,False,0.687,0.792,5,-2.749,1,0.0452,0.191,0.0,0.167,0.671
78,False,0.576,0.759,3,-8.165,1,0.0599,0.12,0.0,0.121,0.501
0,False,0.424,0.815,9,-6.065,1,0.0382,0.0243,0.0,0.295,0.0785
46,False,0.536,0.52,10,-6.889,1,0.0487,0.761,0.0,0.0872,0.58
58,False,0.625,0.103,5,-13.387,1,0.0435,0.921,1.06e-06,0.107,0.668
0,False,0.327,0.929,1,-3.776,1,0.0561,0.00126,0.788,0.149,0.042
61,False,0.528,0.468,9,-8.286,1,0.133,0.264,0.0,0.0852,0.241
23,False,0.439,0.476,1,-7.7,0,0.0786,0.444,0.0,0.366,0.333
70,False,0.631,0.354,1,-11.112,1,0.0313,0.795,0.000107,0.0879,0.522
43,False,0.36,0.247,0,-9.415,1,0.0396,0.838,0.00454,0.104,0.279
74,False,0.519,0.552,2,-5.023,1,0.0259,0.18,0.0,0.149,0.331
0,False,0.684,0.487,5,-5.887,1,0.0367,0.495,4.57e-06,0.0821,0.456
23,False,0.427,0.588,7,-10.675,0,0.0417,0.602,0.0,0.122,0.763
16,False,0.604,0.951,6,-4.594,0,0.153,0.000574,0.00288,0.445,0.222
44,False,0.492,0.756,7,-4.927,1,0.0556,0.444,0.0,0.97,0.521
85,False,0.532,0.783,2,-5.697,1,0.0523,0.0038,0.0012,0.161,0.643
28,True,0.315,0.968,8,-4.161,1,0.155,0.00131,4.43e-06,0.426,0.349
49,False,0.425,0.792,7,-5.252,1,0.0505,0.319,0.0,0.128,0.367
56,False,0.274,0.387,5,-10.206,1,0.0304,0.499,0.000345,0.108,0.15
0,True,0.724,0.659,3,-5.735,0,0.0574,0.0195,0.00214,0.0535,0.475
73,False,0.508,0.889,7,-2.755,0,0.0862,0.0495,0.0,0.0984,0.332
33,False,0.71,0.453,0,-14.977,1,0.861,0.594,0.0,0.265,0.632
13,False,0.272,0.142,0,-22.839,1,0.0337,0.982,0.975,0.188,0.561
27,False,0.482,0.8,7,-5.419,1,0.0361,0.0832,0.0,0.209,0.549
48,False,0.609,0.471,9,-7.509,1,0.0262,0.26,0.23,0.121,0.33
36,False,0.479,0.655,5,-5.827,1,0.0365,0.723,0.947,0.0719,0.39
41,False,0.754,0.422,9,-12.66,1,0.294,0.0463,0.215,0.108,0.517
14,True,0.419,0.694,11,-11.148,0,0.369,0.00969,0.879,0.169,0.154
0,False,0.696,0.448,8,-9.099,1,0.0333,0.452,2.43e-05,0.0904,0.569
52,False,0.436,0.0695,7,-19.735,1,0.0298,0.858,0.0,0.107,0.255
56,False,0.575,0.857,11,-4.288,1,0.0456,0.0393,0.0,0.0919,0.888
61,False,0.734,0.355,10,-10.605,0,0.083,0.296,0.000135,0.124,0.584
60,False,0.864,0.277,0,-11.172,1,0.125,0.556,0.0115,0.0896,0.905
74,False,0.557,0.525,2,-6.324,1,0.149,0.524,0.0,0.113,0.362
0,False,0.418,0.845,0,-12.182,1,0.0415,0.572,0.144,0.115,0.202
29,False,0.674,0.739,4,-8.152,0,0.0298,0.0709,0.0,0.334,0.356
26,True,0.465,0.945,8,-4.827,1,0.111,0.000374,0.0,0.656,0.696
24,False,0.397,0.948,2,-4.177,1,0.0635,0.094,0.00648,0.177,0.767
0,False,0.751,0.467,10,-9.535,1,0.327,0.303,0.0,0.163,0.774
58,False,0.629,0.726,11,-8.161,0,0.0251,0.0578,0.0115,0.355,0.892
0,False,0.622,0.636,0,-7.397,1,0.0352,0.775,0.000161,0.136,0.759
52,False,0.864,0.414,1,-11.933,0,0.0408,0.196,0.0,0.299,0.971
76,False,0.516,0.764,2,-6.223,1,0.0366,0.0717,0.0,0.115,0.376
27,False,0.752,0.552,3,-6.47,1,0.0328,0.534,1.59e-05,0.114,0.888
59,False,0.63,0.9,4,-3.955,1,0.0387,0.000639,0.852,0.203,0.155
21,False,0.58,0.967,5,-3.361,1,0.0834,0.153,0.0,0.363,0.509
49,False,0.588,0.772,6,-4.444,1,0.0626,0.00562,0.0,0.239,0.729
45,False,0.401,0.177,5,-11.218,1,0.0359,0.938,8.49e-05,0.121,0.449
0,False,0.705,0.86,0,-4.684,1,0.0576,0.102,3.01e-05,0.0842,0.952
20,True,0.264,0.969,1,-5.12,1,0.166,8.81e-06,0.114,0.476,0.116
0,False,0.63,0.848,0,-4.592,1,0.0429,0.0834,4.34e-06,0.205,0.551
47,False,0.54,0.642,7,-9.579,0,0.0318,0.781,0.0,0.333,0.899
30,False,0.411,0.996,1,-2.392,1,0.0946,0.00351,0.236,0.267,0.762
5,False,0.811,0.667,7,-12.026,1,0.0693,0.000338,0.922,0.0948,0.505
52,True,0.795,0.715,9,-4.923,0,0.0779,0.248,0.0,0.138,0.689
23,False,0.649,0.448,8,-15.605,1,0.506,0.812,0.0,0.139,0.923
40,False,0.0832,0.00165,7,-19.851,1,0.156,2.69e-06,0.78,0.349,0.0
0,False,0.579,0.502,8,-7.57,1,0.0513,0.733,0.0,0.281,0.836
57,False,0.331,0.235,4,-13.816,0,0.0411,0.891,2.98e-06,0.107,0.252
25,False,0.236,0.186,6,-16.196,1,0.043,0.971,0.00608,0.121,0.0371
54,False,0.73,0.714,0,-2.979,1,0.107,0.0877,0.0,0.117,0.924
23,False,0.509,0.977,0,-3.894,1,0.227,0.177,0.00498,0.451,0.301
39,False,0.286,0.656,7,-7.638,1,0.038,0.00803,0.0,0.679,0.323
15,False,0.542,0.332,7,-6.409,1,0.0606,0.98,0.000708,0.136,0.546
39,False,0.631,0.548,7,-8.886,1,0.0275,0.81,0.0193,0.272,0.622
31,False,0.695,0.83,0,-5.222,1,0.0369,0.37,9.71e-06,0.194,0.808
21,False,0.538,0.553,7,-8.928,1,0.0391,0.742,0.165,0.108,0.647
28,False,0.446,0.406,6,-8.419,0,0.0405,0.195,0.0,0.141,0.197
20,False,0.406,0.0464,7,-23.242,1,0.0374,0.971,0.943,0.144,0.179
0,False,0.496,0.354,3,-9.983,1,0.0499,0.741,0.0,0.0865,0.705
26,False,0.104,0.0176,0,-32.272,1,0.0423,0.992,0.913,0.13,0.0396
48,False,0.632,0.266,2,-14.365,1,0.0257,0.96,0.00304,0.114,0.183
21,True,0.551,0.869,5,-7.627,1,0.946,0.929,0.0,0.636,0.313
0,False,0.786,0.696,1,-5.343,0,0.352,0.183,0.0,0.123,0.591
55,False,0.474,0.443,1,-11.422,1,0.0365,0.6,0.607,0.316,0.313
49,True,0.718,0.52,2,-8.405,1,0.0582,0.317,1.04e-06,0.118,0.384
60,False,0.668,0.965,7,-2.293,1,0.091,0.0579,0.000867,0.0566,0.722
31,False,0.967,0.666,7,-4.065,1,0.161,0.177,0.000748,0.0512,0.897
12,False,0.465,0.612,7,-9.36,1,0.0512,0.676,0.128,0.0747,0.467
38,False,0.302,0.725,11,-8.445,0,0.0684,0.00577,0.231,0.71,0.372
54,False,0.608,0.638,11,-6.008,0,0.0292,0.581,0.0172,0.448,0.439
39,False,0.439,0.715,2,-9.661,0,0.0763,0.484,0.0,0.116,0.283
0,False,0.663,0.849,11,-4.462,0,0.0334,0.0791,1.2e-06,0.192,0.722
18,False,0.686,0.556,1,-8.5,0,0.0271,0.532,0.0,0.0922,0.36
0,False,0.396,0.44,0,-9.062,1,0.0459,0.915,5.1e-05,0.697,0.18
64,True,0.512,0.996,2,-2.1,1,0.114,5.63e-05,0.000167,0.347,0.0601
17,False,0.685,0.736,11,-2.465,1,0.0377,0.013,0.0,0.191,0.39
43,False,0.673,0.497,9,-9.759,1,0.039,0.278,1.46e-06,0.255,0.378
12,False,0.703,0.541,7,-18.39,1,0.0469,0.0515,0.274,0.113,0.961
65,False,0.451,0.0873,3,-16.815,1,0.063,0.907,2.46e-06,0.355,0.456
27,False,0.556,0.766,0,-8.864,1,0.0393,0.283,1.76e-06,0.349,0.555
60,False,0.592,0.616,2,-7.227,0,0.0337,0.0917,0.0106,0.179,0.492
34,False,0.676,0.885,9,-8.482,0,0.1,0.0169,0.694,0.0909,0.0954
48,False,0.417,0.891,9,-4.55,0,0.0497,0.00366,4.84e-05,0.232,0.478
54,False,0.608,0.638,11,-6.008,0,0.0292,0.581,0.0172,0.448,0.439
28,False,0.808,0.395,7,-6.708,1,0.156,0.747,0.0,0.142,0.832
23,False,0.36,0.809,0,-7.637,1,0.04,0.119,0.0229,0.273,0.647
51,False,0.383,0.689,9,-8.44,1,0.0526,0.682,0.0,0.727,0.563
0,False,0.615,0.549,9,-12.159,1,0.0481,0.536,8.43e-06,0.0536,0.391
35,False,0.199,0.9,2,-14.243,0,0.117,0.301,0.989,0.441,0.0129
38,False,0.434,0.777,2,-9.252,0,0.103,0.538,0.0,0.935,0.405
37,False,0.704,0.639,2,-9.836,1,0.141,0.032,0.0,0.0503,0.839
17,False,0.448,0.997,2,-4.471,1,0.164,3.89e-05,0.00536,0.96,0.337
0,False,0.537,0.798,2,-5.929,1,0.0352,4.02e-06,0.205,0.174,0.598
20,False,0.272,0.247,5,-11.169,0,0.0333,0.905,0.0256,0.111,0.106
59,False,0.394,0.708,9,-5.401,1,0.0361,0.174,0.00728,0.139,0.551
28,False,0.638,0.857,4,-8.55,0,0.272,0.112,0.0,0.75,0.443
41,False,0.51,0.634,0,-3.918,1,0.0317,0.00574,0.0,0.07,0.236
35,False,0.188,0.00269,7,-35.534,1,0.0379,0.995,0.95,0.0834,0.0347
66,False,0.42,0.398,6,-9.13,0,0.0296,0.755,0.000537,0.172,0.364
42,False,0.799,0.602,11,-6.967,1,0.439,0.235,0.0,0.127,0.833
51,False,0.608,0.456,4,-8.576,0,0.0629,0.858,0.0,0.0719,0.362
10,False,0.85,0.566,9,-14.813,0,0.127,0.675,0.619,0.0643,0.939
36,False,0.762,0.763,0,-4.025,0,0.0996,0.583,3.72e-06,0.197,0.444
18,False,0.162,0.997,1,-4.532,1,0.0896,1.46e-05,0.988,0.358,0.0634
10,False,0.718,0.972,11,-3.401,0,0.123,0.437,0.0163,0.463,0.218
50,False,0.363,0.797,5,-9.68,1,0.0577,0.596,7.53e-06,0.168,0.735
49,False,0.503,0.96,5,-7.821,0,0.0479,0.00136,0.898,0.101,0.102
41,False,0.502,0.637,0,-7.789,1,0.0308,0.608,0.0,0.166,0.854
47,False,0.442,0.101,4,-15.898,0,0.0623,0.941,0.941,0.11,0.0655
63,False,0.488,0.134,7,-17.904,1,0.0327,0.76,0.219,0.0826,0.0507
51,False,0.492,0.794,5,-5.823,1,0.046,0.196,2.62e-06,0.873,0.683
55,False,0.294,0.591,7,-9.712,1,0.038,0.153,0.0,0.126,0.327
1,False,0.633,0.965,8,-2.717,0,0.19,0.0221,0.0,0.347,0.791
70,False,0.542,0.531,9,-7.481,1,0.0301,0.0033,1.51e-06,0.338,0.671
0,False,0.754,0.763,7,-4.627,0,0.0435,0.0301,2.23e-05,0.0901,0.464
47,False,0.781,0.809,2,-7.395,1,0.103,0.332,0.0,0.0787,0.745
0,False,0.283,0.983,2,-7.606,1,0.201,0.0241,0.0,0.0435,0.26
58,False,0.398,0.909,5,-2.493,1,0.0593,0.714,0.000553,0.286,0.644
7,False,0.58,0.695,6,-8.244,0,0.0671,0.00638,0.0,0.174,0.402
44,False,0.321,0.0822,7,-19.555,0,0.0334,0.991,0.924,0.128,0.102
36,False,0.72,0.64,8,-7.577,1,0.0461,0.42,0.0,0.117,0.581
13,False,0.82,0.579,8,-5.037,1,0.0413,0.000825,0.00647,0.0372,0.658
56,True,0.741,0.667,6,-3.975,1,0.0401,0.37,0.0,0.0795,0.559
57,False,0.549,0.139,8,-12.539,1,0.0288,0.946,2.93e-06,0.145,0.34
0,True,0.737,0.607,0,-3.599,1,0.0835,0.194,0.11,0.132,0.528
0,False,0.105,0.154,1,-14.355,1,0.0334,0.946,0.895,0.0683,0.0756
34,False,0.36,0.995,5,-4.435,0,0.104,0.000595,0.000703,0.193,0.139
0,False,0.365,0.0289,1,-27.855,1,0.0419,0.995,0.947,0.12,0.477
0,False,0.52,0.981,6,-2.575,0,0.11,0.00547,3.52e-06,0.314,0.522
0,False,0.673,0.534,4,-14.0,0,0.0692,0.715,0.0,0.161,0.742
22,True,0.599,0.369,6,-20.816,1,0.962,0.921,0.0,0.696,0.494
0,False,0.589,0.838,10,-5.945,0,0.0417,0.00587,0.228,0.379,0.322
47,False,0.738,0.721,3,-5.798,0,0.0738,0.00963,0.00156,0.153,0.377
19,False,0.631,0.252,7,-16.033,1,0.0371,0.673,2.27e-05,0.0855,0.194
15,False,0.435,0.094,7,-25.717,1,0.0451,0.995,0.915,0.181,0.818
73,False,0.385,0.783,9,-2.533,1,0.233,0.000269,0.47,0.108,0.902
5,False,0.757,0.757,5,-7.903,0,0.0509,0.171,0.718,0.107,0.514
40,False,0.426,0.951,7,-8.2,1,0.0989,0.00053,0.0,0.475,0.394
49,False,0.365,0.978,9,-6.314,1,0.0698,0.00016,0.00241,0.206,0.108
63,False,0.523,0.687,7,-5.601,1,0.105,0.0215,2.86e-06,0.203,0.711
51,False,0.619,0.277,11,-11.771,1,0.0322,0.892,0.0542,0.116,0.435
51,False,0.447,0.575,10,-7.011,0,0.0517,0.0296,2.82e-06,0.105,0.158
40,False,0.803,0.879,10,-10.16,0,0.0658,0.0228,0.917,0.103,0.0691
41,False,0.378,0.7,7,-6.401,0,0.0314,0.000379,0.000767,0.257,0.136
18,False,0.48,0.879,3,-4.086,1,0.0353,0.0156,0.0151,0.271,0.492
15,False,0.511,0.375,2,-13.008,0,0.0275,0.367,0.94,0.0944,0.0995
33,False,0.279,0.999,4,-19.394,1,0.0509,0.914,0.433,0.954,0.00159
62,False,0.83,0.661,7,-5.49,1,0.0426,0.00499,2.23e-05,0.146,0.474
1,False,0.421,0.464,2,-14.075,1,0.0396,0.586,0.918,0.108,0.167
45,False,0.424,0.781,9,-7.505,0,0.0663,0.432,2.84e-06,0.99,0.501
0,False,0.459,0.89,1,-3.246,1,0.0487,0.451,0.11,0.306,0.447
22,False,0.531,0.948,11,-6.403,1,0.0482,0.00337,0.0173,0.785,0.342
38,False,0.683,0.875,4,-8.121,0,0.0895,0.298,0.0,0.916,0.607
32,False,0.542,0.388,2,-8.589,1,0.0352,0.77,0.0,0.144,0.386
33,False,0.722,0.892,5,-7.197,0,0.0361,0.000348,0.911,0.102,0.437
44,False,0.522,0.544,1,-5.183,0,0.0426,0.399,0.0,0.144,0.435
48,False,0.727,0.564,9,-9.797,1,0.0567,0.707,0.0,0.104,0.616
20,False,0.423,0.922,8,-5.051,1,0.218,0.00642,0.439,0.21,0.283
32,False,0.565,0.971,4,-2.333,1,0.0569,0.049,0.0,0.332,0.44
43,False,0.359,0.501,2,-8.621,1,0.0294,0.151,2.31e-06,0.11,0.077
23,False,0.294,0.453,6,-7.215,0,0.0312,0.0528,0.0,0.107,0.122
43,True,0.865,0.635,6,-8.51,0,0.115,0.0902,0.0,0.0763,0.662
38,False,0.334,0.498,10,-13.368,0,0.0466,0.298,0.153,0.722,0.2
61,False,0.66,0.407,7,-8.381,1,0.0571,0.236,0.0,0.109,0.257
16,False,0.614,0.971,1,-3.827,0,0.172,0.000112,0.0808,0.426,0.741
16,False,0.494,0.409,2,-4.616,1,0.0515,0.908,0.0855,0.369,0.446
30,False,0.601,0.716,0,-2.8,1,0.0389,0.796,0.0,0.227,0.622
0,True,0.743,0.467,0,-5.429,1,0.0632,0.0344,0.0391,0.0716,0.125
57,False,0.708,0.545,6,-7.376,1,0.0502,0.648,0.0,0.121,0.935
28,False,0.69,0.57,11,-11.993,0,0.0475,0.227,0.0,0.142,0.506
47,False,0.42,0.666,3,-9.957,1,0.077,0.818,0.123,0.377,0.653
30,False,0.611,0.386,0,-11.599,1,0.0294,0.117,5.33e-06,0.696,0.485
0,True,0.84,0.831,7,-1.937,1,0.303,0.0367,2.59e-06,0.0703,0.884
42,True,0.725,0.659,8,-4.992,0,0.0399,0.157,6.22e-06,0.111,0.66
77,False,0.705,0.526,6,-6.359,1,0.327,0.509,0.000106,0.0742,0.671
59,False,0.78,0.427,5,-8.371,0,0.126,0.128,1.75e-05,0.0697,0.526
22,False,0.464,0.211,2,-19.716,0,0.0387,0.916,0.506,0.0819,0.271
79,False,0.595,0.717,0,-4.803,1,0.0295,0.0779,0.00274,0.108,0.547
34,False,0.46,0.962,1,-3.112,1,0.046,0.00637,0.0,0.367,0.656
62,False,0.513,0.522,1,-7.569,1,0.0295,0.0634,0.0,0.121,0.336
0,False,0.522,0.148,8,-15.579,1,0.0367,0.766,0.0,0.204,0.643
36,False,0.486,0.95,6,-2.726,1,0.101,0.153,0.0,0.3,0.638
18,False,0.384,0.554,3,-8.856,1,0.243,0.457,0.000878,0.1,0.372
44,False,0.464,0.829,7,-3.93,1,0.0377,0.0107,0.0371,0.61,0.238
26,False,0.628,0.868,5,-5.37,1,0.037,0.0308,0.000154,0.245,0.929
21,False,0.816,0.505,11,-8.266,1,0.23,0.0926,0.0,0.104,0.534
47,False,0.677,0.947,1,-3.814,1,0.0538,0.0014,0.0688,0.0712,0.798
34,False,0.637,0.791,7,-9.023,0,0.0405,0.439,0.000225,0.108,0.813
50,False,0.502,0.83,9,-4.849,1,0.0554,0.00982,5.48e-05,0.0728,0.545
84,True,0.872,0.391,0,-9.144,0,0.242,0.469,4.13e-06,0.297,0.437
37,False,0.507,0.818,1,-7.535,0,0.1,0.804,0.0,0.976,0.762
20,False,0.483,0.402,2,-14.097,1,0.0627,0.868,5.66e-06,0.969,0.717
20,False,0.173,0.473,6,-8.528,0,0.043,0.626,0.00308,0.0737,0.15
61,False,0.447,0.476,6,-11.007,1,0.0343,0.891,0.0,0.323,0.563
41,False,0.767,0.731,4,-3.118,0,0.0361,0.356,0.0,0.15,0.444
0,False,0.0965,0.2,10,-16.97,1,0.0393,0.967,0.958,0.169,0.238
16,False,0.574,0.404,3,-9.973,1,0.0258,0.167,0.000769,0.0576,0.0667
1,False,0.708,0.76,0,-3.02,1,0.0934,0.0104,8.35e-06,0.0462,0.706
25,False,0.563,0.95,4,-3.127,0,0.0395,0.00121,0.0157,0.897,0.176
32,False,0.492,0.64,7,-9.152,1,0.0723,0.568,0.178,0.156,0.556
33,False,0.54,0.389,5,-12.257,1,0.0305,0.637,0.0,0.815,0.322
17,False,0.44,0.968,10,-4.208,0,0.0842,6.56e-05,0.553,0.667,0.092
19,False,0.571,0.988,11,-3.588,1,0.131,0.0383,0.00288,0.0421,0.82
43,False,0.606,0.706,2,-5.601,1,0.0288,0.00323,2.18e-05,0.0739,0.687
43,False,0.355,0.404,0,-10.344,1,0.0419,0.841,0.0,0.909,0.374
3,False,0.689,0.623,5,-5.025,0,0.0621,0.254,0.0,0.113,0.546
0,False,0.628,0.928,3,-4.431,0,0.297,0.527,0.0,0.143,0.609
26,False,0.546,0.517,2,-7.28,1,0.0409,0.893,0.000204,0.125,0.803
0,True,0.807,0.606,3,-8.871,0,0.0872,0.0946,0.0,0.119,0.304
24,False,0.869,0.764,1,-9.12,1,0.0793,0.0551,0.000161,0.452,0.529
66,False,0.468,0.838,6,-5.756,0,0.0433,9.42e-05,0.196,0.0896,0.259
1,False,0.735,0.804,0,-2.405,1,0.0979,0.0371,0.000636,0.102,0.725
49,False,0.282,0.97,7,-4.086,1,0.18,6.35e-06,0.358,0.385,0.0391
51,False,0.245,0.861,2,-8.728,1,0.0415,0.000256,0.871,0.216,0.483
44,False,0.552,0.928,4,-6.613,1,0.0431,0.0424,0.0325,0.117,0.581
62,True,0.682,0.587,8,-12.296,1,0.222,0.127,0.78,0.119,0.292
67,False,0.82,0.907,7,-4.517,1,0.0607,0.655,4.85e-05,0.0816,0.834
28,False,0.738,0.689,8,-7.994,1,0.0513,0.0179,0.573,0.111,0.488
56,False,0.392,0.7,1,-4.549,0,0.0328,0.31,0.0,0.247,0.392
15,False,0.748,0.276,2,-11.203,0,0.0403,0.879,0.00148,0.0615,0.964
38,False,0.64,0.82,11,-5.232,1,0.0646,0.396,0.0,0.136,0.73
55,False,0.742,0.947,0,-3.749,1,0.0321,0.0906,0.0221,0.0721,0.88
1,False,0.755,0.767,1,-4.446,1,0.0535,0.00459,8.28e-06,0.0618,0.321
34,False,0.715,0.735,10,-7.409,1,0.12,0.473,0.00116,0.146,0.849
44,False,0.602,0.638,7,-7.761,1,0.0372,0.217,0.015,0.0856,0.52
0,False,0.678,0.752,11,-4.242,1,0.212,0.071,5.15e-06,0.0963,0.662
40,False,0.539,0.393,11,-6.499,0,0.0247,0.814,3.82e-05,0.113,0.235
60,False,0.686,0.677,1,-7.064,1,0.162,0.153,0.0,0.0906,0.365
25,False,0.585,0.555,5,-7.005,1,0.0293,0.0366,0.000618,0.0595,0.0757
11,False,0.55,0.963,2,-5.618,1,0.0426,5.06e-05,0.893,0.0837,0.635
46,False,0.652,0.368,6,-9.929,1,0.0317,0.654,0.0,0.115,0.314
22,False,0.529,0.363,7,-13.256,1,0.133,0.963,2.71e-06,0.498,0.892
0,False,0.579,0.502,8,-7.57,1,0.0513,0.733,0.0,0.281,0.836
47,False,0.424,0.705,9,-14.348,1,0.133,0.5,0.473,0.78,0.0869
40,True,0.422,0.986,2,-3.817,1,0.127,3.66e-05,0.791,0.201,0.306
39,False,0.469,0.914,1,-3.384,1,0.0493,0.000797,9.78e-05,0.0911,0.721
45,False,0.579,0.924,9,-4.634,1,0.0982,0.615,0.0,0.296,0.916
35,False,0.534,0.674,1,-13.005,0,0.04,0.0439,0.858,0.319,0.0333
30,True,0.754,0.747,5,-4.896,0,0.0483,0.613,1.45e-06,0.0819,0.963
16,False,0.284,0.986,0,-4.618,0,0.129,5.99e-06,5.3e-06,0.0837,0.236
38,False,0.768,0.27,7,-17.331,1,0.0743,0.725,0.931,0.11,0.285
0,True,0.877,0.607,1,-6.736,1,0.102,0.00181,1.69e-05,0.107,0.131
65,False,0.48,0.369,7,-8.766,1,0.0405,0.835,0.0,0.1,0.548
48,False,0.282,0.154,9,-22.065,1,0.0444,0.833,0.88,0.0809,0.0383
29,False,0.643,0.519,7,-7.967,1,0.0458,0.834,6.86e-06,0.0899,0.85
46,False,0.731,0.317,6,-13.775,1,0.0358,0.812,0.149,0.106,0.33
48,False,0.579,0.632,0,-5.616,1,0.0282,0.369,0.0,0.805,0.223
46,False,0.671,0.525,3,-6.947,1,0.0277,0.745,0.0,0.126,0.494
0,True,0.772,0.396,0,-7.974,1,0.0484,0.575,0.00149,0.105,0.643
0,False,0.518,0.948,6,-5.579,0,0.0676,0.00512,0.0996,0.228,0.548
48,False,0.532,0.443,10,-9.69,1,0.0269,0.674,0.0,0.117,0.19
15,False,0.61,0.234,0,-15.176,1,0.0385,0.851,7.73e-05,0.129,0.156
37,False,0.413,0.918,9,-6.683,1,0.0414,0.0292,0.0,0.305,0.898
27,False,0.635,0.86,5,-4.188,0,0.0409,0.017,0.0548,0.0941,0.717
2,False,0.271,0.648,8,-5.664,1,0.051,0.248,0.0,0.121,0.261
0,False,0.838,0.602,6,-8.279,0,0.173,0.0311,6.43e-05,0.0887,0.793
43,True,0.8,0.63,7,-10.236,1,0.481,0.385,0.0,0.119,0.441
20,False,0.486,0.785,7,-7.626,1,0.0484,0.161,0.0,0.359,0.88
16,False,0.76,0.977,8,-4.576,1,0.0887,0.00646,0.699,0.2,0.632
0,False,0.532,0.514,7,-7.072,0,0.0322,0.535,0.0,0.105,0.534
0,False,0.629,0.538,2,-6.79,1,0.0244,0.461,0.0,0.123,0.205
37,False,0.576,0.292,2,-9.575,0,0.0388,0.855,2.52e-06,0.0856,0.576
0,False,0.82,0.783,2,-4.266,1,0.141,0.0519,0.0,0.111,0.52
49,False,0.545,0.861,3,-4.819,0,0.034,0.0624,0.0,0.131,0.279
60,False,0.874,0.412,0,-5.746,0,0.0313,0.035,0.00684,0.102,0.56
57,False,0.547,0.43,6,-10.917,1,0.0311,0.679,0.396,0.112,0.501
0,False,0.623,0.727,11,-5.57,0,0.0562,0.184,2.02e-05,0.309,0.4
39,False,0.55,0.638,7,-10.438,1,0.0259,0.000421,0.0558,0.108,0.6
64,False,0.533,0.251,7,-11.283,0,0.0372,0.873,0.104,0.134,0.186
26,False,0.531,0.96,7,-6.42,1,0.0907,9.95e-05,0.649,0.0766,0.377
44,False,0.46,0.738,8,-4.928,1,0.057,0.698,0.127,0.267,0.942
35,False,0.6,0.386,7,-7.616,1,0.024,0.736,2.49e-06,0.111,0.406
34,False,0.46,0.8,1,-7.835,1,0.061,0.0163,0.412,0.105,0.111
35,True,0.617,0.845,4,-8.553,1,0.0566,0.455,0.000194,0.231,0.959
22,False,0.48,0.81,8,-7.323,1,0.847,0.807,0.0,0.855,0.412
0,False,0.881,0.592,2,-4.898,1,0.0324,0.619,1.32e-05,0.0901,0.719
55,False,0.543,0.787,7,-3.211,0,0.0371,0.0807,0.0,0.122,0.372
8,False,0.775,0.838,10,-14.78,0,0.0616,0.00676,0.9,0.0835,0.671
33,False,0.589,0.715,0,-5.775,1,0.0344,0.286,0.0,0.205,0.628
29,False,0.599,0.485,5,-6.864,0,0.0778,0.786,0.755,0.304,0.332
42,False,0.695,0.534,2,-10.166,1,0.049,0.494,0.0,0.197,0.533
0,False,0.342,0.991,2,-2.836,1,0.125,2.44e-05,0.049,0.404,0.242
12,False,0.233,0.906,8,-4.474,1,0.216,0.0503,0.252,0.0986,0.16
11,False,0.487,0.276,4,-15.838,1,0.0267,0.688,0.000138,0.167,0.332
33,False,0.342,0.989,8,-2.03,0,0.109,0.0021,0.016,0.0711,0.735
40,False,0.555,0.641,4,-3.68,1,0.0288,0.257,0.0,0.117,0.344
73,False,0.385,0.783,9,-2.533,1,0.233,0.000269,0.47,0.108,0.902
16,False,0.412,0.997,5,-4.912,0,0.102,1.99e-05,0.349,0.263,0.0743
51,False,0.555,0.114,2,-11.701,1,0.0696,0.967,2.94e-06,0.262,0.293
32,False,0.526,0.173,5,-17.883,1,0.038,0.986,0.932,0.0948,0.428
22,False,0.491,0.892,5,-2.653,1,0.0795,0.0796,0.0,0.0663,0.5
35,False,0.433,0.576,10,-11.675,1,0.352,0.589,0.0,0.729,0.704
54,False,0.67,0.0781,7,-24.643,1,0.0995,0.892,0.712,0.11,0.365
28,True,0.245,0.978,11,-2.965,0,0.265,0.000496,0.487,0.116,0.386
23,False,0.334,0.992,0,-3.185,1,0.111,1.24e-05,0.000209,0.0895,0.696
45,False,0.69,0.524,4,-6.755,1,0.0249,0.437,0.0,0.152,0.536
36,False,0.52,0.942,7,-3.665,1,0.0472,0.000632,9.78e-06,0.378,0.852
61,False,0.845,0.563,8,-9.488,1,0.0439,0.628,0.0,0.0614,0.969
62,False,0.255,0.174,9,-19.217,1,0.0379,0.805,0.00911,0.335,0.0829
0,False,0.904,0.817,8,-3.956,1,0.0871,0.0254,0.000141,0.232,0.753
61,False,0.593,0.951,6,-1.335,0,0.0697,0.0142,1.13e-06,0.0961,0.64
64,False,0.525,0.131,0,-12.787,1,0.458,0.983,0.00433,0.12,0.811
23,False,0.537,0.689,7,-4.663,1,0.0296,0.0647,0.0,0.562,0.651
2,False,0.765,0.816,1,-3.99,1,0.0595,0.124,8.19e-05,0.197,0.624
60,False,0.592,0.616,2,-7.227,0,0.0337,0.0917,0.0106,0.179,0.492
0,False,0.578,0.182,8,-10.424,1,0.0444,0.825,5e-06,0.144,0.477
59,False,0.607,0.347,7,-12.241,1,0.0369,0.695,0.0,0.121,0.644
39,False,0.577,0.662,11,-12.477,0,0.042,0.166,0.806,0.0908,0.542
60,False,0.71,0.639,1,-10.024,1,0.0367,0.0443,0.0151,0.231,0.869
75,False,0.64,0.922,9,-6.283,0,0.0385,0.00369,0.055,0.332,0.716
60,False,0.565,0.744,7,-5.817,1,0.0446,0.403,0.0,0.0853,0.415
58,True,0.529,0.897,1,-4.713,0,0.0726,0.221,0.0,0.0399,0.885
17,True,0.164,0.949,1,-11.465,0,0.0709,2.64e-06,0.62,0.22,0.0584
11,False,0.66,0.183,10,-14.816,1,0.0328,0.928,0.0,0.128,0.426
33,False,0.882,0.55,9,-6.004,1,0.0594,0.014,0.00434,0.0821,0.838
0,False,0.655,0.728,0,-11.714,0,0.0321,0.752,0.00188,0.609,0.966
57,False,0.756,0.6,6,-9.658,1,0.0547,0.307,0.377,0.0953,0.12
60,False,0.567,0.577,11,-6.197,0,0.0264,0.628,0.0,0.132,0.217
0,False,0.556,0.0765,6,-30.873,1,0.655,0.928,0.000128,0.18,0.251
0,False,0.492,0.935,5,-3.755,1,0.0615,0.596,0.00127,0.445,0.905
30,False,0.759,0.392,9,-10.802,0,0.369,0.0574,0.0,0.143,0.574
51,False,0.561,0.624,8,-7.44,0,0.0393,0.0698,0.000152,0.12,0.559
67,False,0.459,0.304,2,-10.107,1,0.136,0.967,1.95e-05,0.0951,0.072
39,False,0.485,0.602,0,-4.794,0,0.0311,0.642,0.0,0.183,0.213
0,False,0.302,0.096,2,-28.927,0,0.0309,0.972,0.903,0.098,0.382
2,False,0.654,0.63,10,-4.644,1,0.0259,0.149,0.0,0.111,0.43
14,False,0.383,0.969,1,-4.961,1,0.181,2.05e-05,0.779,0.381,0.189
0,False,0.506,0.291,7,-13.733,1,0.0418,0.847,0.0089,0.124,0.161
49,False,0.431,0.916,11,-8.012,0,0.0602,9.98e-05,0.755,0.396,0.355
53,False,0.551,0.297,7,-14.998,0,0.0317,0.737,0.0,0.231,0.237
64,False,0.813,0.849,9,-4.719,1,0.0617,0.0162,0.000108,0.0765,0.535
26,False,0.243,0.968,4,-2.618,1,0.103,0.00258,0.0696,0.139,0.141
53,False,0.454,0.666,3,-8.193,1,0.0379,0.758,2.89e-05,0.275,0.894
55,False,0.745,0.98,2,-2.639,1,0.105,0.0397,0.303,0.337,0.733
68,False,0.729,0.894,0,-4.054,1,0.0798,0.0612,0.0,0.36,0.757
0,False,0.37,0.993,1,-4.213,0,0.0753,0.000122,0.916,0.347,0.138
29,False,0.709,0.94,9,-2.961,1,0.142,0.0111,0.0,0.908,0.678
1,False,0.707,0.944,9,-3.967,1,0.0349,0.0174,0.0765,0.429,0.819
42,False,0.535,0.64,7,-3.055,1,0.0286,0.28,1.29e-05,0.101,0.388
0,False,0.451,0.803,0,-4.932,1,0.0398,0.208,0.0,0.0764,0.145
77,False,0.521,0.895,7,-5.242,1,0.0442,5.54e-05,0.349,0.0985,0.237
24,False,0.897,0.534,1,-5.729,1,0.229,0.0138,2.54e-05,0.125,0.571
47,False,0.52,0.204,6,-13.159,0,0.0336,0.963,0.0845,0.0891,0.344
42,False,0.581,0.72,2,-5.77,1,0.0407,0.0014,0.000193,0.235,0.109
41,False,0.596,0.358,0,-12.993,1,0.0255,0.9,0.0503,0.108,0.43
61,False,0.734,0.529,0,-10.198,1,0.0346,0.392,0.0,0.11,0.58
64,False,0.652,0.433,7,-12.843,1,0.0588,0.134,7.37e-06,0.146,0.675
5,False,0.379,0.177,9,-22.892,1,0.0324,0.902,0.957,0.117,0.1
30,False,0.805,0.79,5,-3.903,1,0.0292,0.44,0.000616,0.0639,0.703
24,False,0.773,0.869,1,-6.239,1,0.0689,0.0617,5.41e-05,0.102,0.426
47,False,0.621,0.667,2,-3.83,1,0.0815,0.244,8.08e-05,0.0859,0.601
86,False,0.575,0.568,9,-5.509,0,0.03,0.0484,0.000417,0.286,0.37
28,False,0.716,0.766,0,-9.755,0,0.0498,0.0382,0.0532,0.286,0.644
44,False,0.539,0.871,9,-4.263,1,0.0549,0.0027,0.00338,0.16,0.144
54,False,0.31,0.825,1,-4.53,1,0.0563,0.00356,0.0,0.641,0.475
67,False,0.612,0.749,0,-5.014,1,0.0446,0.615,0.0,0.167,0.574
31,False,0.431,0.295,3,-12.544,1,0.0379,0.816,4.21e-06,0.198,0.421
33,False,0.094,0.145,6,-19.492,0,0.0386,0.989,0.967,0.0884,0.0371
29,False,0.515,0.262,9,-12.95,1,0.239,0.978,6.9e-05,0.639,0.647
65,False,0.511,0.556,11,-5.505,0,0.0321,0.536,8.95e-06,0.1,0.339
33,False,0.551,0.859,2,-5.364,1,0.0552,0.503,0.832,0.0911,0.889
0,False,0.674,0.58,0,-8.081,1,0.0312,0.311,2.41e-05,0.198,0.305
0,False,0.686,0.912,10,-3.411,1,0.0685,0.0533,0.0,0.392,0.511
6,False,0.727,0.643,7,-7.381,1,0.0656,0.312,0.00147,0.114,0.791
31,False,0.81,0.8,10,-5.693,0,0.297,0.172,0.0,0.112,0.608
74,False,0.577,0.604,5,-5.703,1,0.0495,0.000218,0.000579,0.477,0.637
23,False,0.568,0.908,10,-12.43,0,0.0546,0.00236,0.31,0.0675,0.814
1,False,0.791,0.866,6,-4.236,1,0.0496,0.248,5.29e-06,0.0696,0.71
37,False,0.643,0.741,10,-4.635,1,0.0305,0.395,0.0,0.0652,0.862
21,False,0.133,0.884,0,-7.043,1,0.11,1.83e-05,0.153,0.333,0.238
81,False,0.774,0.792,10,-4.021,1,0.0523,0.051,0.0,0.155,0.507
44,False,0.694,0.955,6,-3.818,1,0.106,0.000705,0.773,0.227,0.653
35,False,0.562,0.876,5,-4.999,0,0.0356,0.00127,0.00513,0.265,0.547
7,False,0.647,0.801,1,-2.946,0,0.249,0.0451,0.0,0.0628,0.517
30,False,0.746,0.649,11,-10.096,0,0.0327,0.587,1.23e-05,0.134,0.654
5,False,0.814,0.67,8,-10.766,1,0.0445,2.72e-05,0.936,0.103,0.58
48,False,0.665,0.777,10,-2.116,1,0.0399,0.427,0.0,0.115,0.842
11,False,0.85,0.496,6,-9.895,1,0.0607,0.0133,0.0,0.176,0.896
39,False,0.487,0.531,9,-4.762,1,0.0266,0.131,0.0,0.0973,0.296
61,False,0.705,0.597,1,-8.817,0,0.0406,0.393,0.838,0.103,0.465
39,False,0.83,0.509,4,-11.522,0,0.129,0.0581,0.0,0.333,0.21
0,False,0.222,0.169,11,-22.07,0,0.0492,0.993,0.925,0.0965,0.428
63,False,0.696,0.678,6,-5.679,0,0.0391,0.441,0.0,0.069,0.517
17,False,0.603,0.67,7,-8.638,0,0.0446,0.504,0.824,0.081,0.314
38,False,0.479,0.672,5,-8.537,0,0.0353,0.588,0.0,0.277,0.607
49,False,0.215,0.0223,7,-28.528,0,0.0432,0.991,0.922,0.105,0.253
52,False,0.602,0.388,0,-12.098,0,0.0536,0.334,3.7e-05,0.126,0.3
55,False,0.741,0.902,6,-4.695,0,0.0551,0.0633,0.337,0.143,0.743
53,False,0.564,0.792,2,-3.297,1,0.0688,0.342,0.0,0.697,0.586
22,False,0.472,0.268,11,-14.291,0,0.237,0.815,0.0,0.497,0.56
1,False,0.423,0.493,2,-9.569,0,0.0374,0.1,5.95e-06,0.0797,0.522
45,False,0.584,0.922,7,-5.513,1,0.0422,0.0216,0.0015,0.963,0.76
53,False,0.622,0.856,11,-4.185,0,0.201,0.0514,0.0,0.225,0.192
42,False,0.894,0.67,7,-6.183,1,0.0986,0.00622,0.372,0.097,0.353
1,False,0.586,0.906,0,-8.235,1,0.0564,0.000837,0.019,0.0958,0.748
36,False,0.663,0.561,3,-9.92,0,0.0345,0.106,0.0242,0.144,0.865
44,False,0.39,0.802,0,-3.816,1,0.0537,0.0632,8.54e-06,0.383,0.237
20,False,0.532,0.968,1,-4.504,0,0.0509,0.00355,0.799,0.0871,0.116
21,False,0.631,0.766,3,-7.784,1,0.0294,0.242,0.000681,0.0877,0.681
62,False,0.57,0.931,4,-5.78,0,0.0503,0.0429,0.0,0.375,0.4
14,False,0.815,0.872,6,-7.308,0,0.0484,0.0754,0.876,0.122,0.494
22,False,0.662,0.935,4,-7.977,0,0.0455,0.000576,0.906,0.285,0.102
46,False,0.591,0.699,4,-5.143,0,0.114,0.409,0.000866,0.168,0.852
17,False,0.0901,0.99,0,-2.523,1,0.199,1.84e-06,0.000185,0.337,0.0745
22,False,0.526,0.445,4,-11.845,1,0.0362,0.815,4.04e-05,0.0999,0.828
13,False,0.85,0.832,6,-9.934,1,0.0835,0.00949,0.863,0.0991,0.37
26,False,0.48,0.925,6,-4.449,1,0.0538,1.8e-05,8.96e-06,0.14,0.46
0,False,0.585,0.309,4,-12.274,0,0.0945,0.992,0.918,0.0558,0.578
38,False,0.316,0.653,6,-7.926,1,0.0711,0.388,1.76e-06,0.0907,0.317
36,False,0.404,0.728,1,-12.82,1,0.071,0.221,0.0,0.408,0.771
19,False,0.61,0.951,1,-4.659,1,0.0709,0.0197,5.33e-05,0.119,0.856
21,True,0.769,0.589,2,-9.719,1,0.0477,0.096,0.0413,0.115,0.549
15,False,0.71,0.431,9,-6.76,1,0.0353,0.862,0.00138,0.101,0.679
48,False,0.449,0.827,3,-6.883,0,0.0282,0.317,0.835,0.443,0.877
21,False,0.288,0.947,0,-2.975,1,0.0638,0.223,0.0,0.254,0.432
17,False,0.709,0.854,11,-5.016,0,0.247,0.492,0.0,0.11,0.816
51,False,0.572,0.913,10,-8.185,0,0.0429,0.00493,0.629,0.0702,0.198
33,False,0.59,0.714,9,-5.962,0,0.0293,0.0031,0.00418,0.329,0.683
40,False,0.403,0.955,1,-4.692,1,0.0606,3.8e-06,0.872,0.101,0.682
34,False,0.614,0.417,11,-10.491,1,0.0275,0.453,1.1e-05,0.199,0.309
63,False,0.556,0.939,11,-5.99,1,0.039,0.00245,0.915,0.121,0.152
1,False,0.522,0.585,7,-7.205,1,0.129,0.00208,0.0,0.0909,0.411
57,False,0.638,0.365,8,-15.98,0,0.0437,0.797,0.934,0.112,0.17
0,False,0.647,0.876,10,-5.662,1,0.185,0.881,3.59e-05,0.26,0.949
58,False,0.604,0.665,2,-4.244,1,0.049,0.607,1.33e-05,0.0832,0.702
50,False,0.575,0.216,0,-11.18,1,0.0331,0.905,2.5e-06,0.0991,0.309
46,False,0.384,0.648,4,-6.734,1,0.0365,0.0314,0.0,0.0883,0.261
26,False,0.576,0.645,9,-4.608,0,0.0287,0.234,0.0,0.112,0.767
52,True,0.673,0.734,7,-2.864,1,0.211,0.000331,0.0,0.354,0.391
24,True,0.365,0.728,2,-21.023,1,0.889,0.814,4.22e-06,0.93,0.196
20,False,0.697,0.878,9,-7.686,0,0.0601,0.0557,0.000552,0.0918,0.751
28,False,0.337,0.227,4,-19.676,1,0.0432,0.983,0.88,0.351,0.87
21,False,0.714,0.612,9,-11.509,1,0.0309,0.491,7.17e-06,0.762,0.469
48,False,0.614,0.278,2,-14.636,1,0.0319,0.897,1.99e-06,0.0722,0.316
53,False,0.741,0.619,1,-11.366,0,0.0514,0.661,0.674,0.125,0.146
22,False,0.747,0.597,2,-6.68,1,0.0606,0.929,0.367,0.211,0.892
65,False,0.775,0.723,10,-3.479,0,0.0486,0.17,0.000672,0.0579,0.604
0,False,0.715,0.92,0,-3.853,1,0.0712,0.0505,0.0,0.146,0.491
41,False,0.587,0.481,10,-5.277,1,0.0369,0.168,2.63e-06,0.602,0.508
17,True,0.299,0.955,0,-4.27,0,0.116,2.69e-06,0.634,0.358,0.568
33,False,0.693,0.907,0,-6.182,1,0.0437,0.00106,0.084,0.0875,0.768
28,False,0.495,0.852,0,-5.487,1,0.0451,0.000121,0.000483,0.136,0.466
1,True,0.533,0.389,0,-9.175,1,0.0542,0.18,0.0,0.112,0.248
41,True,0.684,0.832,7,-7.19,1,0.138,0.000363,0.232,0.0978,0.403
33,False,0.486,0.871,5,-4.928,1,0.0447,9.98e-05,0.806,0.107,0.286
53,False,0.694,0.573,9,-9.218,1,0.125,0.371,0.0,0.124,0.772
30,False,0.405,0.45,2,-7.2,1,0.0346,0.587,0.0,0.288,0.652
0,False,0.413,0.0417,1,-19.916,1,0.035,0.948,0.0,0.12,0.225
62,False,0.691,0.796,11,-3.797,0,0.11,0.111,2.93e-05,0.118,0.407
56,False,0.793,0.747,7,-4.854,0,0.165,0.0694,0.0,0.0828,0.57
39,False,0.604,0.5,11,-8.427,0,0.0745,0.674,0.00136,0.172,0.707
57,False,0.502,0.613,10,-6.419,1,0.0295,0.0153,0.0,0.301,0.271
42,False,0.608,0.741,5,-6.537,1,0.0266,0.0858,0.00044,0.124,0.667
41,False,0.747,0.82,4,-6.197,0,0.05,0.484,0.0,0.0845,0.934
25,False,0.587,0.557,7,-8.399,1,0.034,0.748,8.77e-05,0.127,0.4
0,False,0.606,0.737,8,-5.745,1,0.0321,0.134,0.0,0.057,0.65
0,False,0.404,0.272,1,-11.765,1,0.0286,0.264,0.0,0.0528,0.326
15,True,0.761,0.365,7,-10.69,1,0.425,0.151,0.00617,0.235,0.434
55,False,0.403,0.598,8,-5.735,1,0.0241,0.198,0.0,0.101,0.294
52,False,0.613,0.508,7,-8.489,1,0.0343,0.275,8.28e-06,0.0809,0.327
51,False,0.384,0.833,11,-9.797,0,0.0779,0.000777,0.00489,0.18,0.357
63,False,0.539,0.489,2,-8.456,1,0.0635,0.59,0.0,0.197,0.515
60,False,0.459,0.563,9,-6.369,0,0.0263,0.39,1.98e-06,0.107,0.0961
30,False,0.42,0.223,4,-10.533,0,0.0346,0.946,0.0,0.0933,0.183
75,False,0.849,0.701,6,-4.407,0,0.06,0.407,0.0,0.112,0.505
42,False,0.473,0.361,7,-12.468,1,0.0293,0.732,0.922,0.584,0.246
31,False,0.605,0.561,9,-9.026,1,0.0354,0.382,0.0,0.731,0.372
41,False,0.591,0.46,4,-7.926,1,0.0497,0.571,0.0,0.314,0.647
0,False,0.78,0.728,2,-2.586,1,0.187,0.0191,0.0,0.266,0.824
0,False,0.686,0.915,10,-2.756,0,0.0449,0.079,0.000275,0.107,0.743
0,True,0.807,0.606,3,-8.871,0,0.0872,0.0946,0.0,0.119,0.304
54,False,0.731,0.592,10,-9.577,0,0.0639,0.00527,0.52,0.075,0.19
15,False,0.703,0.48,7,-14.516,1,0.033,0.787,4.31e-06,0.317,0.965
38,False,0.401,0.571,2,-10.627,0,0.0376,0.0428,0.176,0.0624,0.0432
1,False,0.369,0.192,4,-12.151,0,0.04,0.555,8.35e-06,0.0954,0.148
25,False,0.481,0.926,6,-3.314,0,0.175,0.0269,0.0,0.347,0.162
52,False,0.601,0.929,5,-5.795,1,0.0512,0.00144,3.37e-05,0.329,0.509
37,False,0.426,0.905,2,-4.255,1,0.0452,4.27e-05,1.07e-06,0.0687,0.497
56,False,0.539,0.547,2,-11.391,1,0.0345,0.842,0.00771,0.0774,0.175
15,False,0.661,0.676,6,-10.524,1,0.0464,0.214,0.847,0.0813,0.887
58,False,0.638,0.441,8,-6.909,0,0.029,0.415,7.88e-05,0.11,0.15
74,False,0.668,0.906,11,-4.881,0,0.17,0.214,0.00245,0.135,0.507
31,False,0.591,0.0308,4,-20.298,1,0.0494,0.953,3.3e-06,0.109,0.369
53,False,0.481,0.86,2,-4.678,1,0.0849,0.217,0.0,0.126,0.591
66,False,0.509,0.938,11,-3.883,0,0.0715,0.000644,0.00246,0.14,0.335
46,False,0.609,0.955,10,-2.434,0,0.196,0.0122,0.15,0.571,0.21
37,False,0.519,0.945,7,-5.289,1,0.0808,0.0392,0.288,0.217,0.136
25,False,0.288,0.84,0,-3.404,1,0.0341,0.00154,0.0,0.113,0.672
30,False,0.443,0.67,8,-9.472,0,0.261,0.0663,3.94e-05,0.69,0.33
57,False,0.797,0.574,10,-7.268,1,0.373,0.229,0.0,0.0602,0.814
65,True,0.875,0.745,1,-5.878,1,0.269,0.0227,2.37e-06,0.287,0.749
39,False,0.585,0.789,0,-6.807,1,0.0379,0.478,0.0,0.466,0.954
26,False,0.772,0.562,1,-7.146,1,0.0625,0.0447,0.0138,0.14,0.0691
49,False,0.329,0.609,0,-7.125,1,0.0337,0.0237,9.39e-06,0.697,0.173
37,False,0.424,0.956,11,-2.884,1,0.0966,0.0257,8.58e-05,0.378,0.605
25,False,0.257,0.867,0,-4.352,1,0.0459,0.62,0.0,0.14,0.678
24,False,0.704,0.803,9,-5.962,1,0.124,0.312,0.0,0.0879,0.891
36,False,0.575,0.731,0,-5.291,1,0.031,0.403,0.000997,0.383,0.433
42,False,0.603,0.836,9,-8.162,1,0.0368,0.292,0.132,0.107,0.209
64,False,0.535,0.951,7,-5.859,1,0.0373,0.0174,9.61e-06,0.345,0.444
0,False,0.596,0.315,8,-9.175,1,0.0428,0.961,0.0,0.258,0.64
55,False,0.34,0.922,3,-5.189,1,0.18,0.0129,2.39e-06,0.226,0.532
27,False,0.734,0.387,0,-9.11,1,0.0281,0.791,5.28e-06,0.0608,0.903
17,True,0.19,0.967,7,-4.891,1,0.111,4.17e-06,0.247,0.375,0.289
0,False,0.513,0.663,3,-6.799,1,0.048,0.027,0.0,0.118,0.476
20,False,0.228,0.0371,6,-23.965,1,0.0479,0.988,0.0011,0.0874,0.0551
53,False,0.539,0.339,2,-10.969,1,0.0314,0.78,0.0,0.0889,0.29
54,False,0.371,0.594,10,-5.908,0,0.041,0.0874,2.83e-05,0.238,0.234
51,False,0.757,0.587,10,-6.346,1,0.144,0.685,0.0,0.288,0.601
48,False,0.598,0.687,5,-12.176,0,0.038,0.529,0.934,0.108,0.461
66,False,0.673,0.808,9,-6.183,1,0.0491,0.0121,0.878,0.037,0.303
50,True,0.926,0.556,8,-7.423,0,0.285,0.0172,0.0,0.119,0.324
0,False,0.762,0.742,5,-5.161,1,0.0367,0.288,0.000145,0.0971,0.912
30,False,0.45,0.615,11,-8.158,0,0.0284,0.26,0.000387,0.82,0.62
21,False,0.157,7.26e-05,0,-28.381,1,0.0668,0.932,0.888,0.116,0.0352
57,False,0.613,0.508,7,-8.489,1,0.0343,0.275,8.28e-06,0.0809,0.327
52,False,0.641,0.607,11,-6.686,1,0.0397,0.397,0.0,0.132,0.255
32,True,0.315,0.876,7,-11.078,1,0.0679,0.0699,1.49e-06,0.0731,0.178
0,True,0.451,0.82,9,-4.524,1,0.242,0.0526,1.58e-06,0.148,0.39
38,False,0.278,0.437,0,-9.071,1,0.0392,0.791,0.00299,0.148,0.23
62,False,0.567,0.696,9,-5.416,1,0.301,0.456,0.0,0.113,0.544
0,False,0.651,0.479,1,-6.192,1,0.0447,0.426,0.0,0.151,0.575
45,False,0.552,0.574,4,-8.179,1,0.0371,0.387,0.0,0.178,0.486
42,False,0.829,0.176,6,-23.885,0,0.0545,0.216,0.722,0.0952,0.143
45,False,0.298,0.816,5,-6.513,1,0.0435,0.473,6.83e-06,0.522,0.464
0,False,0.442,0.846,4,-5.214,1,0.0763,0.0538,4.56e-06,0.282,0.622
0,False,0.924,0.723,8,-3.142,1,0.0466,0.0177,2.61e-05,0.113,0.643
0,False,0.403,0.916,9,-3.71,1,0.0428,0.000599,5.35e-06,0.131,0.443
0,False,0.0732,0.45,1,-25.672,1,0.144,0.00216,0.923,0.179,0.0248
39,True,0.616,0.593,11,-7.145,0,0.0501,0.0995,2.31e-06,0.324,0.332
0,False,0.678,0.919,9,-7.154,1,0.0326,0.0761,2.54e-05,0.0908,0.944
47,False,0.722,0.672,0,-7.708,1,0.268,0.0715,0.0,0.0762,0.646
48,False,0.585,0.441,7,-9.271,0,0.0311,0.501,0.534,0.0967,0.0591
83,True,0.749,0.925,10,-5.034,1,0.227,0.241,0.0,0.52,0.641
0,False,0.437,0.229,9,-10.99,1,0.0296,0.729,9.06e-05,0.129,0.127
0,False,0.627,0.704,0,-8.415,1,0.0497,0.0458,0.0859,0.113,0.781
33,False,0.719,0.903,8,-5.758,1,0.0326,0.17,0.0162,0.265,0.786
0,False,0.857,0.604,6,-10.529,0,0.0688,0.486,0.00618,0.0599,0.917
1,False,0.89,0.63,11,-9.661,0,0.0726,0.00876,0.00219,0.0179,0.828
27,False,0.356,0.497,4,-10.852,0,0.049,0.649,7.65e-05,0.181,0.388
51,False,0.488,0.903,6,-5.244,1,0.0698,0.000103,0.000219,0.218,0.189
56,False,0.691,0.801,11,-4.172,0,0.0623,0.231,1.63e-06,0.537,0.594
6,False,0.391,0.0385,10,-24.578,1,0.0372,0.991,0.551,0.1,0.208
26,False,0.747,0.701,1,-5.154,1,0.0803,0.603,0.0,0.128,0.821
0,False,0.593,0.287,1,-12.472,1,0.0469,0.764,0.0,0.153,0.639
55,False,0.591,0.392,8,-9.737,1,0.0283,0.637,0.0,0.143,0.354
12,False,0.445,0.254,0,-15.018,1,0.0315,0.735,0.0,0.0904,0.706
19,False,0.725,0.203,7,-13.306,1,0.154,0.984,0.000106,0.102,0.72
55,False,0.641,0.71,11,-9.871,1,0.036,0.0175,0.926,0.146,0.0364
68,False,0.677,0.497,5,-5.763,1,0.0809,0.152,0.0,0.0911,0.419
68,True,0.693,0.564,1,-3.857,0,0.0378,0.399,0.0,0.0409,0.574
0,False,0.44,0.241,7,-11.581,1,0.0512,0.884,0.0,0.112,0.277
1,False,0.565,0.403,2,-12.425,1,0.0303,0.674,0.0,0.103,0.48
22,False,0.5,0.953,9,-4.161,0,0.0634,0.00391,0.00442,0.314,0.0393
51,False,0.142,0.112,4,-20.806,1,0.0407,0.906,0.967,0.0751,0.05
0,False,0.602,0.785,6,-4.355,0,0.232,0.143,0.0,0.103,0.582
0,False,0.631,0.569,5,-5.956,0,0.0438,0.728,0.0,0.27,0.874
63,False,0.755,0.763,4,-6.318,1,0.0473,0.405,0.0,0.318,0.932
29,False,0.793,0.661,1,-6.198,0,0.034,0.00149,1.64e-06,0.0923,0.861
29,False,0.56,0.959,8,-2.463,1,0.085,6.55e-05,0.000285,0.359,0.283
59,False,0.535,0.797,3,-7.533,1,0.0459,0.48,3.42e-05,0.141,0.613
0,False,0.716,0.709,11,-4.683,0,0.0529,0.0749,0.00261,0.182,0.434
9,True,0.31,0.996,11,-3.974,0,0.21,2.82e-06,0.626,0.424,0.0701
25,False,0.735,0.573,10,-9.518,0,0.0846,0.799,0.00466,0.0473,0.887
45,False,0.573,0.482,6,-10.494,0,0.0347,0.83,0.785,0.11,0.193
1,False,0.804,0.786,10,-3.837,0,0.0735,0.144,0.0,0.0928,0.575
56,False,0.705,0.957,11,-6.026,1,0.0406,0.00947,0.835,0.125,0.0615
8,False,0.518,0.993,11,-7.485,0,0.0719,0.00461,0.0188,0.066,0.473
0,False,0.743,0.683,5,-4.607,0,0.202,0.0712,0.0,0.151,0.925
28,False,0.306,0.948,0,-2.877,1,0.0989,0.64,0.0,0.353,0.903
39,False,0.53,0.908,2,-4.595,0,0.0377,0.468,7.69e-05,0.886,0.912
26,True,0.529,0.877,5,-13.506,0,0.917,0.905,0.0,0.747,0.402
39,False,0.586,0.401,4,-4.476,1,0.0289,0.83,0.0,0.337,0.388
55,False,0.578,0.429,2,-9.601,1,0.0268,0.178,6.01e-05,0.171,0.0889
21,False,0.121,0.242,8,-17.98,1,0.0375,0.000878,0.813,0.12,0.0362
53,False,0.716,0.171,10,-9.955,1,0.229,0.821,0.0,0.0774,0.367
63,False,0.63,0.528,9,-8.574,0,0.0311,0.0284,2.63e-06,0.107,0.551
26,False,0.704,0.438,7,-7.772,1,0.0261,0.79,0.0209,0.136,0.322
0,False,0.751,0.467,10,-9.535,1,0.327,0.303,0.0,0.163,0.774
69,False,0.613,0.488,8,-7.37,1,0.0964,0.129,2.13e-05,0.335,0.183
52,False,0.0748,0.523,4,-8.069,1,0.0354,0.782,0.866,0.0886,0.0383
45,False,0.503,0.586,0,-6.718,1,0.0559,0.572,0.0,0.847,0.577
0,False,0.524,0.807,2,-4.16,1,0.0579,0.00415,0.000834,0.212,0.62
18,False,0.586,0.297,9,-11.311,0,0.0557,0.807,0.27,0.181,0.558
39,True,0.743,0.576,4,-7.453,0,0.0964,0.0542,0.0,0.121,0.337
41,False,0.524,0.697,0,-4.683,1,0.0303,0.121,0.0,0.102,0.24
6,False,0.283,0.282,9,-15.375,0,0.0307,0.163,0.693,0.107,0.118
27,False,0.522,0.845,8,-8.176,1,0.149,0.083,0.0,0.982,0.582
30,False,0.448,0.843,5,-7.736,0,0.102,0.00305,0.801,0.417,0.0609
31,False,0.575,0.957,5,-2.758,1,0.0826,0.00328,0.0,0.158,0.929
25,False,0.591,0.122,9,-19.174,0,0.0479,0.982,0.837,0.0734,0.358
62,True,0.716,0.553,1,-10.229,1,0.139,0.109,0.000214,0.106,0.217
0,False,0.878,0.578,0,-7.572,1,0.0466,0.221,0.0,0.0841,0.961
0,False,0.56,0.936,3,-5.835,1,0.0439,0.00832,0.0,0.161,0.371
66,False,0.377,0.895,8,-2.467,1,0.0476,0.000408,0.000647,0.607,0.449
19,False,0.432,0.241,0,-19.258,1,0.197,0.984,0.809,0.129,0.238
1,False,0.807,0.803,11,-4.156,1,0.126,0.6,0.0085,0.136,0.706
32,False,0.695,0.89,4,-2.157,0,0.0389,0.572,5.27e-06,0.103,0.893
35,False,0.478,0.429,4,-10.607,1,0.0348,0.45,0.0,0.114,0.681
33,True,0.792,0.329,1,-11.15,1,0.0595,0.269,0.0,0.101,0.461
12,False,0.245,0.276,8,-23.487,1,0.0495,0.839,0.888,0.304,0.175
0,False,0.581,0.436,8,-7.936,1,0.0443,0.232,0.0,0.0547,0.412
0,False,0.474,0.325,4,-6.427,0,0.0515,0.841,0.0,0.696,0.381
25,False,0.553,0.948,1,-5.63,1,0.0634,0.0114,0.0,0.812,0.746
59,False,0.744,0.78,10,-3.631,0,0.0529,0.101,4.36e-06,0.184,0.762
33,False,0.478,0.614,5,-6.346,1,0.0327,0.147,0.0,0.532,0.324
3,False,0.597,0.928,5,-6.102,1,0.0497,0.0543,0.911,0.096,0.0308
22,True,0.602,0.911,1,-6.399,1,0.926,0.746,0.0,0.818,0.444
32,False,0.827,0.559,9,-6.252,0,0.0612,0.0452,3.65e-06,0.0532,0.751
22,True,0.479,0.976,1,-3.143,1,0.595,0.892,0.0,0.756,0.391
18,False,0.56,0.365,7,-11.744,0,0.0755,0.717,0.0,0.088,0.65
0,False,0.639,0.896,9,-4.782,1,0.028,0.053,0.0,0.242,0.966
68,False,0.502,0.91,7,-2.769,1,0.107,0.04,0.0,0.319,0.588
0,False,0.743,0.621,0,-10.742,1,0.0651,0.465,0.0,0.108,0.865
46,False,0.219,0.118,0,-25.051,0,0.0332,0.738,0.98,0.109,0.0325
53,False,0.644,0.806,6,-8.014,0,0.0375,0.057,0.486,0.338,0.092
35,False,0.676,0.887,4,-4.05,0,0.164,0.21,0.0,0.338,0.768
57,False,0.356,0.26,4,-10.577,0,0.0314,0.913,2.1e-06,0.105,0.49
32,False,0.777,0.463,6,-9.345,0,0.224,0.596,0.0,0.126,0.17
44,False,0.543,0.656,9,-8.1,1,0.0414,0.689,0.0,0.628,0.644
23,False,0.414,0.558,9,-4.05,1,0.0349,0.559,0.0,0.295,0.185
44,False,0.521,0.616,6,-6.11,1,0.0288,0.377,5.85e-06,0.11,0.469
15,False,0.827,0.842,11,-9.589,1,0.106,0.16,0.000204,0.0731,0.816
46,False,0.574,0.812,5,-4.061,0,0.05,0.0595,0.0,0.128,0.216
29,True,0.566,0.682,10,-3.734,0,0.267,0.0749,0.0,0.156,0.407
19,False,0.726,0.692,7,-5.084,1,0.334,0.0261,0.0,0.118,0.538
37,False,0.646,0.728,1,-6.266,0,0.0346,0.0515,0.0,0.127,0.805
25,False,0.739,0.441,10,-8.036,1,0.0356,0.119,0.489,0.108,0.235
79,False,0.717,0.455,5,-8.303,1,0.0276,0.0846,0.0,0.11,0.389
55,False,0.498,0.957,11,-2.709,1,0.147,0.0041,0.0,0.0638,0.672
13,False,0.31,0.329,2,-15.955,1,0.049,0.146,0.889,0.111,0.0352
60,False,0.769,0.832,8,-5.038,0,0.182,0.111,0.0,0.574,0.34
60,False,0.588,0.61,9,-5.008,0,0.234,0.534,0.0,0.303,0.645
33,False,0.704,0.809,2,-7.171,1,0.0295,0.312,0.0,0.0576,0.967
61,False,0.615,0.947,8,-3.817,0,0.11,0.0132,0.0,0.366,0.498
47,True,0.65,0.29,0,-17.496,1,0.247,0.844,0.0,0.15,0.238
4,False,0.754,0.93,7,-5.403,1,0.0607,0.00111,0.865,0.713,0.247
24,True,0.574,0.983,1,-2.584,0,0.822,0.81,0.0,0.784,0.189
18,False,0.775,0.709,4,-8.119,0,0.0753,0.141,0.824,0.0523,0.966
43,False,0.781,0.909,4,-5.299,0,0.156,0.222,0.0,0.168,0.791
12,False,0.471,0.754,10,-9.226,0,0.154,0.284,0.83,0.0751,0.21
59,False,0.589,0.797,1,-4.213,1,0.173,0.000673,0.0,0.0246,0.787
44,False,0.562,0.494,1,-7.29,0,0.0289,0.318,0.0,0.0961,0.556
64,False,0.622,0.671,5,-6.426,1,0.026,0.014,0.0,0.304,0.572
58,False,0.479,0.364,5,-9.184,0,0.0606,0.902,8.1e-05,0.101,0.372
24,False,0.563,0.956,9,-6.137,0,0.0559,0.000401,0.084,0.322,0.186
33,False,0.472,0.701,11,-6.862,0,0.0358,0.604,0.0,0.565,0.533
65,False,0.631,0.749,7,-8.15,1,0.0576,0.205,5.21e-06,0.0667,0.437
40,False,0.729,0.669,9,-4.288,1,0.0266,0.0218,0.0,0.245,0.813
53,False,0.51,0.789,2,-6.384,1,0.116,0.00799,0.674,0.838,0.13
55,False,0.664,0.644,7,-9.334,0,0.0352,0.531,0.661,0.251,0.646
39,False,0.485,0.921,0,-2.004,1,0.0592,0.00654,0.00246,0.33,0.963
29,False,0.548,0.47,7,-9.87,1,0.0351,0.848,0.222,0.144,0.797
20,False,0.594,0.212,7,-14.929,1,0.0527,0.82,0.765,0.337,0.652
40,False,0.617,0.823,1,-4.782,1,0.172,0.407,0.0,0.0955,0.821
0,False,0.518,0.757,6,-8.584,0,0.0555,0.000777,0.00931,0.115,0.189
21,False,0.213,0.1,5,-23.089,1,0.0394,0.986,0.0418,0.366,0.114
1,False,0.716,0.655,2,-5.999,1,0.0444,0.00857,0.162,0.0572,0.207
39,False,0.191,0.226,0,-13.633,1,0.0378,0.919,6.86e-06,0.0763,0.154
38,False,0.468,0.902,11,-1.221,1,0.0354,6.49e-06,0.0,0.124,0.558
13,False,0.729,0.399,8,-4.868,1,0.095,0.803,0.92,0.11,0.475
44,False,0.374,0.659,2,-5.427,1,0.0438,0.246,0.00104,0.0991,0.151
1,False,0.681,0.664,0,-8.036,1,0.0922,0.299,0.0,0.0772,0.729
0,False,0.727,0.835,5,-4.981,0,0.0419,0.179,1.06e-05,0.108,0.408
36,False,0.71,0.877,2,-4.921,1,0.0628,0.111,1.78e-06,0.0607,0.85
31,False,0.824,0.568,10,-13.099,0,0.0649,0.00173,0.206,0.265,0.68
36,False,0.777,0.657,7,-11.608,1,0.0454,0.0014,0.799,0.148,0.0336
48,False,0.386,0.824,11,-5.225,0,0.0317,0.000305,6.5e-06,0.269,0.362
67,True,0.539,0.835,10,-4.118,0,0.259,0.00263,0.0,0.344,0.771
29,False,0.535,0.931,8,-5.096,1,0.0439,0.00386,2.6e-05,0.087,0.626
25,False,0.266,0.921,6,-6.115,1,0.0387,0.000736,0.658,0.0929,0.399
26,False,0.544,0.931,1,-5.519,0,0.128,0.00207,1.12e-05,0.034,0.324
27,False,0.471,0.926,7,-6.012,1,0.0769,0.000113,0.0407,0.0786,0.201
27,False,0.642,0.442,5,-9.122,1,0.0502,0.794,8.46e-05,0.0883,0.874
52,False,0.528,0.25,1,-15.791,1,0.0579,0.824,0.44,0.123,0.446
1,True,0.608,0.791,11,-4.81,1,0.0938,0.142,2.21e-06,0.29,0.33
0,False,0.785,0.7,9,-5.81,0,0.0406,0.0179,0.00251,0.0823,0.296
47,False,0.633,0.812,5,-3.992,0,0.0965,0.0112,0.0,0.431,0.485
73,False,0.495,0.71,10,-3.965,1,0.0606,0.00947,0.0,0.0577,0.609
42,False,0.8,0.836,2,-7.413,1,0.0562,0.00051,0.846,0.0763,0.08
56,False,0.406,0.128,9,-16.983,0,0.0349,0.359,0.0019,0.656,0.191
0,False,0.321,0.909,11,-4.612,1,0.041,1.62e-05,0.139,0.0442,0.209
1,False,0.323,0.943,5,-8.451,1,0.0538,0.588,0.00529,0.227,0.0606
12,False,0.372,0.971,6,-4.09,0,0.0698,2.35e-06,0.978,0.392,0.373
43,False,0.468,0.435,7,-9.593,1,0.031,0.253,0.0,0.268,0.0406
59,False,0.524,0.972,4,-1.569,0,0.0431,0.00656,0.00058,0.224,0.476
0,False,0.683,0.511,6,-5.598,1,0.0279,0.406,0.000197,0.111,0.598
56,False,0.732,0.89,1,-7.021,0,0.0647,0.0312,0.000233,0.162,0.217
38,False,0.65,0.656,0,-9.434,0,0.0377,0.627,1.05e-06,0.203,0.962
24,False,0.48,0.795,0,-6.757,1,0.0394,0.139,0.0,0.756,0.376
60,False,0.706,0.91,6,-5.851,1,0.0447,0.00277,5.3e-06,0.0566,0.894
0,False,0.435,0.874,0,-6.664,1,0.123,0.000337,0.0419,0.311,0.265
12,False,0.647,0.539,9,-4.979,1,0.0321,0.082,7.01e-05,0.31,0.711
14,False,0.909,0.257,7,-19.469,1,0.162,0.673,4.5e-05,0.108,0.923
43,False,0.461,0.368,7,-10.903,1,0.0309,0.853,2.47e-05,0.118,0.213
48,False,0.68,0.878,2,-3.746,1,0.03,0.206,0.0,0.973,0.704
58,False,0.756,0.903,11,-2.088,0,0.14,0.232,0.0,0.0548,0.729
41,False,0.493,0.654,10,-6.55,1,0.0326,0.00639,0.0,0.337,0.0899
44,False,0.52,0.958,4,-2.671,0,0.474,0.00407,0.169,0.164,0.256
21,False,0.716,0.755,1,-4.344,1,0.15,0.104,0.0,0.123,0.589
25,False,0.773,0.208,2,-9.482,0,0.0438,0.956,0.0,0.149,0.538
0,False,0.636,0.67,9,-10.958,1,0.257,0.582,0.0,0.0453,0.572
49,False,0.582,0.785,11,-6.984,1,0.0373,0.00252,0.344,0.351,0.175
1,False,0.482,0.43,10,-7.224,1,0.0481,0.763,2.79e-06,0.344,0.113
16,False,0.672,0.463,1,-9.856,0,0.0842,0.864,0.95,0.177,0.252
55,False,0.712,0.829,0,-5.847,1,0.0248,0.125,4.85e-06,0.0729,0.769
43,False,0.146,0.143,2,-19.2,0,0.0324,0.978,0.829,0.117,0.173
1,False,0.626,0.769,11,-5.296,0,0.0325,0.00291,0.0,0.0598,0.237
39,False,0.315,0.777,4,-5.374,0,0.0527,0.203,0.000508,0.125,0.0848
30,False,0.614,0.338,7,-8.933,1,0.026,0.778,1.73e-06,0.0858,0.558
22,False,0.177,0.17,3,-30.298,0,0.0443,0.971,0.957,0.102,0.243
0,False,0.464,0.191,5,-14.734,0,0.0509,0.995,0.553,0.155,0.461
30,False,0.679,0.79,6,-6.6,0,0.0673,0.233,0.0,0.624,0.541
38,False,0.234,0.952,4,-3.577,1,0.0393,0.000162,7.02e-06,0.569,0.579
0,False,0.199,0.0459,0,-34.04,1,0.0496,0.994,0.988,0.109,0.0348
66,False,0.498,0.693,1,-5.9,0,0.227,0.069,0.0,0.421,0.238
19,False,0.435,0.962,7,-5.594,1,0.0461,0.216,3.87e-06,0.201,0.575
30,False,0.713,0.839,4,-7.648,0,0.0544,0.00686,0.0,0.393,0.929
40,False,0.531,0.867,2,-4.392,1,0.0467,0.00874,0.609,0.0785,0.0597
21,False,0.285,0.685,6,-5.541,1,0.0424,0.00787,0.362,0.227,0.71
46,False,0.626,0.749,0,-6.105,1,0.102,0.408,0.0,0.0783,0.921
39,False,0.784,0.699,11,-8.279,1,0.109,0.0244,0.0,0.409,0.65
0,False,0.409,0.336,2,-10.479,1,0.0301,0.383,0.0,0.15,0.549
11,False,0.629,0.179,10,-13.725,0,0.0626,0.075,0.879,0.383,0.379
0,False,0.627,0.858,11,-2.824,0,0.386,0.263,0.0,0.21,0.342
34,False,0.598,0.812,5,-5.638,0,0.0469,0.0236,1.57e-05,0.0886,0.702
22,False,0.63,0.363,9,-7.949,1,0.029,0.678,0.00081,0.104,0.63
34,False,0.278,0.616,0,-6.286,1,0.0439,0.0116,1.4e-06,0.111,0.0732
24,False,0.588,0.999,0,-3.615,1,0.0815,0.107,0.0568,0.846,0.622
49,False,0.358,0.929,7,-5.422,1,0.0449,9.18e-05,0.0,0.264,0.524
53,False,0.235,0.118,3,-20.222,1,0.0318,0.98,0.888,0.125,0.185
27,False,0.711,0.493,1,-7.744,1,0.198,0.933,0.909,0.112,0.527
0,False,0.683,0.571,1,-7.721,1,0.0286,0.0335,0.0616,0.0957,0.29
35,False,0.66,0.351,9,-10.649,1,0.0495,0.251,1.54e-05,0.112,0.758
37,False,0.615,0.868,1,-5.187,1,0.182,0.339,0.0,0.594,0.588
0,False,0.448,0.13,0,-16.808,1,0.0318,0.399,1.05e-05,0.103,0.369
55,False,0.771,0.878,3,-6.879,0,0.177,0.417,6.32e-05,0.332,0.84
19,False,0.94,0.665,0,-10.162,1,0.0594,0.166,0.0,0.0964,0.969
29,False,0.597,0.832,7,-4.762,0,0.0296,0.127,1.11e-06,0.199,0.501
45,False,0.431,0.385,9,-10.433,0,0.0332,0.0117,0.527,0.11,0.122
5,False,0.531,0.977,9,-3.097,1,0.269,0.178,0.0,0.134,0.806
50,False,0.475,0.522,5,-3.32,1,0.0271,0.458,0.0,0.146,0.227
46,False,0.409,0.224,5,-9.095,1,0.0405,0.927,0.0,0.106,0.227
65,False,0.478,0.516,5,-7.276,1,0.0267,0.403,0.0,0.0823,0.376
49,False,0.566,0.885,2,-7.694,0,0.0339,0.0156,0.0315,0.194,0.852
62,False,0.583,0.46,4,-11.509,0,0.035,0.751,0.000147,0.146,0.534
36,True,0.374,0.917,4,-2.215,1,0.0519,0.000828,1.29e-06,0.108,0.705
36,False,0.378,0.345,9,-11.022,1,0.0805,0.464,0.0,0.595,0.257
27,False,0.495,0.28,6,-13.486,0,0.0881,0.893,0.0,0.209,0.284
49,False,0.496,0.648,1,-5.796,0,0.0494,0.24,0.00103,0.103,0.115
39,False,0.559,0.657,0,-4.126,1,0.0347,0.119,0.0,0.254,0.789
18,False,0.133,0.834,10,-11.144,0,0.0829,6.79e-05,0.84,0.122,0.41
34,False,0.832,0.635,7,-7.167,1,0.0839,0.0332,0.0691,0.155,0.507
20,False,0.319,0.993,11,-4.549,1,0.0887,0.0281,0.138,0.138,0.257
0,False,0.648,0.463,3,-7.572,1,0.032,0.806,0.0,0.396,0.744
64,False,0.706,0.693,0,-5.502,1,0.259,0.0123,0.0,0.346,0.838
28,False,0.679,0.476,6,-7.188,1,0.0304,0.568,0.208,0.103,0.559
21,False,0.183,0.803,0,-5.851,1,0.0375,0.000608,0.2,0.085,0.644
48,False,0.492,0.581,1,-5.922,1,0.047,0.471,0.0,0.0509,0.351
27,False,0.371,0.803,2,-4.649,1,0.0805,0.0647,0.0,0.111,0.655
0,False,0.359,0.434,2,-8.428,0,0.0826,0.955,0.000126,0.117,0.353
5,False,0.715,0.646,6,-14.831,0,0.0509,0.0393,0.0345,0.139,0.758
0,False,0.379,0.562,10,-8.078,1,0.0376,0.0741,1.17e-05,0.137,0.172
28,False,0.757,0.637,2,-11.69,1,0.0375,0.0105,7.04e-05,0.161,0.954
76,False,0.688,0.519,5,-4.285,1,0.0283,0.064,0.0,0.1,0.318
41,False,0.529,0.884,0,-4.234,1,0.0348,0.185,0.000224,0.165,0.868
58,False,0.56,0.0345,11,-28.982,0,0.0353,0.987,0.918,0.102,0.34
0,False,0.81,0.571,10,-7.189,0,0.085,0.0624,1.63e-06,0.094,0.771
8,False,0.807,0.61,11,-10.635,0,0.0671,0.000145,0.478,0.0821,0.88
0,False,0.887,0.87,2,-5.267,1,0.119,0.0143,0.0,0.015,0.837
10,False,0.779,0.69,9,-5.357,1,0.0404,0.0385,2.92e-06,0.264,0.896
43,False,0.501,0.578,4,-4.835,1,0.0289,0.802,0.0,0.216,0.727
0,False,0.293,0.793,4,-11.245,0,0.249,0.436,0.00584,0.144,0.0654
63,False,0.704,0.241,1,-13.258,1,0.0476,0.625,2.8e-05,0.0868,0.661
56,False,0.48,0.736,0,-6.477,0,0.0363,0.424,3.92e-06,0.128,0.642
40,False,0.762,0.561,1,-7.056,1,0.0761,0.512,0.00151,0.17,0.767
62,False,0.42,0.371,0,-10.952,1,0.315,0.873,0.0,0.294,0.882
62,False,0.732,0.303,4,-13.575,1,0.057,0.75,0.828,0.141,0.601
4,False,0.708,0.598,5,-8.365,1,0.0291,0.037,0.0,0.17,0.698
68,False,0.311,0.325,2,-9.042,1,0.0283,0.0469,0.0,0.139,0.668
6,False,0.761,0.428,8,-6.378,0,0.0578,0.21,0.193,0.115,0.187
16,False,0.487,0.98,11,-3.219,0,0.145,0.00135,0.902,0.315,0.42
11,False,0.433,0.979,6,-5.373,1,0.137,1.36e-06,0.0404,0.527,0.343
62,False,0.362,0.338,9,-9.321,1,0.0393,0.806,0.0,0.3,0.389
20,False,0.509,0.724,9,-7.665,1,0.0356,0.309,0.0,0.169,0.702
33,False,0.748,0.339,0,-5.753,1,0.0809,0.87,0.856,0.151,0.832
38,False,0.568,0.677,9,-4.713,1,0.0451,0.556,0.0,0.547,0.57
0,False,0.146,0.00241,1,-40.843,0,0.0434,0.995,0.945,0.113,0.0973
4,False,0.708,0.598,5,-8.365,1,0.0291,0.037,0.0,0.17,0.698
39,False,0.811,0.731,5,-4.085,0,0.133,0.065,0.0016,0.148,0.795
71,True,0.587,0.873,2,-4.395,1,0.0693,0.11,0.00339,0.236,0.52
11,False,0.378,0.268,1,-11.46,1,0.0281,0.866,0.0123,0.175,0.409
6,True,0.89,0.716,1,-9.673,1,0.296,0.174,0.000589,0.0657,0.656
38,False,0.641,0.343,8,-9.06,1,0.0527,0.692,0.88,0.114,0.345
46,False,0.73,0.655,2,-2.737,1,0.0816,0.165,0.00179,0.115,0.316
53,True,0.34,0.977,4,-4.947,0,0.145,0.000311,0.468,0.104,0.118
59,False,0.753,0.739,5,-6.49,1,0.208,0.303,5.36e-06,0.0876,0.494
18,False,0.784,0.873,10,-4.063,1,0.329,0.792,0.0,0.136,0.596
27,False,0.607,0.743,7,-5.771,1,0.0382,0.156,6.81e-05,0.389,0.615
55,True,0.709,0.697,8,-7.084,0,0.296,0.427,0.00427,0.258,0.603
34,False,0.561,0.998,4,-2.424,1,0.0811,0.0316,0.000241,0.306,0.726
68,True,0.639,0.71,1,-7.445,1,0.0275,0.0133,0.0,0.118,0.378
28,False,0.535,0.604,6,-7.759,0,0.0307,0.0932,0.0,0.143,0.656
71,False,0.264,0.363,2,-10.196,1,0.0338,0.501,0.00406,0.11,0.0613
29,False,0.702,0.181,3,-20.588,1,0.041,0.912,0.967,0.206,0.25
20,False,0.525,0.535,9,-9.683,1,0.0264,0.0672,0.0,0.116,0.338
37,False,0.163,0.998,0,-18.829,1,0.0694,0.417,0.986,0.829,1e-05
74,False,0.535,0.765,1,-7.862,0,0.0444,0.054,0.0,0.0921,0.373
62,False,0.568,0.727,8,-3.89,1,0.0336,0.196,0.0,0.361,0.194
0,False,0.965,0.414,1,-6.408,1,0.0712,0.189,0.0,0.0767,0.729
33,False,0.835,0.4,8,-13.944,1,0.353,0.0938,0.0679,0.103,0.523
43,True,0.707,0.67,0,-5.506,1,0.0657,0.0135,6.91e-05,0.417,0.312
38,False,0.637,0.924,7,-2.572,1,0.0338,0.07,0.00065,0.345,0.653
18,False,0.452,0.977,9,-3.574,0,0.0655,6.24e-06,0.734,0.167,0.324
60,False,0.737,0.681,10,-10.063,0,0.0536,0.0401,0.0011,0.31,0.799
10,False,0.282,0.992,4,-4.215,0,0.171,0.00192,0.144,0.649,0.463
43,False,0.553,0.443,4,-8.284,1,0.0311,0.794,0.000125,0.195,0.433
59,False,0.568,0.622,4,-6.548,1,0.109,0.063,0.0018,0.56,0.109
65,True,0.511,0.148,6,-15.064,1,0.0316,0.965,0.0388,0.112,0.299
10,False,0.109,0.495,1,-15.679,1,0.105,0.876,0.0665,0.368,0.0308
0,False,0.283,0.0264,4,-19.612,0,0.0426,0.925,0.0,0.136,0.231
0,False,0.442,0.9,0,-5.032,1,0.0529,0.0109,0.0,0.395,0.609
45,False,0.44,0.877,2,-5.122,1,0.157,0.0211,0.0,0.402,0.463
28,False,0.426,0.987,2,-3.616,1,0.0606,0.00118,3.37e-06,0.167,0.452
41,False,0.489,0.387,5,-11.834,1,0.0341,0.587,4.1e-05,0.121,0.42
17,False,0.403,0.726,8,-11.184,1,0.0456,0.00446,0.85,0.321,0.053
0,False,0.901,0.512,9,-12.077,0,0.251,0.327,0.001,0.103,0.753
74,False,0.789,0.744,1,-7.245,1,0.0414,0.281,0.0,0.0763,0.783
48,True,0.397,0.992,2,-4.302,1,0.155,5.93e-06,0.00378,0.706,0.176
58,False,0.36,0.608,1,-7.811,1,0.0309,0.065,0.0,0.43,0.21
45,False,0.534,0.433,0,-12.096,0,0.0353,0.889,0.0273,0.257,0.777
85,False,0.519,0.595,2,-5.001,1,0.0283,0.00151,0.0,0.0762,0.237
16,False,0.192,0.989,4,-5.009,0,0.108,4.39e-06,0.835,0.422,0.156
11,False,0.79,0.875,7,-5.985,1,0.0604,0.00248,0.623,0.127,0.597
0,True,0.498,0.946,2,-4.792,1,0.0602,0.000121,2.53e-05,0.359,0.31
0,False,0.349,0.438,1,-11.534,1,0.0474,0.304,0.0141,0.108,0.378
25,False,0.561,0.017,3,-30.307,1,0.0407,0.832,0.000387,0.099,0.156
29,True,0.773,0.433,4,-16.067,1,0.129,0.237,0.0,0.122,0.939
12,False,0.747,0.626,11,-8.231,1,0.0402,0.0298,7.74e-06,0.548,0.742
11,False,0.6,0.552,7,-5.335,0,0.0427,0.658,0.946,0.107,0.184
68,True,0.456,0.985,6,-2.949,1,0.207,0.000235,0.00368,0.103,0.183
25,False,0.132,0.417,11,-8.597,0,0.0354,0.739,0.00014,0.0748,0.0717
21,False,0.562,0.749,6,-8.084,0,0.0307,0.123,0.0747,0.12,0.36
22,False,0.381,0.15,5,-18.925,1,0.0427,0.876,0.512,0.118,0.271
44,False,0.554,0.68,1,-8.892,0,0.134,0.00514,0.00616,0.183,0.301
39,False,0.641,0.553,8,-9.432,1,0.26,0.367,2.52e-06,0.113,0.51
67,False,0.347,0.868,5,-4.145,0,0.0467,0.00012,0.000273,0.0845,0.313
24,False,0.552,0.978,0,-3.839,1,0.0658,0.0071,2.15e-06,0.325,0.48
43,False,0.501,0.415,1,-8.882,0,0.0242,0.0375,2.6e-06,0.336,0.227
39,False,0.516,0.806,9,-7.74,1,0.0492,0.00198,3.75e-06,0.699,0.315
26,False,0.484,0.672,11,-6.359,1,0.367,0.548,5.92e-06,0.129,0.303
31,False,0.613,0.88,10,-7.322,0,0.0278,0.0588,0.876,0.34,0.625
26,False,0.452,0.797,4,-5.229,1,0.0325,0.28,0.244,0.136,0.642
78,False,0.329,0.444,1,-9.973,1,0.0417,0.0578,0.0352,0.113,0.225
0,False,0.302,0.0455,8,-15.532,1,0.0414,0.987,0.000605,0.229,0.122
0,False,0.386,0.604,5,-6.751,1,0.0273,0.0916,0.0,0.126,0.704
87,False,0.912,0.774,0,-4.673,0,0.0455,0.121,0.0127,0.101,0.632
0,False,0.482,0.449,9,-8.418,0,0.0335,0.715,0.0134,0.124,0.132
50,False,0.552,0.968,3,-4.173,0,0.0813,0.00714,0.853,0.356,0.133
18,False,0.403,0.715,7,-8.947,0,0.049,0.0183,0.941,0.119,0.227
37,False,0.59,0.511,5,-11.243,0,0.0292,0.0247,0.000563,0.117,0.243
10,False,0.727,0.453,2,-12.13,0,0.0397,0.932,0.957,0.0974,0.102
72,False,0.495,0.426,8,-9.434,1,0.0736,0.152,5.65e-06,0.099,0.0636
50,False,0.317,0.938,1,-6.973,0,0.078,2.62e-06,0.0016,0.293,0.132
41,False,0.505,0.73,4,-4.907,1,0.0539,0.595,8.03e-06,0.104,0.208
58,False,0.49,0.126,1,-13.868,1,0.0327,0.926,3.36e-06,0.0992,0.102
18,False,0.158,0.69,0,-6.873,1,0.0381,0.00516,0.00187,0.42,0.0668
62,False,0.384,0.735,7,-6.522,1,0.0317,0.0252,2.76e-05,0.114,0.312
52,False,0.782,0.726,2,-6.336,1,0.0388,0.0608,4.22e-06,0.233,0.553
18,False,0.407,0.98,5,-4.034,0,0.122,1.36e-05,0.00138,0.0844,0.104
50,False,0.157,0.334,11,-17.121,0,0.0468,0.912,0.74,0.12,0.0395
34,False,0.553,0.886,11,-5.058,0,0.0519,0.37,9.41e-06,0.0354,0.967
11,False,0.773,0.879,11,-2.418,0,0.0499,0.00614,3.41e-06,0.283,0.686
0,False,0.473,0.977,8,-8.651,0,0.15,0.0243,0.604,0.0931,0.0449
41,False,0.484,0.95,10,-4.977,0,0.0945,0.00106,3.36e-06,0.344,0.169
59,True,0.454,0.287,5,-11.202,1,0.0289,0.779,0.753,0.131,0.054
35,False,0.533,0.93,1,-4.208,0,0.0885,0.365,0.0,0.79,0.435
50,False,0.465,0.247,7,-12.12,1,0.0474,0.873,0.0,0.12,0.295
23,False,0.192,0.966,1,-10.592,0,0.0539,4.64e-05,0.0107,0.323,0.338
0,False,0.62,0.378,1,-15.85,0,0.0638,0.352,0.00161,0.0755,0.767
1,False,0.721,0.74,0,-4.657,0,0.0901,0.128,0.0,0.171,0.691
1,False,0.595,0.313,0,-19.778,0,0.0472,0.788,3.06e-06,0.732,0.865
0,False,0.442,0.9,0,-5.032,1,0.0529,0.0109,0.0,0.395,0.609
24,False,0.558,0.931,0,-6.894,0,0.032,0.000419,0.257,0.114,0.0813
68,False,0.491,0.966,3,-3.974,1,0.0463,9.12e-05,0.346,0.153,0.223
1,False,0.741,0.787,5,-6.228,1,0.0525,0.217,0.0179,0.0835,0.771
68,False,0.594,0.808,7,-2.409,1,0.0489,0.415,1.39e-05,0.565,0.919
49,False,0.628,0.764,4,-6.77,1,0.0286,0.00488,5.46e-05,0.332,0.163
21,False,0.561,0.561,7,-6.909,0,0.044,0.77,9.3e-05,0.188,0.701
43,False,0.807,0.594,5,-5.756,0,0.0306,0.419,0.00179,0.119,0.527
21,False,0.558,0.662,4,-9.732,1,0.0562,0.377,2.08e-06,0.942,0.882
46,False,0.753,0.38,6,-6.811,1,0.0428,0.927,1.58e-06,0.104,0.431
63,False,0.659,0.345,11,-8.464,1,0.107,0.106,0.0,0.107,0.338
40,False,0.346,0.684,10,-5.272,1,0.0419,0.326,0.0,0.177,0.364
17,False,0.504,0.447,0,-9.778,0,0.0671,0.428,1.23e-05,0.075,0.391
82,False,0.432,0.652,8,-4.969,1,0.0285,0.262,0.0,0.258,0.507
12,False,0.683,0.997,10,-4.254,0,0.218,0.00423,0.852,0.265,0.203
20,False,0.398,0.356,2,-10.543,0,0.043,0.885,3.88e-06,0.39,0.632
26,False,0.648,0.773,7,-9.777,1,0.028,0.343,1.93e-05,0.0994,0.764
0,False,0.669,0.92,1,-5.913,1,0.0456,0.0602,0.0939,0.286,0.137
31,False,0.72,0.895,3,-5.132,1,0.0333,0.0344,0.0393,0.135,0.852
50,False,0.403,0.412,6,-8.863,1,0.0286,0.0247,0.0,0.128,0.064
23,False,0.578,0.221,10,-14.231,1,0.0342,0.801,3.27e-06,0.168,0.307
44,False,0.434,0.877,8,-5.945,0,0.247,0.849,0.0,0.653,0.662
7,False,0.155,0.157,5,-20.476,0,0.0436,0.691,0.941,0.0985,0.0379
12,False,0.607,0.169,0,-16.433,1,0.0303,0.981,0.000497,0.276,0.317
45,False,0.669,0.363,4,-8.672,1,0.0297,0.725,6.05e-05,0.0591,0.623
43,False,0.479,0.22,9,-14.248,1,0.0306,0.782,3.95e-05,0.123,0.279
28,False,0.529,0.622,4,-6.981,1,0.0292,0.438,7.72e-05,0.322,0.498
20,False,0.456,0.972,7,-1.75,1,0.0755,0.0201,0.00245,0.303,0.488
0,False,0.584,0.638,9,-6.437,0,0.0302,0.0134,3.06e-06,0.101,0.456
31,False,0.468,0.822,6,-6.792,0,0.0748,0.00691,0.00107,0.222,0.808
17,False,0.211,0.154,0,-18.504,1,0.0356,0.827,0.117,0.0968,0.111
48,False,0.7,0.89,6,-4.802,0,0.119,0.0132,0.745,0.186,0.408
49,True,0.694,0.717,5,-5.468,0,0.0467,0.0674,0.0,0.143,0.306
0,False,0.738,0.748,0,-4.902,1,0.0453,0.182,0.0,0.109,0.896
54,False,0.654,0.82,2,-5.769,1,0.0648,0.00368,0.364,0.195,0.617
29,False,0.263,0.689,9,-10.704,1,0.0428,0.000859,0.0,0.337,0.63
12,False,0.73,0.693,10,-8.105,0,0.198,0.00333,4.89e-05,0.362,0.248
9,False,0.54,0.77,5,-11.845,0,0.0499,0.88,0.879,0.115,0.0557
39,True,0.923,0.968,1,-1.407,1,0.181,0.2,0.000174,0.328,0.52
70,False,0.741,0.931,10,-3.447,0,0.0563,0.0225,0.000102,0.191,0.517
21,False,0.73,0.435,8,-6.678,1,0.042,0.284,0.0107,0.151,0.456
46,False,0.75,0.652,3,-9.402,1,0.0558,0.00918,0.919,0.141,0.0383
57,False,0.818,0.748,11,-6.678,0,0.0717,0.00791,0.00775,0.207,0.472
70,False,0.573,0.441,6,-5.799,0,0.0758,0.186,0.0,0.61,0.389
0,False,0.319,0.332,4,-7.676,1,0.0303,0.797,1.44e-05,0.101,0.224
17,False,0.354,0.0811,7,-25.987,1,0.0463,0.994,0.964,0.142,0.454
5,False,0.686,0.741,9,-3.517,1,0.0355,0.173,0.0,0.16,0.565
21,False,0.53,0.878,2,-5.931,0,0.0393,2.52e-05,0.132,0.177,0.412
22,False,0.512,0.821,0,-7.53,1,0.0412,0.0411,0.00481,0.946,0.602
15,False,0.424,0.99,11,-4.127,1,0.124,2.35e-05,0.419,0.14,0.0704
10,False,0.667,0.839,6,-8.114,0,0.0391,0.00645,0.181,0.657,0.0389
39,False,0.583,0.263,2,-8.664,1,0.0278,0.709,0.0,0.322,0.232
2,False,0.555,0.921,8,-4.606,1,0.0369,0.00264,0.000205,0.117,0.775
1,False,0.814,0.74,0,-5.738,1,0.145,0.165,0.0,0.111,0.7
57,False,0.582,0.681,5,-6.138,1,0.0458,0.342,0.0,0.186,0.273
0,False,0.645,0.686,9,-4.645,1,0.028,0.0304,1.66e-06,0.143,0.941
26,False,0.242,0.958,9,-4.763,1,0.108,0.0049,1.95e-05,0.17,0.473
45,False,0.597,0.665,4,-2.682,1,0.034,0.799,0.0,0.42,0.682
0,False,0.829,0.726,10,-7.476,0,0.102,0.00686,0.00509,0.0443,0.517
45,False,0.638,0.324,0,-7.787,0,0.0321,0.923,3.4e-05,0.151,0.446
37,True,0.605,0.536,7,-6.73,0,0.0421,0.461,0.0,0.0896,0.713
19,False,0.631,0.962,0,1.028,1,0.133,0.00376,0.513,0.0716,0.134
3,False,0.713,0.833,11,-5.198,1,0.0483,0.0295,0.0,0.0868,0.552
0,False,0.593,0.768,8,-10.459,1,0.0515,0.0535,0.0049,0.0476,0.874
0,False,0.386,0.124,0,-9.736,1,0.0306,0.928,0.0,0.116,0.46
57,False,0.557,0.857,2,-3.809,1,0.0489,0.00531,0.0,0.115,0.647
17,False,0.629,0.577,11,-6.696,1,0.0412,0.0259,0.784,0.078,0.193
39,False,0.621,0.719,6,-7.509,0,0.031,0.554,0.0,0.259,0.78
46,False,0.388,0.708,8,-7.456,1,0.0396,0.332,0.0,0.98,0.655
24,False,0.293,0.635,2,-16.697,1,0.0545,0.0225,0.239,0.372,0.15
17,False,0.675,0.646,6,-11.255,0,0.0451,0.00427,0.893,0.133,0.6
0,False,0.129,0.0209,7,-30.103,1,0.0428,0.965,0.0386,0.0544,0.0427
0,False,0.556,0.567,9,-11.426,0,0.0333,0.0577,0.00144,0.0907,0.856
34,False,0.803,0.525,2,-11.888,1,0.0612,0.000253,0.873,0.0967,0.158
48,False,0.567,0.828,0,-3.24,1,0.0322,0.489,0.0,0.368,0.657
43,False,0.637,0.783,0,-6.727,1,0.0503,0.661,2.6e-05,0.44,0.568
10,False,0.235,0.413,7,-22.352,0,0.0898,0.964,0.932,0.219,0.212
30,False,0.687,0.402,5,-8.967,0,0.0985,0.828,0.000428,0.0622,0.646
46,False,0.694,0.904,4,-4.65,0,0.045,0.092,0.0256,0.0445,0.67
0,False,0.552,0.74,2,-2.335,1,0.124,0.074,0.0,0.113,0.601
19,False,0.587,0.44,9,-7.782,1,0.0946,0.81,0.0,0.115,0.73
81,False,0.601,0.532,10,-9.119,1,0.0286,0.432,6.25e-06,0.0925,0.341
21,True,0.728,0.398,5,-12.63,1,0.936,0.912,0.0,0.519,0.623
72,True,0.747,0.834,3,-2.867,0,0.045,0.374,0.0,0.0586,0.687
33,True,0.715,0.849,1,-3.434,0,0.0804,0.0936,4.46e-05,0.12,0.293
6,False,0.607,0.767,5,-6.069,0,0.0474,0.118,0.0,0.122,0.662
51,False,0.628,0.613,4,-7.209,0,0.0705,0.0271,0.0,0.291,0.218
15,False,0.269,0.515,8,-8.963,1,0.0426,0.869,0.115,0.166,0.57
51,False,0.73,0.558,8,-6.535,1,0.0786,0.0179,0.0,0.128,0.618
76,False,0.464,0.491,7,-7.039,1,0.0392,0.837,1.39e-06,0.111,0.106
0,False,0.804,0.786,10,-3.837,0,0.0735,0.144,0.0,0.0928,0.575
22,False,0.532,0.253,0,-16.117,1,0.0318,0.333,0.959,0.109,0.0394
0,False,0.721,0.92,1,-8.355,0,0.0554,0.0151,3.94e-06,0.0911,0.113
20,False,0.613,0.766,0,-6.554,1,0.0638,0.641,0.000273,0.196,0.65
59,True,0.821,0.41,0,-5.587,1,0.045,0.0172,0.0,0.113,0.197
54,False,0.324,0.0711,9,-23.476,0,0.0364,0.985,0.857,0.0925,0.0426
0,True,0.908,0.559,11,-6.329,1,0.333,0.00656,0.0,0.234,0.616
45,False,0.642,0.786,9,-3.557,1,0.0791,0.285,0.0,0.697,0.862
0,False,0.647,0.816,0,-4.824,0,0.0648,0.179,0.0,0.314,0.725
60,False,0.611,0.624,9,-4.349,1,0.0349,0.734,0.0,0.0629,0.523
0,False,0.373,0.114,5,-13.171,1,0.041,0.937,4.73e-05,0.104,0.172
26,False,0.525,0.933,8,-5.201,1,0.0949,0.0011,1.5e-05,0.247,0.55
0,False,0.705,0.567,0,-7.054,1,0.0306,0.0199,0.0,0.0937,0.562
56,False,0.657,0.192,10,-13.108,0,0.0365,0.894,0.0,0.157,0.305
34,False,0.511,0.748,2,-11.793,1,0.0434,0.173,0.0,0.22,0.895
38,False,0.508,0.928,7,-5.373,1,0.0966,0.0795,0.0134,0.0993,0.76
53,False,0.717,0.679,2,-11.766,1,0.0528,0.169,0.038,0.109,0.528
52,False,0.766,0.38,4,-16.165,0,0.0409,0.756,0.0061,0.137,0.292
45,False,0.327,0.647,7,-9.76,1,0.0376,0.782,0.934,0.0996,0.531
24,False,0.353,0.973,1,-3.126,1,0.117,0.00764,0.0,0.105,0.707
27,False,0.479,0.884,7,-3.263,0,0.0355,0.582,0.000155,0.187,0.742
8,False,0.816,0.408,5,-18.515,0,0.0883,0.000132,0.911,0.0478,0.272
43,False,0.533,0.701,4,-14.954,1,0.112,0.0868,0.0213,0.0661,0.912
34,False,0.807,0.884,1,-8.432,0,0.0859,0.000397,0.0633,0.0427,0.577
43,False,0.906,0.376,2,-10.93,1,0.078,0.138,0.000315,0.102,0.762
0,False,0.437,0.255,10,-20.81,1,0.044,0.786,2.06e-05,0.164,0.131
22,False,0.0,0.0268,7,-30.1,1,0.0,0.964,0.993,0.124,0.0
22,False,0.637,0.954,9,-7.604,0,0.0448,0.344,0.0,0.0623,0.883
43,False,0.559,0.851,11,-5.199,1,0.0328,0.000964,0.0,0.228,0.515
21,False,0.428,0.972,6,-2.544,1,0.1,0.282,0.0201,0.371,0.24
45,False,0.754,0.874,9,-5.847,1,0.047,0.144,6.15e-05,0.834,0.682
42,False,0.536,0.632,3,-10.067,0,0.0641,0.599,0.921,0.159,0.566
21,False,0.619,0.615,4,-17.641,0,0.0391,0.0511,0.0222,0.055,0.545
29,False,0.53,0.99,7,-2.832,0,0.326,0.101,0.0,0.101,0.152
34,False,0.163,0.8,4,-15.65,1,0.102,0.2,0.908,0.372,1e-05
0,False,0.396,0.44,0,-9.062,1,0.0459,0.915,5.1e-05,0.697,0.18
70,False,0.608,0.614,2,-3.727,1,0.0285,0.227,4.06e-06,0.157,0.402
40,False,0.534,0.973,8,-4.274,0,0.0585,0.000866,0.0,0.0585,0.763
35,False,0.397,0.188,8,-11.135,1,0.0394,0.947,1.23e-05,0.121,0.368
10,False,0.81,0.463,0,-14.37,0,0.0936,0.0155,0.913,0.0907,0.56
20,False,0.427,0.882,11,-8.906,0,0.0412,0.000392,0.736,0.0973,0.14
69,False,0.457,0.83,5,-5.262,1,0.0321,0.00682,0.00337,0.166,0.602
49,False,0.934,0.269,2,-11.631,1,0.0712,0.731,2.96e-06,0.0727,0.965
45,False,0.646,0.782,11,-4.422,1,0.0366,0.634,0.0,0.128,0.641
54,False,0.718,0.397,10,-16.856,0,0.062,0.39,0.443,0.0622,0.329
43,False,0.259,0.55,7,-11.353,1,0.0324,0.368,1.63e-06,0.329,0.64
66,False,0.63,0.729,6,-4.93,1,0.0287,0.123,8e-06,0.0786,0.44
26,False,0.785,0.344,8,-19.59,0,0.0382,0.619,0.0109,0.0786,0.636
44,False,0.823,0.381,1,-7.372,1,0.0889,0.000497,0.000542,0.14,0.46
50,False,0.715,0.885,7,-5.802,1,0.0436,0.0337,1.11e-06,0.223,0.779
6,False,0.668,0.574,11,-12.354,0,0.05,0.00662,0.755,0.386,0.403
46,False,0.552,0.585,4,-6.362,0,0.0261,0.000572,0.000927,0.078,0.275
33,False,0.612,0.374,2,-12.112,0,0.0345,0.865,0.000304,0.666,0.244
28,False,0.743,0.306,7,-12.992,1,0.0458,0.555,0.881,0.522,0.371
38,False,0.251,0.39,2,-10.578,0,0.0307,0.882,0.143,0.932,0.0567
64,True,0.744,0.422,1,-8.946,1,0.294,0.0319,0.00011,0.11,0.493
0,False,0.36,0.141,4,-15.662,0,0.0292,0.938,0.000494,0.14,0.223
39,False,0.628,0.728,4,-6.87,1,0.0459,0.736,0.0,0.609,0.776
48,False,0.359,0.861,11,-9.22,0,0.214,0.599,1.8e-06,0.986,0.662
26,False,0.745,0.601,7,-9.629,1,0.0329,0.451,0.0724,0.124,0.965
10,False,0.704,0.833,4,-8.285,0,0.0805,0.00345,0.903,0.0741,0.961
34,False,0.591,0.505,11,-7.891,1,0.0264,0.0404,0.000111,0.381,0.458
35,False,0.551,0.915,2,-1.727,1,0.252,0.00628,0.00144,0.135,0.318
44,True,0.872,0.459,4,-11.909,1,0.0513,0.00134,0.724,0.0918,0.521
53,False,0.479,0.81,6,-4.374,0,0.0314,0.00571,8.92e-05,0.174,0.179
20,False,0.222,0.229,10,-17.328,1,0.0391,0.966,0.844,0.287,0.276
33,False,0.756,0.555,7,-5.478,1,0.116,0.0183,6.46e-06,0.141,0.683
10,False,0.776,0.548,11,-7.941,0,0.0707,0.00315,0.9,0.0632,0.358
18,False,0.284,0.899,10,-9.932,0,0.139,9.1e-06,0.0869,0.0533,0.319
0,True,0.776,0.629,0,-6.09,1,0.0505,0.0268,0.0,0.114,0.104
58,False,0.645,0.371,6,-13.141,0,0.0586,0.782,0.882,0.633,0.131
44,False,0.944,0.808,11,-4.167,0,0.293,0.008,0.0,0.0811,0.66
32,False,0.749,0.709,2,-6.058,0,0.034,0.0581,0.0,0.187,0.775
24,True,0.536,0.78,5,-9.449,0,0.945,0.792,0.0,0.735,0.452
44,False,0.829,0.596,1,-6.913,1,0.229,0.0749,0.0,0.586,0.0921
62,False,0.57,0.931,4,-5.78,0,0.0503,0.0429,0.0,0.375,0.4
0,False,0.674,0.666,10,-9.749,1,0.0381,0.392,0.0,0.231,0.734
35,False,0.589,0.867,10,-4.523,1,0.0385,0.041,0.0,0.306,0.795
37,False,0.669,0.841,10,-3.778,0,0.214,0.0782,8.03e-05,0.353,0.817
5,False,0.202,0.742,0,-5.29,1,0.124,0.00169,0.000483,0.128,0.155
26,False,0.653,0.932,9,-6.428,1,0.0451,0.17,4.94e-06,0.11,0.721
0,False,0.409,0.946,2,-2.878,1,0.0551,0.235,3.45e-05,0.353,0.707
23,False,0.277,0.886,7,-7.724,1,0.0648,5.36e-05,0.874,0.181,0.434
3,True,0.565,0.551,0,-7.007,0,0.0687,0.0845,0.0,0.139,0.125
54,False,0.494,0.0345,4,-19.24,0,0.0374,0.985,0.952,0.223,0.192
29,False,0.701,0.79,0,-4.614,1,0.0287,0.008,0.000226,0.266,0.566
62,False,0.774,0.886,1,-7.569,1,0.0501,0.0306,0.129,0.0252,0.868
23,False,0.725,0.892,7,-13.915,1,0.286,0.347,0.0154,0.177,0.186
41,False,0.63,0.313,0,-10.467,1,0.0255,0.87,2.38e-05,0.113,0.167
18,False,0.588,0.738,1,-12.566,0,0.03,0.527,0.936,0.26,0.227
0,False,0.438,0.649,2,-10.139,1,0.068,0.179,1.46e-06,0.0676,0.745
20,False,0.503,0.621,4,-11.525,1,0.941,0.871,0.0,0.796,0.555
44,False,0.606,0.855,4,-2.713,0,0.0584,0.269,0.0,0.413,0.764
28,False,0.299,0.337,3,-17.328,1,0.0506,0.947,0.916,0.113,0.396
37,False,0.769,0.293,5,-12.561,1,0.0298,0.665,0.00134,0.187,0.434
60,True,0.495,0.993,7,-3.014,1,0.145,0.000151,0.0,0.368,0.29
26,False,0.704,0.516,8,-9.804,1,0.0835,0.551,0.0,0.281,0.806
50,False,0.389,0.314,2,-8.559,1,0.0345,0.772,0.576,0.109,0.107
69,True,0.954,0.41,0,-7.725,1,0.157,0.608,1.76e-05,0.133,0.457
43,False,0.72,0.747,11,-7.518,1,0.0703,0.304,0.0,0.134,0.85
1,False,0.522,0.585,7,-7.205,1,0.129,0.00208,0.0,0.0909,0.411
36,False,0.639,0.784,2,-6.524,1,0.0284,0.0151,0.352,0.198,0.694
46,False,0.28,0.477,3,-9.151,1,0.041,0.917,0.0,0.117,0.496
12,False,0.218,0.967,11,-5.233,1,0.268,1.09e-05,0.692,0.518,0.172
54,False,0.538,0.489,4,-11.155,1,0.0523,0.193,8.88e-05,0.209,0.393
70,False,0.487,0.949,2,-4.217,0,0.0798,0.000429,2.91e-05,0.231,0.406
0,False,0.333,0.131,2,-17.756,0,0.0373,0.97,0.0228,0.217,0.126
54,False,0.874,0.514,5,-9.928,0,0.296,0.0635,0.0,0.0933,0.457
62,False,0.69,0.744,1,-12.721,1,0.0613,0.034,0.598,0.453,0.56
41,False,0.243,0.158,2,-24.65,0,0.0494,0.983,0.937,0.117,0.304
39,False,0.491,0.611,9,-10.38,0,0.0391,0.45,0.000114,0.252,0.931
79,False,0.595,0.784,1,-4.878,1,0.102,0.216,0.0,0.0608,0.479
0,False,0.788,0.419,4,-14.318,0,0.0643,0.152,0.165,0.169,0.842
57,False,0.0697,0.0936,3,-22.559,1,0.0459,0.971,0.84,0.09,0.0262
29,False,0.552,0.499,2,-12.078,1,0.131,0.65,0.0685,0.117,0.665
0,True,0.724,0.659,3,-5.735,0,0.0574,0.0195,0.00214,0.0535,0.475
43,False,0.447,0.502,2,-8.603,1,0.043,0.376,5.16e-06,0.965,0.196
0,False,0.579,0.978,0,-5.327,0,0.0548,8.55e-05,0.000141,0.0955,0.558
19,False,0.667,0.836,2,-6.815,0,0.0395,0.000136,0.703,0.342,0.309
47,False,0.339,0.624,8,-4.755,1,0.0313,0.421,1.36e-05,0.126,0.408
20,False,0.524,0.907,6,-1.904,0,0.2,0.209,9.36e-05,0.326,0.22
21,True,0.326,0.979,5,-8.173,1,0.153,0.00564,0.321,0.263,0.429
61,True,0.942,0.892,6,-6.363,0,0.196,0.023,0.000897,0.264,0.595
31,False,0.758,0.459,11,-11.107,1,0.0709,0.615,0.00029,0.166,0.87
19,False,0.531,0.713,2,-3.32,1,0.252,0.00589,0.386,0.253,0.183
2,False,0.601,0.824,0,-4.757,1,0.0474,0.00866,0.173,0.155,0.246
0,False,0.604,0.951,10,-3.423,0,0.0373,0.177,0.881,0.0873,0.504
59,False,0.905,0.607,0,-10.677,1,0.293,0.74,0.0,0.968,0.969
22,False,0.716,0.859,0,-2.89,1,0.0374,0.114,2.6e-05,0.0826,0.832
8,False,0.781,0.49,7,-12.236,1,0.0452,0.217,0.426,0.0809,0.608
49,False,0.755,0.274,0,-12.403,1,0.034,0.848,1.57e-06,0.131,0.535
18,False,0.142,0.753,3,-11.267,1,0.0551,0.000246,0.238,0.354,0.0806
1,False,0.847,0.69,1,-7.877,0,0.0493,0.0127,6e-05,0.0526,0.692
48,False,0.549,0.954,5,-7.046,1,0.152,0.00127,0.16,0.142,0.613
30,False,0.634,0.936,7,-4.231,0,0.0363,0.0056,0.0,0.165,0.507
28,False,0.529,0.673,1,-6.053,0,0.0284,0.0652,8.12e-06,0.325,0.362
22,True,0.469,0.969,6,-5.982,1,0.124,9.62e-06,0.0799,0.0494,0.212
50,False,0.282,0.92,9,-5.862,1,0.104,7.83e-06,0.000179,0.225,0.254
18,False,0.763,0.871,4,-8.779,0,0.055,0.0238,0.14,0.438,0.618
35,True,0.674,0.584,0,-7.193,1,0.136,0.55,0.0,0.083,0.689
32,False,0.698,0.744,6,-3.082,1,0.158,0.0132,0.0261,0.214,0.56
40,False,0.652,0.787,1,-5.79,0,0.0355,0.0403,4.59e-05,0.145,0.437
41,False,0.62,0.656,11,-10.184,1,0.0379,0.305,0.0,0.494,0.855
44,False,0.771,0.666,4,-6.631,0,0.443,0.0416,0.0231,0.0845,0.774
57,False,0.49,0.592,0,-13.54,1,0.0405,0.614,0.713,0.136,0.28
66,False,0.607,0.695,0,-9.537,1,0.0567,0.163,4.26e-06,0.109,0.594
0,False,0.763,0.906,2,-4.856,1,0.0336,0.174,1.35e-06,0.176,0.961
23,False,0.561,0.736,5,-10.162,1,0.0662,0.0115,0.000223,0.926,0.356
35,False,0.472,0.554,0,-10.442,1,0.157,0.903,5.09e-05,0.0865,0.652
56,False,0.427,0.586,0,-5.325,1,0.0286,0.324,0.0,0.0818,0.509
21,False,0.372,0.0183,3,-31.907,1,0.0512,0.994,0.924,0.196,0.369
0,False,0.694,0.888,11,-2.983,1,0.0723,0.0353,0.0,0.275,0.691
47,False,0.819,0.607,1,-7.631,1,0.0767,0.000703,0.886,0.0721,0.124
49,False,0.598,0.537,9,-8.281,1,0.0326,0.285,0.0,0.13,0.397
39,False,0.547,0.943,8,-1.881,1,0.0909,0.0141,0.0,0.357,0.609
39,False,0.579,0.905,7,-6.62,1,0.185,0.254,0.0,0.927,0.39
20,False,0.393,0.418,9,-7.178,0,0.0344,0.703,0.0,0.131,0.0662
42,False,0.626,0.707,2,-4.761,1,0.0335,0.22,0.0,0.221,0.481
0,False,0.577,0.749,5,-3.826,0,0.0278,0.00752,1.27e-05,0.131,0.847
74,False,0.432,0.781,4,-4.038,0,0.0567,0.041,4.21e-06,0.0789,0.197
40,False,0.602,0.812,9,-8.006,1,0.293,0.27,0.0,0.354,0.832
46,False,0.582,0.78,7,-4.519,1,0.0506,0.00365,0.0447,0.111,0.227
41,False,0.381,0.956,1,-1.869,1,0.12,0.000198,0.356,0.0702,0.23
42,False,0.428,0.0373,0,-24.593,1,0.0422,0.992,0.915,0.12,0.159
18,False,0.549,0.718,3,-3.256,0,0.0356,0.000549,0.699,0.0736,0.0367
0,False,0.638,0.762,10,-4.053,1,0.0976,0.0583,0.0,0.0523,0.736
54,False,0.649,0.788,9,-9.607,1,0.0373,0.0717,0.00232,0.0936,0.869
43,False,0.51,0.982,6,-3.362,0,0.0704,0.0311,2.8e-06,0.0973,0.487
46,False,0.538,0.624,1,-5.651,1,0.0322,0.684,0.00403,0.0776,0.255
19,False,0.523,0.379,5,-12.398,1,0.0414,0.705,0.776,0.0783,0.968
63,False,0.56,0.696,7,-5.583,1,0.0473,0.535,0.0,0.325,0.39
8,False,0.449,0.499,10,-10.375,0,0.0342,0.77,0.821,0.0981,0.395
64,False,0.725,0.58,10,-7.112,0,0.03,0.543,0.0,0.106,0.369
29,False,0.695,0.861,5,-8.686,1,0.0775,0.131,0.0,0.754,0.871
0,False,0.675,0.457,7,-7.711,1,0.0319,0.481,0.0,0.112,0.785
45,False,0.355,0.264,0,-10.174,1,0.029,0.539,0.00353,0.0988,0.107
70,False,0.71,0.686,0,-4.926,1,0.0713,0.296,0.0,0.492,0.483
59,False,0.463,0.917,11,-3.885,0,0.0701,0.000867,5.83e-05,0.125,0.503
48,False,0.597,0.392,10,-9.656,0,0.0294,0.883,0.000295,0.11,0.535
0,False,0.802,0.516,6,-7.118,0,0.0425,0.0502,0.00155,0.106,0.911
0,False,0.671,0.801,10,-3.366,1,0.0322,0.247,0.0,0.328,0.473
6,False,0.446,0.106,7,-21.427,1,0.0459,0.987,0.696,0.101,0.844
0,False,0.586,0.846,7,-3.423,1,0.0433,0.0688,0.0,0.067,0.714
14,False,0.43,0.363,0,-17.472,1,0.0512,0.909,0.358,0.29,0.395
32,False,0.285,0.571,8,-7.216,1,0.0427,0.19,0.275,0.142,0.147
39,False,0.292,0.45,9,-10.93,1,0.044,0.747,0.00378,0.0939,0.467
26,True,0.406,0.995,6,-1.486,1,0.154,0.00173,2.62e-06,0.24,0.0619
18,False,0.437,0.515,0,-5.193,1,0.0338,0.868,0.026,0.399,0.577
44,False,0.579,0.612,10,-5.088,1,0.0266,0.702,0.00195,0.254,0.623
65,False,0.688,0.701,3,-7.505,1,0.0298,0.06,0.0301,0.271,0.385
0,False,0.565,0.61,0,-13.236,1,0.0372,0.568,0.0,0.245,0.921
55,False,0.436,0.721,11,-5.956,0,0.0852,0.273,0.0,0.132,0.73
0,False,0.257,0.217,5,-11.745,1,0.0279,0.636,5.92e-06,0.268,0.203
42,False,0.826,0.539,2,-4.855,1,0.102,0.0317,0.0,0.074,0.808
0,False,0.394,0.192,3,-12.143,0,0.0449,0.987,0.0,0.12,0.202
39,False,0.0,4.28e-05,2,-18.683,1,0.0,0.194,0.999,0.718,0.0
20,False,0.623,0.37,5,-11.849,1,0.273,0.794,0.0,0.288,0.607
0,False,0.854,0.446,1,-8.957,0,0.198,0.313,0.215,0.156,0.57
64,False,0.62,0.468,0,-7.492,1,0.04,0.619,0.0,0.322,0.646
48,False,0.765,0.702,7,-7.879,0,0.0486,0.121,0.906,0.666,0.239
48,False,0.542,0.812,7,-5.374,1,0.0285,0.0292,0.00859,0.426,0.455
18,False,0.501,0.418,0,-11.53,1,0.0282,0.616,0.0,0.0959,0.232
66,False,0.431,0.00807,4,-29.783,0,0.0459,0.995,0.932,0.112,0.334
39,False,0.538,0.443,11,-15.545,0,0.0615,0.198,0.0,0.0877,0.731
0,False,0.798,0.821,7,-6.143,1,0.0596,0.0985,5.84e-06,0.178,0.526
57,False,0.516,0.0213,1,-33.477,1,0.0392,0.986,0.956,0.145,0.0481
57,False,0.496,0.117,0,-12.884,1,0.0301,0.933,0.0,0.126,0.318
21,False,0.279,0.961,9,-3.239,1,0.567,0.0146,0.0,0.351,0.115
94,True,0.804,0.674,5,-5.453,0,0.0333,0.294,1.18e-06,0.115,0.292
18,False,0.376,0.554,5,-11.649,0,0.0313,0.317,0.856,0.427,0.677
36,False,0.752,0.874,6,-3.575,0,0.159,0.0188,0.795,0.151,0.394
0,False,0.645,0.822,11,-3.679,1,0.212,0.0493,0.0,0.193,0.837
57,True,0.612,0.654,11,-4.932,0,0.298,0.224,0.0,0.102,0.689
26,False,0.566,0.585,9,-8.005,1,0.0312,0.385,3.64e-05,0.121,0.52
0,True,0.835,0.718,7,-5.62,0,0.0694,0.226,1.99e-06,0.108,0.427
0,False,0.344,0.264,9,-14.2,0,0.0375,0.974,7.34e-06,0.105,0.0458
48,False,0.652,0.969,1,0.074,1,0.333,0.00211,0.00252,0.337,0.361
39,False,0.627,0.946,6,-5.006,0,0.0409,0.00825,0.0013,0.319,0.657
1,False,0.568,0.396,8,-13.921,1,0.029,0.738,0.159,0.116,0.578
21,False,0.51,0.798,6,-11.098,0,0.042,0.00159,0.136,0.0569,0.473
19,False,0.486,0.936,2,-2.976,1,0.0896,0.0415,0.0,0.0942,0.475
40,False,0.508,0.625,0,-6.433,1,0.0362,0.499,0.0,0.099,0.34
61,False,0.545,0.875,1,-3.714,1,0.0337,0.0737,0.0,0.215,0.675
44,False,0.67,0.506,2,-8.022,1,0.0532,0.172,0.0,0.352,0.497
10,False,0.758,0.983,8,-7.401,0,0.0497,0.00064,0.859,0.109,0.147
43,False,0.623,0.533,10,-8.825,1,0.0456,0.388,4.05e-06,0.768,0.35
59,False,0.372,0.6,4,-6.027,0,0.0351,0.00643,3.37e-05,0.139,0.0753
65,False,0.731,0.484,0,-5.579,1,0.0354,0.73,3.01e-06,0.326,0.35
9,False,0.487,0.222,5,-14.956,0,0.0394,0.985,0.00155,0.126,0.477
46,False,0.166,0.969,9,-5.107,0,0.07,0.00377,0.0,0.15,0.709
41,False,0.488,0.893,4,-4.656,1,0.0995,0.293,0.0,0.823,0.363
13,False,0.0588,0.756,7,-3.423,1,0.08,2.79e-06,0.745,0.909,0.106
47,False,0.182,0.202,8,-28.542,1,0.0908,0.977,0.0358,0.111,0.0365
0,False,0.694,0.815,4,-6.2,0,0.0413,0.0629,0.000119,0.141,0.319
19,True,0.255,0.978,10,-5.401,0,0.116,0.00129,0.376,0.161,0.036
32,False,0.572,0.399,1,-9.204,0,0.0284,0.818,0.00249,0.101,0.346
0,False,0.705,0.927,1,-2.701,1,0.0776,0.0327,0.0,0.0705,0.945
0,False,0.44,0.838,9,-6.196,1,0.0423,0.0956,0.0,0.473,0.619
46,False,0.45,0.679,1,-8.659,0,0.0683,0.224,0.00114,0.107,0.263
5,False,0.868,0.412,7,-8.561,1,0.105,0.000437,0.272,0.106,0.572
27,True,0.852,0.663,1,-7.542,1,0.262,0.126,2.03e-05,0.383,0.752
39,False,0.697,0.845,8,-6.274,1,0.0827,0.231,0.0,0.0861,0.801
20,False,0.438,0.978,0,-2.487,0,0.0936,6.46e-05,9.12e-05,0.219,0.556
5,False,0.785,0.906,10,-10.132,0,0.0525,1.78e-05,0.733,0.0601,0.515
26,False,0.675,0.209,0,-15.915,1,0.143,0.837,0.0,0.156,0.695
23,False,0.608,0.0277,7,-15.382,1,0.0452,0.938,3.76e-06,0.0874,0.314
14,False,0.649,0.38,0,-7.732,1,0.0855,0.854,0.867,0.0803,0.463
64,False,0.748,0.778,0,-4.582,0,0.0685,0.147,1.57e-06,0.093,0.607
27,False,0.499,0.879,10,-4.741,1,0.041,0.382,4.06e-06,0.331,0.799
0,False,0.685,0.797,2,-5.372,1,0.0558,0.506,0.00935,0.069,0.926
51,False,0.684,0.457,0,-7.248,1,0.0491,0.559,0.0,0.189,0.46
69,True,0.684,0.79,3,-4.871,0,0.0735,0.0271,0.000371,0.0854,0.549
3,False,0.478,0.185,5,-16.501,1,0.037,0.693,0.907,0.0665,0.941
0,False,0.283,0.201,9,-16.649,0,0.0322,0.49,0.00248,0.13,0.149
59,False,0.407,0.826,8,-8.29,1,0.0495,0.693,1.57e-05,0.285,0.891
36,False,0.393,0.27,7,-11.878,0,0.0305,0.814,0.0,0.217,0.297
39,False,0.793,0.532,7,-8.571,1,0.086,0.562,7.5e-06,0.211,0.965
64,False,0.608,0.567,7,-11.297,1,0.0445,0.819,0.0,0.344,0.861
36,False,0.717,0.784,6,-5.138,0,0.0353,0.73,0.0126,0.0851,0.978
0,False,0.532,0.842,2,-6.152,1,0.0403,0.00131,1.2e-06,0.33,0.715
43,False,0.757,0.716,2,-6.86,0,0.0481,0.41,0.00293,0.328,0.658
29,False,0.506,0.33,3,-14.013,1,0.083,0.684,0.0461,0.0567,0.842
55,False,0.484,0.573,5,-6.183,1,0.0298,0.0882,1.14e-06,0.15,0.346
31,False,0.779,0.913,7,-3.881,1,0.205,0.0683,0.0,0.397,0.735
26,False,0.524,0.328,11,-10.001,1,0.0403,0.817,0.0,0.118,0.599
72,False,0.798,0.813,4,-5.869,0,0.162,0.564,0.000142,0.108,0.942
0,False,0.572,0.835,2,-6.826,1,0.0516,0.337,0.0,0.082,0.468
11,False,0.309,0.993,7,-2.462,0,0.125,0.000173,0.00262,0.445,0.0769
54,False,0.379,0.805,6,-6.233,0,0.0993,0.352,0.0,0.968,0.722
21,False,0.588,0.888,2,-6.039,1,0.03,0.0504,0.00773,0.159,0.317
54,False,0.386,0.928,11,-3.774,1,0.0741,0.0165,0.0,0.333,0.922
55,False,0.61,0.489,10,-8.541,0,0.127,0.308,0.0,0.165,0.331
32,False,0.552,0.887,2,-3.412,1,0.0542,0.0189,0.0,0.0757,0.961
6,False,0.121,0.139,0,-24.034,1,0.0366,0.111,0.854,0.107,0.0393
52,True,0.607,0.755,9,-5.324,1,0.0446,0.75,0.00772,0.168,0.707
49,False,0.655,0.977,0,-2.738,1,0.269,0.0125,0.295,0.218,0.441
49,False,0.418,0.917,4,-3.202,1,0.0396,0.000444,0.068,0.102,0.0655
0,False,0.596,0.315,8,-9.175,1,0.0428,0.961,0.0,0.258,0.64
23,False,0.513,0.716,8,-11.695,1,0.029,3.22e-05,0.0107,0.058,0.801
0,False,0.781,0.429,1,-6.074,1,0.0345,0.232,0.831,0.103,0.703
52,False,0.586,0.197,2,-14.649,1,0.0307,0.847,3.36e-06,0.0515,0.299
67,False,0.829,0.435,0,-10.136,1,0.0515,0.0363,0.881,0.119,0.594
70,False,0.401,0.953,4,-4.276,1,0.0752,1.83e-05,2.56e-05,0.149,0.555
32,False,0.273,0.588,1,-9.564,0,0.0579,0.265,0.000307,0.178,0.138
2,False,0.574,0.966,4,-3.034,1,0.0685,0.0141,0.0,0.43,0.788
59,False,0.488,0.815,9,-4.354,0,0.0438,0.0148,0.00207,0.0744,0.0654
0,True,0.508,0.959,10,-5.327,1,0.139,3.33e-06,0.957,0.497,0.132
42,False,0.663,0.876,11,-2.961,1,0.0693,0.265,0.0,0.365,0.961
45,False,0.626,0.702,7,-8.525,1,0.0279,0.00274,0.000166,0.214,0.6
4,False,0.607,0.767,5,-6.069,0,0.0474,0.118,0.0,0.122,0.662
53,False,0.399,0.673,10,-5.635,1,0.0402,0.213,0.0,0.161,0.326
57,False,0.417,0.573,11,-7.33,1,0.0279,0.0801,0.0,0.0845,0.29
18,False,0.27,0.968,9,-5.351,0,0.104,2.02e-06,0.101,0.336,0.201
37,False,0.418,0.369,5,-10.05,1,0.0275,0.0498,0.439,0.169,0.473
2,True,0.812,0.855,7,-3.725,1,0.0554,0.0789,0.000167,0.108,0.573
19,False,0.756,0.223,0,-11.049,1,0.0322,0.837,6.53e-05,0.131,0.903
58,True,0.745,0.612,5,-5.86,0,0.0816,0.0856,0.0,0.088,0.461
36,False,0.541,0.98,8,-7.105,1,0.188,8.65e-06,0.00144,0.334,0.151
0,False,0.624,0.957,5,-3.276,0,0.055,0.0384,0.0,0.349,0.784
0,True,0.847,0.853,11,-4.724,0,0.123,0.11,0.0,0.14,0.811
59,False,0.216,0.199,1,-20.583,0,0.044,0.991,0.916,0.095,0.339
31,False,0.579,0.768,0,-5.552,1,0.0508,0.0996,0.00182,0.283,0.302
75,False,0.664,0.666,8,-2.203,1,0.0446,0.193,0.0,0.0854,0.405
70,False,0.734,0.775,8,-3.855,1,0.0614,0.186,0.000542,0.123,0.72
0,False,0.67,0.776,8,-4.091,0,0.047,0.00388,0.000189,0.122,0.624
0,False,0.369,0.499,6,-9.301,1,0.0448,0.829,1.75e-06,0.154,0.69
0,False,0.0877,0.0452,4,-22.712,0,0.0431,0.988,0.936,0.109,0.0353
0,False,0.467,0.207,0,-11.064,1,0.0264,0.836,1.05e-06,0.127,0.247
51,False,0.712,0.378,10,-9.692,0,0.176,0.93,0.917,0.109,0.241
24,False,0.501,0.793,9,-5.475,0,0.0422,0.00623,0.000369,0.141,0.0678
50,False,0.754,0.553,11,-8.757,0,0.0491,0.168,0.0,0.149,0.619
50,False,0.734,0.593,7,-7.667,0,0.0901,0.216,3.03e-05,0.305,0.2
1,False,0.62,0.754,9,-2.155,1,0.116,0.0578,0.0,0.0993,0.828
16,False,0.489,0.256,4,-10.127,0,0.0431,0.932,0.00157,0.245,0.511
32,False,0.372,0.869,6,-2.752,1,0.048,0.000558,1.68e-05,0.0928,0.644
12,False,0.649,0.975,9,-5.361,1,0.0917,0.0124,0.112,0.056,0.394
60,False,0.252,0.729,2,-10.022,0,0.0646,0.0974,0.00881,0.045,0.689
45,False,0.696,0.335,2,-10.913,1,0.0305,0.894,0.000372,0.0822,0.455
49,False,0.618,0.493,11,-10.31,0,0.0355,0.621,0.571,0.13,0.831
48,False,0.782,0.482,11,-6.683,1,0.03,0.653,0.000768,0.209,0.502
70,False,0.659,0.846,7,-5.508,1,0.0274,0.0318,0.0144,0.203,0.659
55,False,0.807,0.782,7,-3.579,1,0.0443,0.713,0.00112,0.419,0.891
22,False,0.174,0.101,9,-16.83,0,0.0402,0.98,0.591,0.115,0.0892
35,False,0.478,0.938,2,-3.556,1,0.0796,0.329,0.0,0.503,0.414
66,False,0.873,0.658,4,-8.031,0,0.108,0.00858,0.0061,0.0999,0.483
49,False,0.642,0.921,11,-3.066,0,0.0491,0.0228,1.13e-05,0.296,0.409
41,False,0.491,0.61,3,-7.918,1,0.0296,0.765,0.00628,0.331,0.84
43,False,0.547,0.675,9,-7.088,1,0.0295,0.556,0.0,0.963,0.735
4,False,0.511,0.961,7,-9.751,1,0.0693,0.0501,0.865,0.126,0.229
47,False,0.502,0.583,5,-4.002,1,0.115,0.318,0.0,0.101,0.295
30,False,0.412,0.81,7,-10.655,1,0.0725,0.0363,1.1e-05,0.104,0.966
34,False,0.855,0.484,5,-6.894,1,0.0514,0.0369,0.00745,0.128,0.923
0,False,0.729,0.764,9,-6.138,0,0.0452,0.201,0.000598,0.0807,0.964
74,False,0.809,0.752,11,-3.638,0,0.206,0.114,0.000187,0.303,0.858
20,False,0.563,0.919,1,-6.058,1,0.257,0.00188,0.768,0.1,0.43
46,False,0.56,0.276,9,-17.552,0,0.0404,0.396,0.863,0.105,0.245
18,False,0.73,0.756,9,-9.062,0,0.0457,0.0188,0.000137,0.181,0.642
19,False,0.321,0.868,6,-4.415,1,0.0458,0.00441,0.0366,0.0954,0.26
0,True,0.807,0.606,3,-8.871,0,0.0872,0.0946,0.0,0.119,0.304
18,False,0.758,0.803,11,-4.762,0,0.0329,0.0336,4.08e-06,0.203,0.791
1,True,0.6,0.914,9,-4.12,0,0.0374,0.00021,9.13e-06,0.204,0.605
41,True,0.802,0.589,7,-5.982,1,0.278,0.14,0.0,0.0571,0.46
0,False,0.178,0.373,5,-12.15,1,0.0396,0.802,0.0204,0.12,0.199
0,False,0.609,0.824,0,-8.383,1,0.0377,0.0782,0.0584,0.539,0.435
49,False,0.556,0.873,1,-1.145,1,0.164,0.237,2.63e-06,0.078,0.485
54,False,0.63,0.656,3,-6.415,1,0.0302,0.0508,0.00158,0.111,0.0848
26,False,0.649,0.904,1,-4.559,1,0.107,0.0297,0.073,0.104,0.354
52,False,0.722,0.699,8,-4.169,0,0.0274,0.196,0.00462,0.111,0.613
0,False,0.855,0.71,1,-5.321,1,0.0939,0.0426,0.0,0.337,0.591
66,False,0.612,0.963,5,-3.912,0,0.0531,0.00897,0.00378,0.294,0.179
5,False,0.675,0.817,5,-3.789,0,0.0497,0.00711,0.0,0.0839,0.446
51,False,0.749,0.794,5,-6.798,0,0.0379,0.0198,3.67e-05,0.1,0.385
63,True,0.604,0.995,10,-3.641,0,0.164,0.00306,0.626,0.109,0.262
63,False,0.494,0.786,11,-4.289,1,0.284,0.165,0.0,0.783,0.594
49,False,0.609,0.351,0,-8.49,1,0.0247,0.77,0.0,0.151,0.376
51,False,0.785,0.3,11,-9.348,1,0.0709,0.779,6.83e-06,0.165,0.528
55,True,0.766,0.728,8,-4.065,0,0.254,0.303,0.0,0.126,0.732
0,False,0.486,0.944,7,-3.924,1,0.0552,5.25e-05,0.00931,0.103,0.573
67,False,0.328,0.939,2,-1.654,0,0.0423,4.93e-05,0.0065,0.337,0.329
62,False,0.22,0.043,4,-28.726,0,0.0438,0.975,0.402,0.062,0.11
0,False,0.363,0.464,2,-8.569,1,0.0288,0.954,0.844,0.289,0.229
27,False,0.422,0.248,8,-8.245,1,0.03,0.95,1.16e-06,0.325,0.219
41,False,0.511,0.219,2,-20.59,1,0.0457,0.91,0.00229,0.0946,0.234
46,False,0.456,0.938,0,-5.055,1,0.0919,0.00134,0.646,0.0837,0.0651
27,False,0.734,0.739,10,-5.845,0,0.0602,0.0045,0.0143,0.207,0.822
31,False,0.609,0.454,0,-8.016,0,0.186,0.119,0.0,0.111,0.352
16,False,0.65,0.573,11,-6.175,1,0.0746,0.662,0.00797,0.324,0.57
38,False,0.375,0.953,3,-3.824,0,0.198,0.274,0.0,0.445,0.689
25,False,0.484,0.953,1,-3.557,1,0.0927,0.000165,0.00155,0.0658,0.667
2,True,0.812,0.855,7,-3.725,1,0.0554,0.0789,0.000167,0.108,0.573
23,False,0.565,0.772,6,-8.436,0,0.037,0.0271,0.00182,0.0649,0.576
63,False,0.547,0.666,6,-5.694,1,0.0393,0.4,0.0,0.144,0.43
61,False,0.887,0.581,11,-7.632,0,0.172,0.0396,0.000198,0.0788,0.786
28,False,0.445,0.969,9,-3.649,1,0.163,0.00296,0.000357,0.407,0.42
34,False,0.22,0.828,9,-7.309,1,0.0476,0.00935,0.000963,0.17,0.538
45,True,0.609,0.935,4,-3.182,1,0.234,0.23,1.42e-05,0.35,0.288
36,False,0.671,0.906,9,-4.919,1,0.0473,0.539,5.67e-05,0.24,0.856
1,False,0.378,0.934,11,-3.702,0,0.107,0.0013,0.0149,0.322,0.602
49,True,0.844,0.751,6,-4.651,1,0.129,0.596,4.38e-06,0.0507,0.801
0,False,0.727,0.796,7,-3.918,0,0.125,0.0627,0.0,0.166,0.701
74,False,0.665,0.673,0,-7.95,1,0.0493,0.259,7.62e-06,0.497,0.779
34,False,0.432,0.578,2,-9.514,1,0.0313,0.0469,0.00193,0.196,0.485
96,False,0.704,0.797,0,-5.927,1,0.0475,0.0826,0.000745,0.0546,0.825
23,False,0.661,0.938,6,-4.615,0,0.066,0.00539,0.19,0.327,0.392
22,False,0.454,0.987,8,-4.147,1,0.11,6.12e-06,0.663,0.284,0.0619
21,False,0.588,0.827,10,-8.357,0,0.0531,0.0215,0.807,0.139,0.0407
39,True,0.684,0.737,9,-4.236,1,0.0468,0.0121,7.68e-06,0.171,0.588
57,False,0.722,0.415,9,-10.069,1,0.0406,0.738,1.6e-05,0.0903,0.439
0,False,0.353,0.526,6,-15.455,0,0.0675,0.521,0.416,0.108,0.148
48,False,0.65,0.75,7,-4.408,1,0.0388,0.086,0.0,0.963,0.765
16,False,0.452,0.834,0,-12.89,1,0.0608,0.00708,0.481,0.419,0.535
32,False,0.713,0.415,5,-6.073,0,0.0459,0.913,0.966,0.0786,0.793
0,False,0.638,0.823,11,-4.935,0,0.0852,0.152,0.0,0.0968,0.52
35,True,0.486,0.931,1,-2.559,1,0.379,0.0912,0.0144,0.124,0.163
0,False,0.529,0.987,7,-5.788,0,0.0457,0.0143,0.794,0.406,0.5
0,False,0.753,0.652,11,-5.877,1,0.0594,0.133,0.0,0.0764,0.55
39,False,0.559,0.118,7,-16.34,1,0.0421,0.979,0.935,0.109,0.289
64,False,0.629,0.839,9,-5.768,0,0.0348,0.000883,0.0364,0.109,0.116
35,False,0.774,0.712,0,-3.996,1,0.127,0.0818,2.12e-05,0.363,0.865
0,True,0.908,0.559,11,-6.329,1,0.333,0.00656,0.0,0.234,0.616
22,False,0.569,0.196,9,-15.559,1,0.154,0.806,1.35e-06,0.0806,0.185
53,False,0.84,0.842,5,-2.641,0,0.231,0.2,6.95e-05,0.138,0.875
60,False,0.481,0.733,5,-7.633,1,0.165,0.573,1.17e-05,0.108,0.874
97,False,0.65,0.715,5,-5.198,0,0.253,0.0993,0.000291,0.126,0.187
49,False,0.611,0.697,9,-12.596,1,0.0347,0.164,0.935,0.0846,0.0388
27,False,0.479,0.571,2,-7.832,1,0.0751,0.0664,0.0,0.0607,0.547
70,False,0.729,0.551,0,-6.935,0,0.056,0.598,0.0,0.176,0.312
48,False,0.345,0.471,4,-8.184,1,0.0579,0.681,3.09e-05,0.155,0.312
24,False,0.527,0.87,2,-5.746,1,0.108,0.355,0.000109,0.383,0.306
27,False,0.185,0.119,0,-23.618,1,0.0527,0.811,0.853,0.118,0.346
0,False,0.551,0.857,0,-5.358,1,0.0369,0.0101,8.3e-06,0.12,0.919
0,False,0.302,0.0455,8,-15.532,1,0.0414,0.987,0.000605,0.229,0.122
51,False,0.682,0.97,2,-5.332,1,0.0459,0.00591,0.171,0.0448,0.959
43,False,0.691,0.684,0,-4.736,1,0.199,0.246,0.0,0.722,0.673
0,False,0.448,0.932,7,-4.424,1,0.0976,0.0174,0.0,0.347,0.709
38,False,0.712,0.877,0,-5.997,1,0.0533,0.00102,0.856,0.0824,0.232
0,False,0.799,0.847,11,-3.022,0,0.0541,0.0597,0.0,0.044,0.678
2,True,0.845,0.723,11,-5.18,1,0.263,0.0112,0.0,0.107,0.667
40,False,0.759,0.536,3,-8.537,1,0.0429,0.0455,0.0,0.0313,0.842
58,False,0.398,0.909,5,-2.493,1,0.0593,0.714,0.000553,0.286,0.644
0,False,0.659,0.741,1,-4.354,0,0.0388,0.072,0.0,0.166,0.454
29,False,0.338,0.353,0,-10.003,1,0.0333,0.814,4.96e-06,0.104,0.11
62,False,0.401,0.517,2,-6.618,0,0.0481,0.0661,0.0,0.202,0.471
25,False,0.566,0.549,4,-13.479,0,0.928,0.811,0.0,0.711,0.385
28,False,0.698,0.802,10,-7.394,0,0.0422,0.113,2.56e-06,0.0418,0.924
69,True,0.849,0.904,8,-4.78,1,0.138,0.0248,5.11e-05,0.0545,0.854
19,True,0.532,0.865,3,-4.27,1,0.122,0.00034,0.000849,0.202,0.308
65,False,0.71,0.518,11,-8.755,0,0.0656,0.236,2.39e-05,0.31,0.386
0,False,0.42,0.755,7,-5.904,1,0.0584,0.593,0.0,0.204,0.361
40,False,0.649,0.701,7,-3.182,0,0.0373,0.6,0.0,0.26,0.934
66,False,0.723,0.87,8,-3.013,0,0.0435,0.035,0.0,0.656,0.678
23,False,0.296,0.949,0,-1.733,1,0.102,0.00087,0.00455,0.287,0.257
37,False,0.434,0.88,11,-3.792,1,0.0691,5.34e-05,0.0,0.204,0.583
39,False,0.28,0.299,9,-9.68,0,0.0298,0.856,0.0295,0.104,0.109
29,False,0.268,0.504,2,-8.654,1,0.0302,0.0361,0.031,0.0868,0.254
0,False,0.611,0.509,9,-9.382,1,0.127,0.69,2.64e-06,0.0855,0.425
13,False,0.725,0.279,7,-12.816,1,0.038,0.902,0.00028,0.0921,0.778
31,False,0.577,0.807,11,-5.319,1,0.0297,0.00807,0.0,0.112,0.555
40,False,0.379,0.0138,2,-25.238,0,0.0467,0.991,0.948,0.106,0.378
44,False,0.542,0.608,7,-5.904,1,0.0272,0.601,0.0,0.637,0.58
1,False,0.886,0.708,4,-5.915,0,0.0911,0.107,0.0114,0.044,0.965
67,False,0.779,0.693,8,-6.033,0,0.0885,0.0832,0.0,0.0874,0.469
18,False,0.206,0.942,3,-7.241,1,0.0775,4.75e-06,0.909,0.485,0.243
24,False,0.602,0.963,0,-3.657,1,0.0382,0.0449,0.0,0.184,0.842
55,False,0.575,0.535,7,-7.452,1,0.331,0.121,0.0,0.122,0.713
57,False,0.716,0.29,9,-12.098,1,0.0332,0.634,7.3e-05,0.0987,0.281
44,False,0.63,0.351,9,-8.697,1,0.0368,0.661,9.29e-06,0.102,0.134
39,False,0.856,0.829,2,-3.664,1,0.0848,0.22,0.0,0.0432,0.723
55,False,0.695,0.8,8,-5.011,1,0.0345,0.0278,0.00118,0.118,0.39
47,False,0.574,0.84,5,-4.822,0,0.0643,0.000244,0.0,0.347,0.161
32,False,0.803,0.467,10,-10.171,0,0.0752,0.789,0.28,0.0565,0.935
23,False,0.598,0.719,7,-5.879,1,0.0499,0.027,0.123,0.0784,0.311
0,False,0.331,0.23,2,-21.548,1,0.0356,0.978,0.88,0.359,0.189
43,False,0.69,0.941,1,-5.02,0,0.0798,0.135,0.0,0.22,0.52
0,False,0.591,0.884,9,-10.861,0,0.0363,0.00188,7.88e-06,0.0775,0.685
70,False,0.231,0.0297,2,-31.544,1,0.0579,0.991,0.878,0.0742,0.07
68,False,0.711,0.396,0,-11.266,1,0.0486,0.829,3e-05,0.119,0.969
23,True,0.406,0.971,1,-5.354,1,0.185,0.000147,0.939,0.196,0.142
61,False,0.495,0.951,6,-1.642,0,0.0696,0.00195,0.0,0.252,0.748
0,False,0.694,0.853,4,-4.207,0,0.107,0.0367,9.89e-05,0.352,0.74
59,True,0.422,0.53,6,-10.989,0,0.123,0.528,0.00036,0.0899,0.209
32,False,0.646,0.37,11,-9.243,0,0.422,0.625,8.18e-06,0.0702,0.869
26,True,0.253,0.996,4,-2.893,0,0.22,0.000464,0.0,0.289,0.141
0,False,0.125,0.677,8,-9.416,1,0.048,1.68e-06,0.0056,0.382,0.299
44,False,0.377,0.779,5,-2.631,1,0.0425,0.0184,3.89e-05,0.207,0.29
48,False,0.386,0.824,11,-5.225,0,0.0317,0.000305,6.5e-06,0.269,0.362
35,False,0.679,0.737,1,-4.903,1,0.214,0.38,0.0,0.624,0.682
26,False,0.361,0.697,0,-4.943,1,0.037,0.527,0.000524,0.0837,0.236
63,False,0.548,0.654,4,-4.599,1,0.0313,0.113,0.0,0.241,0.317
46,False,0.698,0.517,11,-11.72,0,0.0684,0.046,0.587,0.252,0.33
62,False,0.534,0.959,1,-3.67,0,0.361,0.449,0.0,0.354,0.751
37,True,0.371,0.674,9,-3.72,1,0.0488,0.169,0.0,0.0889,0.92
60,False,0.572,0.984,10,-3.847,0,0.0626,0.00052,2.48e-06,0.044,0.524
41,False,0.794,0.491,8,-8.486,0,0.0437,0.0378,0.103,0.0768,0.568
27,False,0.36,0.167,3,-11.568,1,0.0577,0.949,4.07e-06,0.11,0.329
65,False,0.76,0.555,7,-10.165,1,0.0465,0.409,0.213,0.0822,0.52
52,False,0.666,0.661,10,-5.633,1,0.0307,0.0741,0.0,0.0859,0.62
0,False,0.557,0.793,4,-6.723,0,0.036,0.000513,0.75,0.494,0.0869
60,False,0.63,0.568,5,-9.051,0,0.0695,0.0658,0.0,0.102,0.785
21,False,0.159,0.413,7,-7.236,1,0.036,0.849,0.00437,0.137,0.217
0,False,0.647,0.585,6,-6.123,1,0.0512,0.00314,0.0,0.165,0.353
65,True,0.444,0.866,7,-6.217,1,0.111,0.000622,4.72e-05,0.105,0.375
46,False,0.286,0.145,4,-22.943,0,0.0353,0.454,0.0,0.214,0.324
67,True,0.274,0.726,9,-11.541,1,0.0449,0.000212,0.0113,0.0993,0.426
16,False,0.683,0.263,0,-12.968,1,0.0479,0.958,0.0,0.117,0.761
6,False,0.0925,0.254,9,-21.862,1,0.0438,0.266,0.761,0.122,0.0307
39,False,0.609,0.638,7,-8.149,0,0.0363,0.0517,0.0,0.0929,0.184
25,False,0.326,0.388,2,-11.21,1,0.0506,0.978,0.00641,0.252,0.486
51,False,0.409,0.931,7,-5.679,0,0.0454,0.000104,0.695,0.185,0.053
63,False,0.781,0.766,7,-8.728,1,0.0564,0.122,0.000104,0.121,0.798
48,False,0.763,0.477,0,-5.82,1,0.0312,0.542,0.0,0.108,0.789
73,False,0.575,0.571,1,-7.906,1,0.0439,0.0558,0.0,0.0912,0.449
45,False,0.53,0.944,11,-3.863,1,0.0844,5.68e-05,0.856,0.394,0.487
44,False,0.67,0.815,2,-5.062,1,0.0792,0.152,0.0,0.104,0.818
60,False,0.869,0.641,6,-6.218,0,0.0401,0.0168,0.000824,0.0624,0.932
46,False,0.345,0.315,11,-17.227,1,0.0467,0.96,0.929,0.078,0.286
36,False,0.573,0.971,10,-3.137,1,0.0581,0.00768,0.0,0.192,0.802
54,False,0.398,0.176,2,-8.68,0,0.0311,0.743,0.00509,0.118,0.0691
24,False,0.415,0.904,11,-3.603,0,0.0385,7.66e-05,0.000942,0.324,0.778
0,False,0.753,0.831,1,-4.702,0,0.247,0.148,2.32e-05,0.0902,0.684
0,False,0.179,0.939,7,-4.621,1,0.216,0.000118,0.84,0.122,0.116
26,True,0.518,0.816,6,-5.092,1,0.164,0.0061,0.00197,0.212,0.534
39,False,0.494,0.791,1,-4.91,1,0.054,0.594,1.21e-05,0.155,0.353
38,False,0.496,0.413,5,-11.456,1,0.033,0.697,2.26e-05,0.0682,0.358
19,False,0.612,0.368,1,-11.004,0,0.0299,0.287,0.0,0.346,0.229
61,False,0.402,0.912,2,-5.447,0,0.0442,0.00158,0.000179,0.0923,0.566
0,False,0.677,0.493,7,-6.595,1,0.0323,0.601,0.0,0.306,0.738
0,False,0.512,0.607,9,-5.289,1,0.0304,0.205,0.0,0.29,0.668
59,False,0.333,0.985,5,-2.843,0,0.0563,0.0326,0.769,0.226,0.393
0,False,0.322,0.48,1,-5.989,1,0.0492,0.746,0.0,0.113,0.304
2,False,0.757,0.723,1,-3.783,0,0.046,0.13,8.74e-06,0.0589,0.399
32,False,0.773,0.439,9,-17.062,1,0.0523,0.582,0.00394,0.0846,0.571
27,False,0.415,0.806,2,-5.247,1,0.0405,0.557,6.48e-06,0.717,0.211
28,False,0.425,0.818,11,-8.173,0,0.0431,2.71e-06,5.74e-05,0.0912,0.323
43,False,0.765,0.391,11,-15.283,1,0.0577,0.621,1.78e-06,0.276,0.551
6,False,0.642,0.759,11,-7.293,0,0.0437,0.0285,0.891,0.194,0.753
36,True,0.689,0.512,8,-9.104,0,0.0905,0.402,0.00425,0.223,0.281
25,False,0.884,0.631,7,-14.252,1,0.111,0.354,0.864,0.129,0.781
21,False,0.353,0.0923,7,-18.85,0,0.0688,0.993,0.935,0.14,0.0759
0,False,0.549,0.891,6,-4.044,1,0.0351,0.0141,0.00323,0.0661,0.508
53,False,0.56,0.787,7,-4.523,1,0.0303,0.263,3.9e-05,0.893,0.356
16,False,0.376,0.997,1,-6.295,0,0.317,0.013,0.128,0.144,0.0385
16,False,0.645,0.776,7,-7.026,0,0.0342,0.0865,0.85,0.0724,0.414
0,False,0.552,0.873,0,-6.065,1,0.0464,0.00137,0.000273,0.0966,0.62
50,False,0.877,0.396,10,-9.015,1,0.0559,0.331,0.0,0.0871,0.518
38,False,0.65,0.714,7,-6.063,1,0.0519,0.00459,0.0,0.241,0.489
79,False,0.685,0.909,3,-4.034,0,0.0396,0.0471,0.0,0.35,0.922
51,False,0.706,0.614,10,-10.284,0,0.299,0.294,0.0,0.16,0.558
53,False,0.441,0.138,11,-12.136,1,0.0352,0.93,0.00023,0.105,0.119
55,False,0.246,0.81,6,-5.091,0,0.0664,0.00744,2.02e-06,0.0963,0.194
45,False,0.505,0.852,5,-5.122,0,0.0415,0.0048,0.0,0.115,0.464
42,False,0.593,0.575,5,-7.893,0,0.0441,0.161,0.0,0.112,0.416
44,False,0.715,0.44,6,-8.986,0,0.0429,0.83,0.0213,0.0868,0.215
23,False,0.558,0.834,0,-5.552,0,0.045,0.0357,1.29e-05,0.194,0.483
21,False,0.68,0.152,8,-10.945,1,0.19,0.885,0.0,0.176,0.529
46,False,0.816,0.676,0,-5.682,1,0.0708,0.701,0.0139,0.201,0.0845
19,False,0.675,0.624,7,-9.285,0,0.0544,0.266,0.0,0.0458,0.725
15,False,0.156,0.332,9,-16.687,1,0.0349,0.117,0.894,0.111,0.0355
1,False,0.567,0.815,10,-4.668,1,0.0286,0.000277,0.104,0.0867,0.378
22,False,0.673,0.671,10,-7.802,1,0.0297,0.286,1.62e-06,0.103,0.921
22,False,0.386,0.0765,9,-16.383,0,0.0757,0.947,0.0724,0.209,0.174
58,False,0.6,0.684,5,-6.179,0,0.0257,0.342,1.53e-05,0.115,0.241
10,False,0.594,0.517,7,-8.056,1,0.0346,0.75,0.737,0.147,0.179
57,False,0.526,0.184,11,-12.648,1,0.0359,0.95,0.0,0.0778,0.237
58,False,0.497,0.278,7,-15.557,1,0.0513,0.731,0.000508,0.284,0.293
22,True,0.501,0.615,4,-5.292,1,0.146,0.426,0.0,0.353,0.579
66,False,0.286,0.703,4,-4.491,0,0.0348,0.00847,7.39e-05,0.142,0.259
60,False,0.671,0.742,5,-9.912,1,0.0441,0.121,0.679,0.0601,0.897
20,False,0.29,0.427,7,-6.847,0,0.0315,0.37,2.68e-06,0.323,0.0539
0,False,0.371,0.961,9,-6.765,0,0.0931,1.52e-05,0.0548,0.0916,0.159
2,True,0.812,0.855,7,-3.725,1,0.0554,0.0789,0.000167,0.108,0.573
76,True,0.353,0.898,2,-5.877,1,0.052,2.23e-05,0.105,0.39,0.525
22,False,0.589,0.478,4,-13.632,1,0.933,0.799,0.0,0.673,0.495
66,False,0.824,0.837,1,-7.124,1,0.054,0.0216,0.00944,0.123,0.947
55,True,0.72,0.677,2,-7.595,1,0.0917,0.0093,0.003,0.0566,0.229
0,False,0.513,0.486,5,-6.8,1,0.0784,0.345,0.0,0.0855,0.562
60,False,0.462,0.472,4,-6.913,0,0.0281,0.726,0.000107,0.136,0.238
6,False,0.861,0.502,1,-9.792,0,0.0496,0.0161,0.176,0.041,0.748
1,False,0.847,0.69,1,-7.877,0,0.0493,0.0127,6e-05,0.0526,0.692
27,False,0.601,0.45,2,-9.663,1,0.0304,0.542,0.000653,0.293,0.442
44,False,0.689,0.72,4,-8.457,1,0.0339,0.686,3.84e-06,0.133,0.876
20,False,0.579,0.534,9,-8.287,0,0.0406,0.226,0.0,0.1,0.145
80,False,0.553,0.362,4,-11.218,0,0.0263,0.0458,6.01e-06,0.075,0.158
45,False,0.329,0.842,0,-4.935,1,0.0705,0.717,0.0,0.426,0.58
29,False,0.746,0.768,8,-9.463,1,0.17,0.0548,0.0643,0.292,0.52
1,False,0.535,0.508,2,-5.996,0,0.0318,0.233,0.0,0.0993,0.236
0,False,0.659,0.78,4,-8.425,1,0.031,0.0144,0.0351,0.181,0.807
22,False,0.379,0.483,2,-16.129,1,0.0493,0.307,0.0557,0.988,0.498
16,False,0.623,0.271,9,-6.979,0,0.043,0.895,1.59e-05,0.0944,0.557
41,False,0.683,0.598,5,-3.472,1,0.0313,0.76,0.0,0.111,0.441
32,False,0.623,0.752,7,-9.565,1,0.0467,0.00179,0.783,0.119,0.169
42,False,0.733,0.612,0,-8.517,1,0.0487,0.693,0.0,0.435,0.801
25,False,0.27,0.799,0,-5.395,1,0.0449,0.00088,0.0818,0.143,0.458
0,False,0.594,0.815,10,-9.223,0,0.216,0.668,0.0,0.324,0.54
19,True,0.41,0.969,2,-1.319,1,0.146,0.00795,0.862,0.324,0.0901
70,False,0.448,0.61,3,-2.695,0,0.0342,0.0102,0.000491,0.135,0.214
48,False,0.507,0.887,5,-4.084,0,0.141,0.00731,0.0,0.562,0.336
76,False,0.731,0.738,9,-8.125,0,0.0377,0.184,0.0,0.214,0.958
36,False,0.559,0.575,2,-5.225,1,0.0248,0.231,2.21e-06,0.122,0.38
60,False,0.51,0.505,9,-13.053,0,0.0344,0.342,0.96,0.117,0.318
32,False,0.323,1.0,6,-23.759,1,0.0358,0.985,0.822,0.974,1e-05
54,True,0.641,0.357,2,-8.884,1,0.0375,0.88,0.0,0.109,0.2
8,False,0.775,0.828,0,-3.972,1,0.139,0.289,0.0,0.434,0.571
0,False,0.446,0.214,1,-15.215,1,0.0326,0.885,1.46e-06,0.052,0.741
1,True,0.776,0.629,0,-6.09,1,0.0505,0.0268,0.0,0.114,0.104
45,False,0.719,0.85,11,-9.968,0,0.0489,0.0425,0.842,0.0541,0.293
52,False,0.686,0.662,0,-12.405,0,0.0438,0.00281,0.886,0.122,0.283
64,False,0.428,0.979,1,-2.929,1,0.225,7.04e-05,0.0,0.129,0.292
48,False,0.593,0.833,0,-4.806,1,0.109,0.136,0.0,0.726,0.606
41,False,0.669,0.769,2,-5.067,0,0.0422,0.0344,0.00506,0.18,0.37
43,True,0.458,0.309,2,-13.958,0,0.0312,0.856,0.288,0.111,0.0987
49,False,0.649,0.647,9,-6.222,1,0.036,0.601,0.0,0.713,0.668
54,False,0.195,0.976,8,-4.381,1,0.0808,6.86e-05,0.000912,0.263,0.531
37,True,0.758,0.658,11,-5.608,0,0.279,0.106,0.0,0.104,0.371
0,False,0.52,0.823,0,-5.152,1,0.0363,0.000364,0.289,0.14,0.158
72,False,0.75,0.718,2,-2.817,0,0.0468,0.0814,1.75e-05,0.322,0.592
49,False,0.397,0.684,8,-10.014,1,0.0419,0.0486,0.0075,0.11,0.87
42,False,0.386,0.469,2,-5.938,1,0.0271,0.525,0.0,0.274,0.189
31,False,0.205,0.994,3,-2.299,1,0.148,1.33e-06,0.197,0.391,0.104
43,True,0.829,0.587,1,-6.267,0,0.114,0.383,0.0,0.691,0.797
45,False,0.71,0.677,0,-6.942,0,0.0582,0.000177,0.768,0.0757,0.204
55,False,0.689,0.972,11,-3.567,0,0.0467,0.0423,0.251,0.0673,0.608
56,True,0.789,0.527,5,-5.72,1,0.0972,0.123,0.0,0.0445,0.689
38,False,0.64,0.448,0,-13.379,1,0.0758,0.0911,0.0,0.0834,0.0737
61,False,0.645,0.803,6,-4.819,1,0.034,0.0312,0.0,0.13,0.471
71,False,0.546,0.786,4,-9.486,1,0.212,0.349,1.35e-06,0.109,0.434
20,False,0.658,0.823,11,-3.537,1,0.0296,0.0156,0.0,0.145,0.585
57,False,0.565,0.382,1,-9.711,1,0.0309,0.559,0.0,0.288,0.26
45,False,0.252,0.047,1,-24.887,1,0.04,0.953,0.00194,0.116,0.199
21,False,0.415,0.997,11,-2.615,0,0.151,5.13e-05,0.000697,0.363,0.142
16,False,0.579,0.737,1,-4.254,1,0.041,0.00243,0.00379,0.491,0.0756
2,False,0.327,0.985,11,-3.941,1,0.151,0.00177,0.108,0.351,0.218
58,False,0.758,0.206,7,-16.333,1,0.112,0.922,0.00518,0.177,0.389
38,False,0.597,0.552,0,-9.026,1,0.0272,0.0189,0.498,0.101,0.546
0,False,0.399,0.913,9,-4.765,1,0.227,0.00762,0.0,0.0491,0.225
22,False,0.509,0.267,3,-12.508,1,0.0256,0.742,0.0,0.114,0.242
31,False,0.721,0.823,8,-5.456,0,0.0406,0.132,0.0,0.116,0.664
59,False,0.833,0.639,5,-6.964,1,0.0676,0.152,0.0,0.101,0.448
55,True,0.82,0.691,6,-6.646,0,0.0723,0.0113,0.0,0.344,0.683
21,False,0.491,0.297,7,-8.618,1,0.0279,0.707,0.000157,0.103,0.24
52,False,0.696,0.522,8,-9.945,1,0.0443,0.331,0.0,0.101,0.363
25,True,0.389,0.927,5,-8.973,0,0.252,0.0207,0.00307,0.943,0.221
69,False,0.642,0.427,3,-8.471,1,0.0402,0.871,0.0904,0.124,0.404
2,False,0.739,0.853,8,-4.184,1,0.0629,0.0306,0.0,0.102,0.344
0,False,0.536,0.163,0,-10.566,1,0.0349,0.695,0.000239,0.126,0.233
42,False,0.764,0.768,9,-8.769,1,0.0374,0.12,6.15e-05,0.0688,0.853
73,False,0.485,0.843,1,-3.993,0,0.0467,0.00129,1.01e-05,0.14,0.602
24,True,0.692,0.651,6,-5.524,1,0.207,0.779,0.0,0.113,0.368
40,False,0.177,0.965,4,-7.14,1,0.0809,3.29e-06,0.548,0.11,0.203
16,False,0.404,0.952,1,-3.251,1,0.0446,0.00559,0.882,0.137,0.0381
31,False,0.543,0.645,7,-6.026,0,0.0289,0.0665,0.0,0.23,0.249
5,False,0.838,0.894,11,-9.889,0,0.0917,8.39e-05,0.879,0.674,0.72
0,False,0.321,0.26,0,-22.783,0,0.0422,0.977,0.938,0.148,0.275
58,False,0.434,0.391,4,-8.016,1,0.0341,0.755,0.0,0.109,0.283
0,False,0.236,0.555,0,-7.383,1,0.031,0.0392,0.0,0.213,0.325
38,False,0.522,0.873,0,-4.411,0,0.061,0.00107,4.51e-05,0.147,0.423
0,False,0.409,0.153,6,-10.74,0,0.0306,0.939,2.56e-05,0.108,0.18
38,False,0.433,0.389,0,-10.086,1,0.0301,0.789,0.00821,0.0901,0.157
55,False,0.495,0.98,9,-5.467,1,0.091,0.000177,0.000451,0.227,0.326
35,False,0.691,0.782,5,-5.665,1,0.0246,0.0323,0.00102,0.108,0.859
22,True,0.514,0.922,10,-5.097,1,0.955,0.823,0.0,0.777,0.327
25,True,0.487,0.935,9,-4.819,1,0.353,0.0177,0.0,0.22,0.565
88,False,0.548,0.532,5,-7.596,1,0.0323,0.186,0.000263,0.217,0.405
21,False,0.0903,0.00895,3,-31.771,1,0.0394,0.951,0.977,0.0942,0.0348
59,False,0.522,0.383,4,-10.962,1,0.0285,0.714,1.67e-05,0.106,0.332
53,False,0.323,0.276,0,-12.211,1,0.036,0.694,0.00119,0.106,0.101
35,False,0.222,0.599,4,-6.039,0,0.0405,0.00023,0.0,0.319,0.286
21,False,0.446,0.951,9,-5.944,0,0.0625,0.0769,0.148,0.444,0.264
37,False,0.655,0.883,5,-5.438,0,0.0717,0.212,0.445,0.185,0.696
47,False,0.714,0.579,0,-6.087,1,0.0316,0.218,0.0,0.358,0.256
67,False,0.581,0.424,8,-6.616,1,0.0269,0.723,0.0,0.101,0.352
59,False,0.527,0.725,4,-9.405,1,0.0287,0.336,0.0,0.221,0.94
65,False,0.438,0.827,8,-6.531,1,0.0328,0.0512,0.000402,0.319,0.645
41,False,0.68,0.944,0,-9.44,1,0.0389,0.00988,0.000186,0.337,0.687
22,False,0.387,0.148,3,-14.982,0,0.0479,0.968,0.0,0.143,0.0966
0,False,0.607,0.481,7,-9.347,0,0.0269,0.404,0.0,0.107,0.78
40,True,0.489,0.81,0,-6.93,1,0.0383,0.00781,9.3e-06,0.137,0.479
48,False,0.73,0.436,10,-14.19,0,0.0637,0.0363,0.296,0.138,0.501
43,False,0.515,0.576,0,-13.707,1,0.0292,0.0175,3.28e-06,0.0985,0.68
57,False,0.49,0.887,1,-5.363,0,0.0787,0.00176,0.0,0.0564,0.598
36,False,0.617,0.511,6,-14.289,0,0.0524,0.00329,0.904,0.19,0.0763
61,False,0.567,0.585,9,-9.32,0,0.0329,0.517,4.84e-06,0.115,0.374
27,False,0.584,0.26,5,-14.183,1,0.0301,0.647,0.309,0.0807,0.0736
0,False,0.548,0.788,7,-9.871,1,0.0407,0.401,0.0,0.316,0.95
53,False,0.609,0.749,6,-3.373,1,0.0461,0.376,0.0,0.0628,0.533
49,False,0.752,0.23,0,-12.49,1,0.0378,0.0117,0.714,0.0911,0.195
42,False,0.392,0.309,0,-13.233,1,0.0342,0.852,0.939,0.0758,0.136
18,False,0.416,0.936,5,-5.037,0,0.0706,8.56e-06,0.00972,0.285,0.13
49,False,0.481,0.182,3,-24.37,1,0.0638,0.995,0.966,0.118,0.125
40,False,0.719,0.869,8,-5.007,1,0.131,0.102,0.0703,0.179,0.583
49,False,0.437,0.89,5,-3.043,1,0.108,0.0921,0.0,0.122,0.628
43,False,0.671,0.668,6,-9.562,0,0.0425,0.474,0.0026,0.0642,0.925
0,False,0.66,0.742,11,-8.08,1,0.034,0.00151,4.04e-06,0.15,0.46
26,True,0.433,0.95,6,-5.2,1,0.113,0.0125,2.16e-05,0.257,0.217
45,False,0.471,0.617,0,-9.163,1,0.0302,0.424,2.62e-05,0.364,0.362
0,False,0.0569,0.389,9,-5.269,0,0.058,0.416,0.785,0.111,0.156
31,False,0.0,0.0628,10,-28.528,0,0.0,0.981,0.0539,0.111,0.0
48,False,0.242,0.275,9,-13.869,0,0.0321,0.966,0.867,0.0984,0.154
41,False,0.61,0.829,2,-2.177,1,0.0663,0.0901,0.0,0.136,0.963
47,False,0.792,0.267,10,-14.205,1,0.056,0.939,0.0331,0.12,0.607
26,False,0.657,0.676,11,-5.181,1,0.246,0.232,0.0,0.146,0.286
49,False,0.581,0.674,9,-7.734,0,0.0498,0.353,0.000126,0.303,0.214
0,False,0.321,0.09,0,-21.296,0,0.0321,0.838,0.00266,0.0998,0.157
39,False,0.523,0.748,10,-10.366,1,0.119,0.678,1.42e-05,0.974,0.762
0,False,0.511,0.675,0,-6.718,0,0.146,0.199,0.0,0.35,0.442
82,False,0.627,0.675,5,-7.125,0,0.213,0.125,0.0,0.0784,0.961
45,False,0.576,0.498,4,-10.775,0,0.0542,0.492,8.86e-06,0.973,0.788
49,False,0.892,0.519,9,-7.568,1,0.348,0.162,0.0,0.0938,0.653
65,True,0.715,0.742,0,-4.331,1,0.0347,0.052,2.47e-05,0.364,0.322
2,False,0.221,0.664,0,-5.242,0,0.0379,0.0039,0.657,0.239,0.101
57,False,0.689,0.914,7,-3.258,1,0.0421,0.00485,0.00134,0.179,0.465
77,False,0.579,0.928,0,-4.344,1,0.0411,0.000715,0.0,0.18,0.882
55,False,0.723,0.647,5,-7.975,0,0.103,0.02,0.331,0.1,0.456
59,False,0.452,0.703,6,-6.523,1,0.195,0.484,9.32e-06,0.121,0.813
64,False,0.658,0.94,2,-2.427,1,0.0339,0.144,0.0,0.101,0.694
79,False,0.646,0.823,2,-4.123,0,0.0394,0.213,0.0,0.322,0.418
39,False,0.785,0.528,4,-8.11,0,0.0363,0.17,1.84e-05,0.127,0.169
0,False,0.786,0.866,0,-10.324,1,0.08,3.34e-05,0.901,0.104,0.0475
46,False,0.539,0.794,0,-9.073,0,0.0546,0.0604,0.274,0.18,0.125
45,False,0.418,0.051,11,-25.754,0,0.0353,0.992,0.936,0.107,0.236
16,False,0.683,0.923,9,-6.454,0,0.0491,0.204,0.834,0.334,0.892
36,False,0.357,0.924,4,-6.677,0,0.0837,0.0251,0.000532,0.248,0.501
60,False,0.553,0.687,8,-6.4,1,0.034,0.0336,0.0,0.125,0.278
37,False,0.551,0.797,8,-6.023,1,0.0442,0.26,4.42e-05,0.0607,0.461
16,False,0.46,0.976,6,-4.171,1,0.0529,0.000488,0.876,0.07,0.278
60,False,0.692,0.649,1,-5.376,1,0.0703,0.0691,0.0,0.0974,0.699
61,False,0.501,0.684,2,-5.368,1,0.0302,0.485,0.0,0.083,0.369
31,False,0.425,0.605,5,-11.212,0,0.0794,0.341,1.24e-06,0.0947,0.47
23,False,0.678,0.4,7,-6.352,1,0.126,0.954,0.0,0.292,0.519
28,False,0.561,0.93,1,-6.82,0,0.161,0.00145,2.63e-06,0.313,0.372
68,False,0.779,0.331,1,-10.115,1,0.0794,0.411,0.00577,0.11,0.182
0,False,0.732,0.826,11,-4.936,1,0.0353,0.173,0.0,0.352,0.772
37,False,0.527,0.567,11,-6.834,1,0.0377,0.594,0.0,0.692,0.261
9,False,0.714,0.668,10,-12.686,0,0.0484,0.00111,0.495,0.178,0.825
37,False,0.925,0.395,0,-9.129,1,0.0424,0.837,2.23e-06,0.352,0.962
33,False,0.533,0.415,2,-9.185,0,0.0357,0.808,0.00764,0.0775,0.604
0,False,0.353,0.574,2,-5.126,1,0.0331,0.426,2.27e-05,0.0939,0.386
73,False,0.615,0.911,1,-3.584,0,0.0278,0.0686,0.00188,0.0908,0.685
0,False,0.3,0.21,0,-13.589,1,0.031,0.964,0.00323,0.124,0.18
14,False,0.784,0.724,6,-6.739,1,0.0503,0.0775,0.885,0.271,0.401
68,True,0.433,0.862,1,-3.89,0,0.412,0.193,0.0,0.604,0.722
71,False,0.717,0.416,7,-9.875,0,0.0303,0.635,1.43e-06,0.0976,0.381
50,False,0.809,0.691,7,-9.68,1,0.0648,0.0133,0.908,0.113,0.383
53,False,0.509,0.656,6,-7.574,1,0.0327,0.0315,2.12e-06,0.102,0.409
0,False,0.344,0.975,6,-4.395,1,0.191,0.0297,0.811,0.362,0.332
52,False,0.477,0.636,8,-8.334,0,0.0356,0.865,0.00226,0.208,0.707
61,False,0.456,0.843,0,-8.682,1,0.0559,0.105,0.00176,0.0939,0.842
24,False,0.158,0.0296,9,-20.019,0,0.035,0.812,0.925,0.152,0.0298
29,False,0.428,0.0561,11,-19.808,1,0.0492,0.797,0.0,0.332,0.31
29,False,0.601,0.616,11,-9.987,1,0.0452,0.108,0.874,0.185,0.639
21,False,0.407,0.598,9,-6.552,1,0.0323,2.76e-05,0.000116,0.36,0.606
18,False,0.677,0.799,0,-6.388,1,0.0473,0.0397,0.144,0.0797,0.775
64,False,0.546,0.786,4,-9.486,1,0.212,0.349,1.35e-06,0.109,0.434
73,False,0.438,0.71,2,-12.412,1,0.0919,0.262,0.537,0.221,0.53
0,False,0.647,0.876,10,-5.662,1,0.185,0.881,3.59e-05,0.26,0.949
79,False,0.871,0.701,5,-5.594,0,0.0458,0.257,7.52e-06,0.0589,0.716
56,False,0.766,0.382,7,-11.464,0,0.0324,0.698,0.00143,0.157,0.672
51,False,0.492,0.794,5,-5.823,1,0.046,0.196,2.62e-06,0.873,0.683
51,False,0.667,0.86,1,-3.74,1,0.0531,0.235,0.0,0.135,0.463
56,True,0.897,0.721,10,-3.693,0,0.155,0.519,0.0462,0.083,0.961
72,False,0.405,0.94,1,-3.103,0,0.0844,0.000102,2.79e-05,0.719,0.24
70,False,0.607,0.466,0,-7.562,1,0.0578,0.39,0.0,0.135,0.434
36,False,0.517,0.87,7,-6.138,1,0.0482,0.00125,0.811,0.632,0.208
52,False,0.794,0.635,11,-7.754,0,0.0402,0.118,0.00379,0.0706,0.422
51,True,0.901,0.379,5,-8.861,0,0.229,0.324,0.0,0.158,0.627
32,False,0.774,0.819,8,-9.421,0,0.0901,0.17,0.0,0.0304,0.847
45,False,0.418,0.394,11,-8.341,1,0.0332,0.85,0.0,0.917,0.447
0,False,0.721,0.806,5,-6.279,0,0.0549,0.146,0.000319,0.341,0.753
57,False,0.759,0.938,11,-5.387,1,0.123,0.143,3.97e-06,0.402,0.81
63,False,0.499,0.2,2,-10.276,1,0.0355,0.819,0.0,0.115,0.185
0,False,0.321,0.909,11,-4.612,1,0.041,1.62e-05,0.139,0.0442,0.209
7,False,0.422,0.0238,5,-27.829,1,0.0413,0.994,0.909,0.111,0.717
29,False,0.525,0.957,6,-3.419,1,0.162,0.000195,0.000115,0.396,0.223
42,False,0.484,0.346,9,-10.368,1,0.0313,0.88,0.000122,0.123,0.198
47,False,0.768,0.769,2,-8.88,1,0.0483,0.00136,0.906,0.108,0.108
28,False,0.519,0.726,9,-6.982,1,0.0329,0.0237,6.86e-05,0.253,0.304
35,False,0.685,0.732,9,-8.589,0,0.0322,0.00506,0.778,0.064,0.856
69,False,0.409,0.223,10,-13.886,1,0.0296,0.947,0.0123,0.0635,0.173
29,False,0.57,0.782,2,-5.601,1,0.0267,0.476,0.0321,0.126,0.668
37,False,0.678,0.833,1,-3.933,0,0.0431,0.0327,0.0,0.0691,0.63
28,False,0.522,0.403,5,-10.989,1,0.0358,0.642,0.00605,0.152,0.621
43,False,0.485,0.873,5,-4.043,0,0.134,0.0709,0.000291,0.338,0.371
9,False,0.602,0.683,1,-9.096,1,0.196,0.019,0.285,0.0535,0.148
24,False,0.702,0.429,5,-8.412,1,0.0306,0.881,1.3e-06,0.127,0.592
3,False,0.339,0.625,1,-8.57,1,0.028,0.056,0.000101,0.229,0.334
0,False,0.512,0.854,1,-4.572,1,0.054,0.000778,0.0069,0.195,0.514
39,False,0.809,0.555,0,-5.689,1,0.0617,0.481,1.46e-06,0.133,0.473
66,True,0.464,0.852,11,-3.804,1,0.067,0.0116,0.0,0.108,0.233
25,False,0.177,0.208,11,-12.633,1,0.0376,0.906,0.919,0.111,0.0381
19,False,0.598,0.408,4,-11.177,0,0.0268,0.448,1.39e-06,0.148,0.271
67,False,0.55,0.448,11,-7.382,1,0.0314,0.879,0.0,0.0734,0.49
30,False,0.468,0.882,6,-3.906,1,0.0636,0.00347,1.57e-06,0.372,0.327
35,False,0.459,0.591,11,-7.314,1,0.0298,0.0596,0.00476,0.105,0.489
20,False,0.64,0.458,8,-8.437,1,0.0923,0.978,0.712,0.129,0.87
62,False,0.709,0.528,7,-7.429,0,0.0309,0.256,0.00189,0.112,0.649
35,False,0.525,0.48,11,-8.048,1,0.0309,0.48,0.0,0.108,0.381
22,False,0.497,0.567,9,-7.293,1,0.0896,0.718,0.0,0.695,0.709
0,False,0.694,0.828,11,-4.653,0,0.0336,0.0399,0.0,0.0796,0.407
0,False,0.848,0.746,10,-8.62,0,0.113,0.0931,1.18e-05,0.306,0.628
23,False,0.664,0.936,8,-5.794,1,0.0505,0.000331,0.774,0.18,0.51
47,False,0.566,0.539,9,-6.818,1,0.121,0.731,0.0,0.947,0.659
10,False,0.776,0.833,6,-12.715,1,0.0538,0.233,0.918,0.277,0.938
11,False,0.491,0.45,10,-11.174,1,0.0458,0.0939,0.0449,0.0567,0.282
43,True,0.774,0.781,6,-3.239,1,0.0628,0.087,0.0,0.638,0.714
47,True,0.874,0.616,9,-0.079,1,0.0602,0.691,0.00106,0.139,0.803
59,False,0.595,0.233,2,-14.183,1,0.193,0.803,0.0,0.114,0.409
36,False,0.624,0.786,9,-2.867,1,0.0567,0.37,0.0,0.194,0.639
79,False,0.869,0.648,11,-8.698,0,0.0633,0.121,2.17e-05,0.126,0.9
15,False,0.419,0.221,5,-9.697,0,0.0372,0.841,0.166,0.101,0.234
23,False,0.593,0.614,8,-7.134,0,0.0303,0.659,0.0135,0.369,0.531
38,False,0.505,0.747,7,-10.818,1,0.0708,0.0303,6.8e-06,0.0752,0.475
4,False,0.79,0.939,0,-5.677,1,0.0593,0.000267,0.184,0.0425,0.884
52,True,0.352,0.985,2,-3.263,1,0.175,0.000859,0.0163,0.339,0.113
0,False,0.278,0.904,6,-5.2,1,0.104,0.198,0.665,0.67,0.0384
39,True,0.754,0.411,4,-9.015,1,0.0538,0.0087,0.837,0.185,0.323
40,False,0.247,0.835,1,-6.628,1,0.0422,0.128,1.36e-06,0.856,0.338
32,False,0.458,0.977,8,-2.576,1,0.0436,0.000207,0.000375,0.147,0.529
0,False,0.477,0.807,8,-4.386,0,0.0458,0.000337,0.0,0.155,0.359
34,False,0.744,0.656,7,-7.501,1,0.089,0.577,0.353,0.0524,0.822
65,False,0.565,0.587,4,-7.393,0,0.0317,0.0573,0.00493,0.0416,0.966
60,False,0.672,0.679,2,-6.068,1,0.0294,0.00745,0.0811,0.0532,0.321
62,False,0.81,0.591,8,-13.385,1,0.0638,0.414,0.799,0.072,0.297
60,False,0.713,0.694,5,-7.801,0,0.0423,0.00105,0.00219,0.606,0.414
11,False,0.804,0.686,10,-8.785,0,0.0481,0.00691,0.766,0.104,0.673
46,True,0.643,0.659,2,-2.683,1,0.416,0.719,0.0423,0.101,0.35
0,False,0.388,0.0369,9,-21.176,0,0.047,0.984,0.0,0.115,0.385
45,False,0.418,0.394,11,-8.341,1,0.0332,0.85,0.0,0.917,0.447
83,False,0.738,0.714,0,-5.235,1,0.249,0.157,0.0,0.31,0.74
18,False,0.289,0.913,9,-7.875,0,0.07,0.00045,0.559,0.0681,0.224
23,False,0.547,0.572,10,-11.227,1,0.0312,0.0218,1.03e-06,0.231,0.411
40,False,0.253,0.456,9,-8.995,1,0.0453,0.423,0.0,0.061,0.277
11,False,0.522,0.328,2,-8.066,1,0.0763,0.969,0.0,0.891,0.896
28,False,0.701,0.979,7,-4.861,0,0.048,0.00328,0.308,0.416,0.612
41,False,0.589,0.763,11,-7.104,1,0.0463,0.000496,0.0,0.136,0.413
37,False,0.867,0.544,1,-7.381,1,0.231,0.146,0.0,0.101,0.772
0,False,0.719,0.194,7,-13.088,0,0.043,0.749,1.07e-06,0.0794,0.758
21,False,0.409,0.845,7,-4.329,1,0.074,0.133,1.87e-05,0.0849,0.83
63,False,0.384,0.18,0,-17.279,1,0.101,0.77,0.0,0.367,0.368
25,False,0.543,0.983,2,-4.27,0,0.066,0.00124,0.00149,0.332,0.27
36,False,0.513,0.481,0,-6.789,1,0.0319,0.21,0.0,0.0702,0.23
32,True,0.724,0.68,9,-8.502,1,0.163,0.293,0.0,0.0567,0.668
55,False,0.847,0.346,7,-11.243,1,0.0936,0.00339,0.918,0.0704,0.404
20,False,0.447,0.517,9,-6.166,1,0.0505,0.45,0.000163,0.111,0.622
77,True,0.433,0.778,4,-7.681,1,0.041,0.843,0.0,0.139,0.764
2,False,0.637,0.583,9,-5.686,0,0.258,0.258,8.19e-05,0.367,0.305
26,False,0.506,0.0929,7,-27.106,1,0.0624,0.995,0.96,0.173,0.674
34,False,0.248,0.0122,8,-29.458,1,0.0465,0.989,0.934,0.109,0.038
41,False,0.644,0.912,0,-3.348,1,0.05,0.318,0.0,0.888,0.764
42,False,0.805,0.716,9,-6.582,1,0.0791,0.0419,0.0,0.0793,0.611
20,False,0.54,0.3,5,-9.762,1,0.116,0.836,0.0,0.232,0.451
0,False,0.776,0.808,11,-4.501,1,0.117,0.0297,0.000127,0.103,0.494
66,False,0.585,0.625,5,-5.94,1,0.109,0.0146,1.8e-06,0.131,0.28
56,False,0.361,0.149,7,-12.066,1,0.0333,0.887,0.0,0.175,0.302
43,False,0.684,0.977,10,-5.359,0,0.17,0.0811,0.796,0.316,0.186
35,False,0.556,0.91,5,-3.975,0,0.0641,0.00307,0.0,0.395,0.463
25,False,0.131,0.00867,9,-41.49,0,0.0408,0.992,0.925,0.113,0.0569
60,True,0.648,0.218,10,-13.603,0,0.384,0.817,0.005,0.108,0.596
41,False,0.593,0.537,10,-9.112,0,0.0389,0.0662,0.00407,0.131,0.146
33,False,0.356,0.902,0,-5.494,1,0.0631,0.00177,8.44e-06,0.349,0.235
22,False,0.722,0.845,0,-5.92,1,0.0776,0.102,0.908,0.0685,0.448
56,True,0.529,0.662,4,-7.474,1,0.0546,6.99e-06,0.558,0.327,0.188
59,False,0.6,0.754,0,-4.204,1,0.0488,0.0688,0.0,0.151,0.641
44,False,0.594,0.714,0,-5.181,1,0.0354,0.565,0.0,0.203,0.485
19,False,0.478,0.796,1,-7.481,1,0.0303,0.00339,0.0,0.226,0.597
39,False,0.625,0.795,2,-10.77,1,0.0699,0.0516,0.0317,0.468,0.65
45,False,0.82,0.425,2,-10.306,1,0.0877,0.000694,0.906,0.112,0.307
0,False,0.881,0.592,2,-4.898,1,0.0324,0.619,1.32e-05,0.0901,0.719
47,False,0.745,0.589,3,-7.388,1,0.0507,0.7,0.0,0.0639,0.613
60,True,0.748,0.79,6,-4.788,0,0.169,0.492,0.0,0.0901,0.279
42,False,0.596,0.259,1,-12.273,0,0.11,0.626,2.42e-05,0.053,0.438
0,False,0.748,0.915,8,-5.563,1,0.102,0.00619,0.873,0.22,0.351
0,False,0.601,0.713,4,-3.758,0,0.0449,0.0282,0.0,0.158,0.464
76,False,0.553,0.958,4,-3.159,0,0.073,0.0186,3.08e-05,0.297,0.541
18,True,0.55,0.961,1,-4.481,1,0.12,0.102,0.0,0.364,0.151
57,False,0.45,0.317,0,-12.856,1,0.0381,0.896,5.15e-05,0.216,0.476
66,False,0.582,0.81,5,-4.104,0,0.106,0.0763,0.0,0.351,0.874
38,False,0.386,0.547,11,-7.056,1,0.034,0.0821,0.000201,0.0853,0.208
25,False,0.547,0.784,11,-9.338,0,0.0489,0.028,0.645,0.0904,0.695
55,False,0.792,0.578,2,-9.262,1,0.0515,0.000138,0.788,0.0922,0.0898
45,False,0.618,0.392,6,-7.29,1,0.0288,0.818,0.0,0.107,0.367
45,False,0.301,0.75,0,-7.337,1,0.0663,0.0655,0.734,0.0935,0.328
38,False,0.386,0.995,1,-4.197,0,0.109,0.0003,0.00059,0.119,0.273
44,False,0.688,0.422,9,-10.141,1,0.0653,0.802,0.0,0.722,0.687
0,False,0.53,0.869,8,-6.029,1,0.0588,0.318,5.45e-05,0.233,0.935
38,False,0.0,0.148,8,-25.758,1,0.0,0.00621,0.0798,0.353,0.0
18,False,0.253,0.956,7,-6.385,1,0.157,2.54e-05,0.00612,0.44,0.126
17,False,0.812,0.757,6,-12.341,1,0.106,0.148,0.968,0.107,0.642
2,False,0.322,0.28,11,-20.13,0,0.0465,0.973,0.917,0.121,0.0334
13,False,0.68,0.833,11,-5.585,1,0.0595,0.0312,0.000432,0.245,0.7
39,False,0.679,0.494,11,-12.167,0,0.0333,0.000431,0.000206,0.132,0.704
0,False,0.681,0.923,9,-4.365,0,0.0381,0.0729,0.0,0.0701,0.786
21,True,0.598,0.904,7,-2.921,0,0.886,0.808,0.0,0.956,0.771
58,False,0.68,0.542,9,-8.848,0,0.0974,0.26,0.0,0.112,0.274
0,False,0.711,0.774,3,-6.769,1,0.0564,0.549,0.0,0.103,0.553
57,False,0.649,0.716,4,-8.846,1,0.0245,0.172,2.11e-06,0.171,0.808
51,False,0.715,0.948,8,-4.887,1,0.0532,0.000732,0.0206,0.315,0.165
20,True,0.56,0.829,2,-9.802,1,0.928,0.86,0.0,0.897,0.401
71,False,0.559,0.777,1,-5.031,1,0.0432,0.31,0.0,0.105,0.329
43,False,0.582,0.548,1,-7.632,1,0.0401,0.424,0.0,0.129,0.274
0,False,0.823,0.779,7,-5.943,1,0.0492,0.201,0.00019,0.175,0.96
21,False,0.659,0.467,2,-8.604,1,0.0377,0.748,0.0,0.0765,0.661
1,False,0.748,0.31,8,-8.917,1,0.0448,0.488,0.0,0.136,0.499
46,False,0.539,0.794,0,-9.073,0,0.0546,0.0604,0.274,0.18,0.125
0,True,0.561,0.965,7,-3.673,0,0.0343,0.00383,7.07e-06,0.371,0.304
0,False,0.179,0.445,10,-9.089,0,0.0474,0.99,0.538,0.111,0.192
0,False,0.524,0.739,0,-6.681,1,0.0386,0.215,0.0,0.0636,0.48
53,False,0.873,0.487,10,-7.115,1,0.0513,0.755,0.0,0.102,0.772
26,False,0.478,0.572,4,-6.992,1,0.0263,0.202,0.0,0.132,0.251
0,True,0.519,0.911,4,-4.801,0,0.17,0.00898,1.65e-05,0.163,0.182
19,False,0.485,0.935,7,-4.27,1,0.116,0.0152,0.242,0.425,0.315
66,False,0.256,0.788,6,-5.263,0,0.0403,0.0298,0.0,0.707,0.429
20,False,0.447,0.962,2,-0.887,1,0.128,0.0232,3.71e-05,0.355,0.43
24,False,0.616,0.822,7,-3.04,1,0.0293,0.61,0.0,0.134,0.633
22,False,0.424,0.164,4,-13.981,1,0.0531,0.894,0.0,0.102,0.236
45,True,0.727,0.734,7,-4.536,1,0.373,0.0858,0.0,0.38,0.886
20,False,0.615,0.524,0,-6.925,0,0.0323,0.00521,0.0437,0.0772,0.357
21,True,0.702,0.436,9,-17.752,0,0.948,0.282,0.0,0.649,0.347
18,False,0.41,0.92,11,-5.045,1,0.0648,0.0241,0.919,0.354,0.0846
30,False,0.721,0.135,1,-16.671,1,0.0505,0.954,0.708,0.106,0.212
3,False,0.382,0.937,0,-9.01,1,0.0758,0.0172,0.0,0.271,0.0957
46,False,0.586,0.35,1,-10.49,1,0.0275,0.247,9.49e-05,0.0711,0.549
36,False,0.792,0.744,11,-4.744,1,0.0554,0.0766,4.55e-05,0.0548,0.65
38,False,0.693,0.459,5,-12.451,0,0.0407,0.733,0.0593,0.12,0.35
51,False,0.582,0.538,2,-9.395,0,0.0353,0.636,2.23e-06,0.868,0.355
28,False,0.74,0.201,7,-16.658,1,0.0541,0.887,0.0,0.306,0.694
38,False,0.422,0.238,4,-15.208,0,0.0346,0.624,0.932,0.0922,0.16
49,True,0.717,0.289,2,-9.113,1,0.0452,0.297,0.286,0.0945,0.171
32,False,0.597,0.701,7,-12.003,1,0.0301,0.0274,4.91e-06,0.124,0.771
0,False,0.219,0.336,7,-14.093,1,0.0436,0.973,0.00398,0.153,0.0638
27,False,0.878,0.693,9,-8.616,0,0.137,0.305,0.927,0.196,0.618
0,True,0.261,0.988,2,-6.009,1,0.203,0.000588,0.102,0.0957,0.0332
12,False,0.504,0.302,2,-11.754,1,0.0269,0.586,0.0613,0.113,0.671
22,False,0.507,0.127,2,-22.072,1,0.0842,0.982,0.0,0.609,0.297
5,False,0.764,0.685,8,-5.548,0,0.0599,0.27,0.0,0.318,0.925
40,False,0.661,0.754,4,-9.054,0,0.033,0.0168,7.03e-05,0.362,0.871
21,False,0.524,0.238,9,-17.01,1,0.0426,0.892,0.0148,0.713,0.641
37,False,0.804,0.615,1,-8.959,1,0.0439,0.195,0.0,0.042,0.969
51,False,0.571,0.692,1,-6.82,1,0.0371,0.6,0.0,0.214,0.724
68,False,0.195,0.483,4,-4.991,0,0.03,0.465,0.497,0.0686,0.173
47,False,0.827,0.731,5,-4.531,0,0.0372,0.23,1.51e-06,0.224,0.933
37,True,0.881,0.485,1,-9.585,0,0.149,0.0113,0.00223,0.107,0.186
1,False,0.359,0.573,9,-6.054,1,0.0326,0.665,0.000178,0.136,0.562
19,False,0.0649,0.0335,5,-19.322,1,0.0409,0.967,0.921,0.127,0.0355
13,True,0.561,0.965,7,-3.673,0,0.0343,0.00383,7.07e-06,0.371,0.304
30,False,0.423,0.845,10,-5.929,0,0.0808,0.305,0.0,0.48,0.824
32,True,0.789,0.56,2,-7.037,0,0.131,0.517,0.0,0.116,0.645
48,False,0.634,0.675,7,-4.924,1,0.045,0.786,0.0,0.141,0.539
28,False,0.552,0.809,0,-5.618,1,0.0311,1.73e-05,0.00203,0.233,0.42
59,False,0.654,0.39,1,-9.858,0,0.36,0.688,0.0,0.106,0.552
49,False,0.388,0.554,6,-8.562,0,0.0318,0.0131,0.00768,0.0794,0.14
50,True,0.679,0.524,4,-7.361,0,0.123,0.104,0.0,0.122,0.162
46,False,0.796,0.517,9,-8.032,1,0.0793,0.494,0.0,0.134,0.803
22,False,0.2,0.463,6,-10.978,1,0.0378,0.714,0.0151,0.967,0.197
67,False,0.468,0.692,2,-4.015,1,0.0295,0.0202,2.39e-06,0.523,0.561
54,True,0.322,0.812,0,-5.568,0,0.0505,0.00149,0.0,0.0986,0.124
65,False,0.595,0.885,3,-7.688,1,0.0518,0.0744,0.534,0.0844,0.643
63,False,0.698,0.285,0,-7.632,1,0.0553,0.927,0.0,0.0883,0.53
0,False,0.693,0.338,0,-6.372,1,0.0345,0.752,0.0,0.355,0.583
66,False,0.843,0.794,8,-3.013,1,0.146,0.0637,0.00023,0.104,0.319
22,False,0.589,0.396,7,-10.26,1,0.0372,0.0554,0.0288,0.103,0.197
40,False,0.608,0.952,6,-3.132,0,0.0847,0.0175,0.0,0.231,0.855
48,False,0.794,0.525,4,-9.02,0,0.0928,0.297,0.000636,0.305,0.92
80,False,0.723,0.737,11,-7.566,0,0.0386,0.00435,0.00261,0.116,0.689
0,False,0.634,0.948,11,-4.088,0,0.338,0.122,0.753,0.0697,0.434
24,False,0.492,0.074,4,-17.741,1,0.0369,0.853,7.28e-06,0.124,0.244
1,False,0.904,0.817,8,-3.956,1,0.0871,0.0254,0.000141,0.232,0.753
18,True,0.687,0.73,11,-5.984,1,0.215,0.119,4.98e-05,0.105,0.633
20,False,0.0735,0.266,2,-12.535,0,0.0394,0.932,0.94,0.13,0.0556
18,False,0.795,0.528,0,-18.218,1,0.0617,0.757,0.964,0.112,0.192
35,False,0.465,0.927,7,-6.338,1,0.0309,0.000963,9.61e-06,0.268,0.9
65,False,0.704,0.96,1,-2.606,0,0.192,0.0808,0.0,0.383,0.751
21,False,0.777,0.423,5,-8.635,0,0.0482,0.828,0.463,0.0211,0.872
46,False,0.745,0.457,10,-11.831,0,0.209,0.723,1.56e-05,0.101,0.48
51,False,0.335,0.865,11,-4.672,0,0.0944,0.0027,0.276,0.107,0.411
23,False,0.31,0.964,6,-8.991,1,0.0981,0.000423,0.647,0.145,0.0635
15,False,0.5,0.999,6,-5.281,1,0.328,0.0436,0.158,0.977,0.098
0,False,0.323,0.698,2,-5.498,1,0.0449,0.0801,0.0,0.122,0.105
15,False,0.294,0.99,3,-3.289,1,0.196,0.000237,0.000256,0.277,0.289
38,False,0.762,0.547,11,-6.296,0,0.112,0.152,0.0,0.108,0.714
24,False,0.181,0.303,6,-7.265,0,0.0361,0.893,2.95e-05,0.0987,0.0568
26,False,0.506,0.576,7,-5.306,1,0.032,0.517,3.74e-06,0.185,0.205
26,False,0.637,0.384,1,-16.993,1,0.051,0.106,0.855,0.116,0.552
41,False,0.477,0.686,6,-14.141,1,0.0406,0.0101,0.0118,0.0633,0.81
34,False,0.468,0.756,5,-7.699,0,0.0413,0.223,0.296,0.41,0.927
29,False,0.564,0.822,2,-4.959,1,0.0305,0.0925,0.000414,0.237,0.96
10,False,0.913,0.336,8,-19.046,1,0.26,0.0233,1.13e-05,0.0788,0.922
0,False,0.724,0.84,0,-3.633,1,0.0393,0.0564,0.0,0.618,0.842
1,False,0.597,0.496,5,-9.441,1,0.0769,0.0839,0.0,0.117,0.319
44,False,0.691,0.728,4,-7.137,0,0.0335,0.0138,3.35e-05,0.0535,0.651
0,False,0.737,0.792,11,-4.117,0,0.0416,0.102,0.0,0.0532,0.543
58,False,0.379,0.726,3,-4.935,0,0.0332,0.000193,0.00266,0.0578,0.178
47,False,0.642,0.663,1,-5.188,1,0.0331,0.0316,0.0,0.116,0.307
0,False,0.459,0.606,10,-5.694,1,0.038,0.296,8.37e-05,0.113,0.234
43,False,0.573,0.367,7,-9.494,1,0.0321,0.655,3.68e-06,0.0786,0.303
0,False,0.617,0.835,11,-5.384,0,0.0321,0.359,0.000698,0.118,0.833
40,False,0.462,0.885,10,-3.779,1,0.0487,0.161,0.0,0.0622,0.432
3,False,0.685,0.909,3,-4.034,0,0.0396,0.0471,0.0,0.35,0.922
56,False,0.237,0.984,1,-4.017,1,0.174,0.000372,3.83e-06,0.0841,0.285
18,False,0.861,0.774,6,-6.177,0,0.0755,0.0116,0.0322,0.0534,0.777
0,False,0.694,0.828,11,-4.653,0,0.0336,0.0399,0.0,0.0796,0.407
5,False,0.675,0.817,5,-3.789,0,0.0497,0.00711,0.0,0.0839,0.446
34,False,0.535,0.722,9,-7.684,0,0.555,0.388,0.0,0.0995,0.594
69,False,0.554,0.371,7,-9.104,0,0.0361,0.855,0.0,0.0838,0.245
18,False,0.217,0.849,1,-10.292,1,0.0646,1.86e-05,0.896,0.0572,0.0395
41,False,0.499,0.533,0,-11.565,1,0.0358,0.505,0.00781,0.956,0.591
63,False,0.489,0.595,3,-3.788,0,0.0273,0.262,0.0,0.0813,0.459
0,False,0.809,0.757,1,-6.246,0,0.0424,0.0157,0.0943,0.0997,0.587
32,False,0.513,0.436,7,-10.931,1,0.03,0.33,1.3e-05,0.313,0.43
33,False,0.634,0.0901,6,-16.02,0,0.0748,0.954,6.16e-06,0.12,0.513
48,False,0.277,0.198,7,-11.923,1,0.0306,0.498,0.00623,0.0984,0.134
14,False,0.244,0.75,1,-14.828,1,0.0902,1.09e-05,0.912,0.0835,0.233
56,False,0.657,0.652,10,-7.247,1,0.05,0.37,0.0,0.238,0.665
53,False,0.329,0.277,10,-13.111,0,0.0302,0.971,0.024,0.0971,0.121
19,False,0.446,0.06,9,-19.25,1,0.0298,0.981,0.96,0.0978,0.0383
38,False,0.795,0.898,5,-3.752,1,0.0312,0.13,0.0,0.382,0.974
35,False,0.167,0.398,8,-8.578,1,0.0324,0.646,0.0199,0.111,0.217
39,False,0.674,0.675,5,-8.926,1,0.0503,0.604,0.000432,0.273,0.867
20,False,0.555,0.348,4,-15.245,1,0.0294,0.78,0.00137,0.115,0.566
24,False,0.458,0.636,7,-8.085,1,0.0509,0.685,0.0,0.317,0.931
28,False,0.527,0.497,1,-9.449,1,0.0356,0.0445,0.0,0.0771,0.358
0,False,0.652,0.746,9,-5.325,1,0.0286,0.0142,0.0,0.272,0.876
0,False,0.521,0.431,10,-8.529,0,0.0413,0.871,0.0,0.141,0.531
19,False,0.387,0.923,0,-3.402,1,0.0747,0.202,1.41e-05,0.224,0.302
73,False,0.612,0.921,7,-2.882,1,0.085,0.0183,0.0,0.0576,0.446
14,False,0.666,0.749,9,-14.593,0,0.0717,0.0988,0.0254,0.126,0.743
72,True,0.731,0.58,10,-7.328,0,0.0399,0.223,0.0,0.129,0.319
52,False,0.528,0.615,0,-11.515,1,0.0365,0.221,0.0,0.197,0.624
30,False,0.397,0.416,0,-10.534,1,0.0314,0.667,4.46e-06,0.0969,0.258
17,False,0.546,0.48,1,-12.256,1,0.087,0.585,0.374,0.155,0.153
5,False,0.833,0.598,1,-10.02,0,0.0491,0.000286,0.768,0.0894,0.567
45,True,0.822,0.851,3,-5.015,0,0.284,0.216,0.0,0.293,0.923
68,False,0.438,0.986,10,-3.384,0,0.14,0.35,0.000343,0.0773,0.736
7,False,0.678,0.698,7,-4.57,1,0.0587,0.00214,4.94e-06,0.0945,0.812
0,False,0.667,0.62,1,-5.647,1,0.282,0.308,0.0,0.0488,0.75
41,False,0.575,0.726,6,-3.582,1,0.0288,0.147,0.0,0.0942,0.586
21,False,0.495,0.0963,3,-20.462,1,0.0519,0.962,0.88,0.108,0.666
34,False,0.508,0.98,11,-6.256,0,0.143,0.00375,0.202,0.73,0.0572
0,False,0.402,0.913,1,-6.212,0,0.266,0.000547,2.52e-06,0.0869,0.351
67,False,0.514,0.736,10,-4.364,1,0.0321,0.483,0.0,0.18,0.495
59,False,0.57,0.635,10,-10.231,1,0.0482,0.00459,0.176,0.0901,0.196
10,False,0.628,0.277,3,-19.201,1,0.05,0.963,0.963,0.118,0.644
70,False,0.452,0.928,2,-3.133,1,0.079,0.000706,0.000637,0.226,0.6
27,False,0.464,0.284,2,-18.875,1,0.232,0.763,0.0,0.975,0.702
65,False,0.3,0.0464,2,-27.828,1,0.0429,0.986,0.897,0.105,0.172
50,False,0.498,0.384,4,-10.752,1,0.0976,0.818,0.000937,0.13,0.25
16,False,0.205,0.956,2,-10.127,1,0.0646,1.32e-05,0.189,0.0564,0.233
40,True,0.842,0.49,8,-12.231,0,0.846,0.276,0.0,0.551,0.736
34,False,0.504,0.898,1,-4.81,0,0.0387,0.000285,0.272,0.336,0.709
20,False,0.473,0.955,6,-6.366,1,0.0368,0.000471,0.583,0.631,0.513
27,False,0.291,0.919,8,-4.967,1,0.0569,0.0777,2.31e-05,0.103,0.571
55,False,0.551,0.482,1,-6.404,1,0.242,0.652,0.0,0.18,0.628
54,False,0.481,0.9,10,-3.988,0,0.0696,0.000163,3.2e-05,0.0783,0.503
0,False,0.593,0.287,1,-12.472,1,0.0469,0.764,0.0,0.153,0.639
1,False,0.937,0.632,9,-7.407,1,0.157,0.0265,0.0,0.111,0.542
51,False,0.746,0.481,1,-9.584,0,0.0791,0.556,0.0,0.161,0.187
1,False,0.606,0.735,11,-4.676,0,0.0349,0.0738,0.0,0.243,0.604
66,False,0.742,0.527,8,-6.892,0,0.0769,0.327,0.0,0.25,0.638
21,False,0.257,0.998,4,-2.859,0,0.14,3.19e-05,0.00722,0.0624,0.0597
52,False,0.673,0.891,11,-3.301,0,0.0478,0.698,2.92e-06,0.184,0.845
0,False,0.886,0.708,4,-5.915,0,0.0911,0.107,0.0114,0.044,0.965
37,True,0.532,0.914,2,-13.739,1,0.0668,0.0025,0.000193,0.169,0.382
19,False,0.646,0.836,1,-6.203,1,0.0327,0.301,3.23e-05,0.29,0.727
35,False,0.492,0.452,5,-8.796,1,0.028,0.395,0.0345,0.123,0.223
32,True,0.554,0.896,4,-4.492,0,0.0817,0.00128,8.34e-06,0.0353,0.519
29,False,0.472,0.85,1,-3.951,0,0.106,0.64,0.0,0.635,0.706
53,False,0.634,0.207,11,-22.772,0,0.0354,0.434,0.881,0.105,0.174
23,True,0.535,0.678,5,-12.521,1,0.956,0.732,0.0,0.977,0.515
0,False,0.533,0.426,9,-9.525,0,0.0297,0.46,0.0,0.1,0.152
60,True,0.669,0.535,2,-12.36,1,0.0972,0.432,0.0,0.208,0.739
58,False,0.648,0.52,7,-8.543,1,0.0249,0.674,0.00129,0.0821,0.492
42,False,0.806,0.633,0,-4.674,0,0.0487,0.289,0.0,0.169,0.74
4,False,0.237,0.959,11,-3.978,0,0.153,0.211,0.817,0.0787,0.423
52,True,0.801,0.54,2,-7.538,0,0.0418,0.183,0.292,0.115,0.502
0,False,0.604,0.424,11,-12.288,1,0.0278,0.329,0.0,0.116,0.291
36,False,0.694,0.786,5,-7.173,0,0.0392,0.00168,0.000899,0.0929,0.465
60,False,0.311,0.311,5,-11.516,1,0.0323,0.69,0.0,0.195,0.369
16,False,0.512,0.537,2,-7.198,1,0.107,0.76,0.954,0.0982,0.86
0,False,0.588,0.844,2,-5.25,0,0.0484,0.00481,0.0473,0.356,0.22
52,False,0.665,0.618,5,-10.467,1,0.0326,0.503,0.0,0.131,0.926
53,False,0.443,0.517,6,-10.019,0,0.0542,0.0372,0.895,0.0702,0.0739
0,False,0.561,0.549,2,-8.341,1,0.0668,0.547,0.0,0.105,0.42
51,False,0.589,0.809,7,-5.6,1,0.0283,0.0479,0.0,0.116,0.628
18,False,0.898,0.509,9,-14.451,1,0.387,0.00254,0.0,0.281,0.822
65,False,0.512,0.814,10,-5.467,1,0.0327,0.00419,0.0,0.0991,0.277
0,False,0.768,0.767,5,-8.06,0,0.0358,0.194,0.0,0.121,0.457
24,False,0.523,0.835,2,-5.128,1,0.0617,0.00698,0.0,0.0986,0.37
46,False,0.586,0.426,0,-10.904,0,0.0242,0.357,0.474,0.0762,0.21
19,False,0.464,0.0505,3,-25.482,1,0.0406,0.967,0.94,0.0964,0.144
39,False,0.509,0.97,4,-6.732,1,0.0697,0.00951,0.000234,0.0459,0.665
0,False,0.359,0.573,9,-6.054,1,0.0326,0.665,0.000178,0.136,0.562
49,False,0.423,0.572,6,-5.109,1,0.0347,0.0158,0.0,0.231,0.17
29,False,0.512,0.495,0,-5.61,1,0.0254,0.154,0.0,0.0962,0.314
31,False,0.715,0.696,9,-9.901,1,0.54,0.828,0.0,0.492,0.721
0,False,0.473,0.068,0,-20.033,1,0.0315,0.892,0.00216,0.105,0.262
48,False,0.594,0.699,8,-9.843,1,0.0418,0.0301,0.919,0.096,0.354
29,False,0.634,0.737,0,-8.398,1,0.0536,0.604,0.000428,0.336,0.961
64,False,0.374,0.922,0,-3.4,1,0.056,0.0135,0.204,0.28,0.393
21,False,0.399,0.832,7,-4.961,0,0.0524,7.52e-05,0.661,0.107,0.207
0,False,0.747,0.728,4,-4.785,0,0.0521,0.0376,0.0173,0.0714,0.694
26,False,0.565,0.191,8,-13.598,0,0.0393,0.762,0.0,0.222,0.36
0,False,0.518,0.948,6,-5.579,0,0.0676,0.00512,0.0996,0.228,0.548
24,False,0.488,0.844,2,-10.276,1,0.0393,9.6e-05,1.5e-06,0.376,0.67
27,False,0.414,0.993,7,-5.047,1,0.0588,0.01,0.841,0.266,0.165
37,True,0.651,0.756,3,-3.485,0,0.0281,0.0107,0.0,0.201,0.402
67,False,0.777,0.721,0,-6.951,1,0.071,0.476,0.0512,0.27,0.88
25,False,0.635,0.792,4,-6.872,0,0.0517,0.0901,6.15e-06,0.211,0.897
45,False,0.594,0.787,11,-6.287,0,0.0443,0.603,0.0,0.602,0.682
0,False,0.501,0.583,7,-9.46,0,0.0605,0.69,0.00396,0.0747,0.734
0,False,0.865,0.573,5,-5.501,1,0.0678,0.0863,0.0,0.305,0.563
29,False,0.581,0.482,5,-13.338,0,0.0542,0.49,0.000231,0.194,0.921
41,False,0.543,0.876,1,-4.678,1,0.0526,0.0607,0.211,0.222,0.706
19,False,0.574,0.598,4,-7.278,1,0.0275,0.00197,0.812,0.203,0.243
6,False,0.764,0.668,1,-7.516,0,0.0677,0.0419,0.125,0.231,0.945
1,False,0.857,0.664,1,-6.189,1,0.0856,0.00519,0.000492,0.134,0.637
46,False,0.577,0.869,2,-5.305,0,0.205,0.44,2.99e-06,0.0721,0.696
33,False,0.663,0.643,0,-13.757,1,0.0432,0.321,3.02e-05,0.327,0.79
60,False,0.701,0.83,11,-5.132,0,0.0507,0.362,6.77e-05,0.0831,0.475
18,False,0.823,0.861,11,-9.567,0,0.125,0.000646,0.836,0.14,0.235
66,False,0.767,0.881,9,-3.988,1,0.0301,0.00133,0.000139,0.0551,0.961
63,False,0.802,0.691,6,-6.973,0,0.0466,0.0989,2.29e-06,0.277,0.452
44,False,0.481,0.779,3,-3.81,1,0.031,0.00853,0.0,0.0993,0.142
56,False,0.48,0.501,5,-5.511,1,0.0296,0.624,0.0,0.0748,0.222
0,False,0.112,0.978,4,-2.64,1,0.117,0.000108,0.0241,0.117,0.371
43,False,0.472,0.564,10,-15.053,1,0.0932,0.103,5.58e-06,0.0645,0.627
37,False,0.633,0.879,0,-6.047,1,0.0481,0.0758,0.000658,0.332,0.681
33,False,0.543,0.311,8,-11.237,1,0.087,0.991,0.109,0.821,0.624
42,False,0.537,0.91,10,-4.783,0,0.176,0.0321,0.000478,0.951,0.774
66,False,0.758,0.573,6,-6.221,0,0.0428,0.0888,0.000677,0.0834,0.284
4,False,0.813,0.786,6,-4.133,0,0.154,0.107,0.0,0.238,0.828
25,False,0.57,0.975,1,-2.617,1,0.0617,0.0404,0.0,0.162,0.908
21,False,0.181,0.197,5,-24.981,0,0.0481,0.909,0.0141,0.0866,0.2
0,False,0.374,0.344,8,-10.95,1,0.0272,0.586,9.84e-06,0.144,0.304
70,True,0.615,0.623,4,-6.724,0,0.0867,0.0893,0.0,0.205,0.266
63,False,0.714,0.798,5,-4.239,0,0.0612,0.00248,0.000678,0.103,0.659
0,False,0.665,0.769,0,-6.532,1,0.0275,0.0776,6.84e-06,0.0754,0.76
31,False,0.669,0.575,8,-9.366,1,0.0547,0.894,0.0,0.39,0.907
18,False,0.779,0.814,4,-9.404,0,0.0614,0.000922,0.804,0.125,0.295
49,False,0.544,0.888,2,-8.452,0,0.0355,0.000111,4.71e-06,0.215,0.599
21,False,0.507,0.914,4,-4.169,0,0.0547,0.238,0.0,0.273,0.687
49,False,0.377,0.012,3,-28.691,1,0.0353,0.991,0.912,0.0959,0.072
48,False,0.644,0.628,5,-6.765,1,0.0544,0.0334,0.0,0.173,0.448
24,False,0.427,0.911,1,-4.491,0,0.0678,0.00495,0.000697,0.31,0.576
48,False,0.212,0.159,8,-21.226,1,0.0402,0.978,0.378,0.514,0.088
52,False,0.812,0.666,0,-6.878,1,0.131,0.419,0.103,0.236,0.795
78,False,0.552,0.608,1,-9.786,0,0.0345,0.352,0.0,0.0533,0.637
45,False,0.463,0.687,6,-8.177,1,0.18,0.357,0.0,0.0824,0.97
46,False,0.562,0.816,10,-5.04,0,0.392,0.21,0.0,0.112,0.768
40,False,0.352,0.442,9,-5.14,0,0.0323,0.818,0.00373,0.101,0.464
47,False,0.383,0.145,2,-14.822,1,0.0314,0.929,6.72e-06,0.111,0.337
22,False,0.648,0.922,8,-8.979,1,0.101,0.0305,0.192,0.094,0.118
45,False,0.672,0.243,0,-11.634,1,0.0281,0.774,1.79e-05,0.082,0.689
34,False,0.595,0.209,3,-12.693,1,0.033,0.912,0.0,0.111,0.347
0,False,0.813,0.81,3,-5.382,0,0.0809,0.112,1.59e-06,0.377,0.632
87,False,0.762,0.861,0,-3.296,1,0.0955,0.0185,0.0,0.264,0.955
57,False,0.485,0.262,7,-13.286,1,0.0263,0.978,5.99e-05,0.117,0.332
16,False,0.637,0.022,3,-26.353,1,0.0525,0.995,0.909,0.126,0.193
73,True,0.745,0.593,8,-6.35,1,0.0524,0.00522,5.06e-06,0.123,0.17
33,True,0.666,0.793,1,-5.192,0,0.332,0.286,0.0,0.0623,0.649
50,True,0.884,0.77,8,-4.504,0,0.231,0.121,0.0,0.107,0.747
1,False,0.847,0.69,1,-7.877,0,0.0493,0.0127,6e-05,0.0526,0.692
44,False,0.541,0.904,9,-4.046,0,0.294,0.00709,0.000317,0.0427,0.242
43,False,0.337,0.0392,7,-17.416,0,0.0522,0.984,0.939,0.0882,0.179
61,False,0.266,0.925,7,-3.75,0,0.0834,0.000233,0.0379,0.19,0.2
58,False,0.731,0.403,6,-9.244,1,0.311,0.4,0.0,0.173,0.549
21,False,0.524,0.845,8,-5.45,0,0.0352,0.00388,0.0,0.0953,0.324
73,False,0.55,0.648,7,-6.542,1,0.0309,0.0191,0.0,0.0999,0.323
9,False,0.78,0.229,0,-11.368,0,0.0773,0.85,0.919,0.124,0.48
36,False,0.526,0.707,5,-5.696,1,0.0388,0.053,0.0,0.13,0.39
40,False,0.572,0.223,4,-11.88,1,0.0277,0.916,2.85e-05,0.103,0.377
63,False,0.46,0.473,8,-11.422,0,0.0479,0.589,0.000149,0.111,0.235
32,False,0.42,0.994,8,-2.576,1,0.217,0.000807,0.151,0.224,0.0582
0,False,0.318,0.318,5,-6.224,1,0.0346,0.929,6.5e-05,0.201,0.216
17,True,0.798,0.684,2,-5.138,1,0.168,0.0307,0.000159,0.479,0.557
1,True,0.369,0.99,8,-2.189,1,0.093,0.000151,0.000161,0.309,0.443
34,False,0.29,0.173,6,-12.227,1,0.0295,0.675,2.81e-05,0.0906,0.213
64,False,0.67,0.839,0,-4.023,1,0.036,0.0607,0.000764,0.159,0.726
63,False,0.354,0.264,0,-12.571,1,0.0544,0.832,0.0,0.11,0.227
0,False,0.631,0.569,5,-5.956,0,0.0438,0.728,0.0,0.27,0.874
16,False,0.27,0.834,6,-5.433,1,0.0999,0.0226,0.0733,0.362,0.429
1,False,0.144,0.0231,9,-24.877,1,0.0414,0.604,0.401,0.118,0.108
0,False,0.275,0.0658,7,-21.914,1,0.0496,0.972,0.911,0.0943,0.511
46,False,0.669,0.856,2,-6.437,1,0.0492,0.00995,0.0,0.491,0.502
46,False,0.649,0.413,2,-10.934,1,0.0316,0.261,1.93e-05,0.0748,0.59
15,True,0.126,0.989,5,-5.089,1,0.108,0.0,0.817,0.123,0.163
18,False,0.654,0.412,10,-13.349,1,0.0501,0.555,0.0,0.0621,0.64
24,False,0.529,0.988,9,-2.532,1,0.0905,0.0981,0.0,0.293,0.858
1,False,0.64,0.821,7,-5.789,0,0.0732,0.00122,0.145,0.203,0.624
63,False,0.447,0.0136,2,-26.598,1,0.0432,0.985,0.931,0.108,0.14
65,False,0.365,0.466,2,-7.514,1,0.0418,0.161,6.68e-06,0.106,0.487
26,False,0.293,0.96,11,-3.762,1,0.0574,0.00112,0.0,0.151,0.544
40,False,0.802,0.385,10,-11.813,0,0.0803,0.0514,0.938,0.109,0.311
46,False,0.538,0.757,8,-5.622,1,0.037,0.0055,0.0,0.104,0.298
44,False,0.633,0.743,7,-8.029,1,0.0362,0.29,0.00696,0.0629,0.548
34,False,0.212,0.99,11,-20.566,0,0.0497,0.149,0.997,0.958,0.0138
25,True,0.389,0.927,5,-8.973,0,0.252,0.0207,0.00307,0.943,0.221
66,True,0.719,0.651,7,-5.872,1,0.0274,0.127,0.0,0.0762,0.289
29,False,0.839,0.565,4,-7.038,0,0.0624,0.1,0.0,0.059,0.76
66,False,0.73,0.58,0,-7.976,1,0.124,0.0399,2.48e-05,0.0703,0.55
46,False,0.521,0.55,1,-6.222,1,0.0709,0.0029,0.171,0.0955,0.0391
34,False,0.507,0.583,5,-8.995,0,0.0326,0.641,4.14e-05,0.35,0.714
44,False,0.589,0.649,0,-4.925,1,0.0355,0.355,0.0,0.823,0.717
55,False,0.496,0.76,4,-4.281,1,0.393,0.000799,0.00285,0.368,0.422
0,False,0.65,0.956,4,-4.113,1,0.0564,0.0153,3.86e-05,0.364,0.673
45,False,0.626,0.493,2,-14.668,1,0.0454,0.366,0.000137,0.0873,0.831
10,False,0.8,0.779,2,-10.351,0,0.0604,0.00565,0.889,0.0842,0.49
25,False,0.728,0.904,7,-4.393,1,0.0392,0.00529,2.73e-06,0.301,0.826
18,True,0.464,0.997,3,-2.018,0,0.251,0.168,3.89e-05,0.515,0.0929
58,False,0.439,0.92,2,-3.772,1,0.107,0.00655,0.00291,0.351,0.533
26,False,0.558,0.88,2,-7.861,1,0.054,0.00945,1.95e-05,0.0851,0.693
12,False,0.827,0.312,11,-10.419,1,0.0924,0.138,0.89,0.0929,0.551
44,False,0.263,0.423,6,-10.167,0,0.0357,0.743,0.000933,0.0698,0.316
2,True,0.795,0.845,9,-3.809,0,0.135,0.105,1.14e-05,0.172,0.769
45,False,0.587,0.419,6,-8.807,1,0.0272,0.761,0.0,0.116,0.372
22,False,0.724,0.658,8,-9.211,1,0.0353,0.589,0.0,0.121,0.739
0,False,0.386,0.936,8,-4.005,1,0.0701,0.0121,1.6e-05,0.266,0.418
7,False,0.777,0.832,1,-5.739,1,0.179,0.00632,0.0508,0.12,0.775
19,False,0.599,0.349,0,-12.463,1,0.26,0.996,0.689,0.244,0.379
30,False,0.408,0.213,5,-14.843,1,0.0295,0.869,0.0,0.101,0.643
47,False,0.735,0.722,1,-8.373,0,0.0352,0.489,0.0,0.383,0.936
47,False,0.435,0.154,6,-21.451,1,0.0367,0.977,0.85,0.0728,0.0799
18,False,0.462,0.966,10,-0.903,0,0.0583,0.000205,0.773,0.141,0.163
0,False,0.123,0.261,8,-11.245,1,0.0288,0.718,0.0,0.14,0.136
22,False,0.521,0.859,5,-4.073,1,0.0616,0.000251,0.0,0.153,0.569
5,False,0.857,0.503,0,-12.762,1,0.089,0.00141,0.917,0.108,0.44
44,False,0.668,0.917,1,-4.478,1,0.118,0.00427,0.00491,0.101,0.344
10,False,0.457,0.709,2,-11.038,1,0.109,0.31,0.666,0.642,0.643
34,False,0.0645,0.302,1,-17.238,1,0.2,0.00312,0.0,0.607,0.0136
49,False,0.574,0.427,4,-7.818,1,0.0483,0.553,0.0,0.101,0.197
66,False,0.556,0.61,9,-4.729,1,0.213,0.833,2.22e-06,0.258,0.665
25,False,0.501,0.99,8,-5.44,0,0.0488,0.000129,0.727,0.33,0.59
61,False,0.85,0.723,2,-8.789,1,0.171,0.00943,0.0818,0.101,0.55
24,False,0.772,0.559,2,-6.406,0,0.262,0.335,0.0,0.0737,0.506
65,False,0.74,0.848,2,-6.437,1,0.144,0.0781,0.0,0.375,0.802
47,True,0.705,0.472,2,-8.149,0,0.0413,0.612,0.0,0.111,0.246
61,False,0.637,0.14,2,-11.472,1,0.0407,0.903,0.0,0.107,0.392
25,False,0.737,0.456,9,-10.969,1,0.91,0.675,0.0,0.396,0.665
52,False,0.625,0.601,10,-9.671,0,0.0423,0.0349,0.00332,0.0665,0.532
0,False,0.744,0.458,0,-8.632,1,0.03,0.425,2.66e-06,0.0872,0.621
24,False,0.282,0.307,0,-9.667,1,0.031,0.859,0.809,0.336,0.115
0,False,0.352,0.666,1,-4.909,1,0.0512,0.117,1.81e-06,0.0934,0.227
32,False,0.619,0.608,8,-11.675,0,0.0492,0.356,0.415,0.298,0.573
42,False,0.391,0.902,9,-4.128,1,0.0528,0.464,0.0,0.941,0.775
24,False,0.546,0.844,4,-8.612,1,0.0423,0.0199,1.09e-05,0.355,0.561
58,False,0.697,0.55,2,-11.496,1,0.179,0.856,3.44e-05,0.0907,0.844
8,False,0.959,0.536,2,-5.009,1,0.183,0.0788,0.0,0.165,0.917
59,True,0.304,0.987,7,-2.578,1,0.193,6.13e-05,0.000162,0.371,0.153
38,False,0.673,0.8,2,-5.253,1,0.0515,0.0728,0.0,0.181,0.964
0,False,0.503,0.582,0,-4.324,1,0.0253,0.472,0.0,0.103,0.326
36,False,0.544,0.915,9,-5.895,0,0.0392,0.0104,3.05e-05,0.117,0.347
41,False,0.106,0.804,4,-4.727,0,0.0734,3.25e-06,0.908,0.31,0.112
29,False,0.475,0.538,10,-4.979,1,0.343,0.54,0.0,0.115,0.934
44,False,0.384,0.99,7,-3.826,1,0.0601,0.00474,0.036,0.363,0.663
40,False,0.809,0.338,2,-13.846,1,0.0291,0.747,4.52e-05,0.11,0.77
0,False,0.646,0.798,11,-3.943,0,0.0626,0.689,0.0,0.106,0.544
21,False,0.485,0.958,1,-5.855,1,0.0597,0.000159,0.054,0.245,0.38
1,False,0.488,0.715,9,-4.656,1,0.0562,0.0367,0.0,0.122,0.397
28,False,0.798,0.619,2,-7.635,1,0.0396,0.108,0.114,0.0813,0.778
71,True,0.411,0.962,4,-5.952,1,0.0917,0.103,0.0,0.529,0.622
52,False,0.651,0.425,5,-4.637,1,0.0274,0.861,0.0,0.136,0.498
50,True,0.252,0.994,8,-3.66,1,0.227,0.000888,0.0156,0.168,0.0767
26,False,0.716,0.349,5,-8.007,1,0.033,0.69,0.0,0.177,0.645
45,False,0.46,0.547,5,-12.599,0,0.0439,0.509,8.97e-05,0.252,0.657
39,False,0.763,0.784,0,-2.451,1,0.0387,0.705,0.0,0.408,0.828
1,False,0.597,0.38,11,-9.514,0,0.0747,0.988,0.000231,0.194,0.732
48,False,0.698,0.443,3,-9.526,1,0.0459,0.391,0.0,0.086,0.931
60,False,0.194,0.11,6,-23.824,0,0.0396,0.859,0.888,0.117,0.0395
32,False,0.566,0.441,5,-9.468,0,0.028,0.366,4.17e-05,0.126,0.309
0,False,0.483,0.404,7,-11.487,1,0.13,0.73,2.03e-05,0.0878,0.311
30,False,0.652,0.478,7,-7.663,1,0.0553,0.962,2.42e-05,0.703,0.83
0,False,0.593,0.287,1,-12.472,1,0.0469,0.764,0.0,0.153,0.639
0,False,0.181,0.351,9,-21.483,1,0.0515,0.893,0.952,0.115,0.241
5,False,0.648,0.436,2,-11.607,0,0.0272,0.758,0.00226,0.332,0.49
0,False,0.804,0.745,4,-5.805,0,0.0744,0.112,0.0,0.0925,0.512
29,False,0.541,0.807,7,-6.699,1,0.0377,0.00377,9.25e-06,0.577,0.488
13,False,0.469,0.911,5,-3.136,1,0.0643,0.000606,2.2e-05,0.138,0.424
66,False,0.768,0.904,8,-5.759,0,0.0584,0.0502,0.011,0.386,0.906
25,False,0.776,0.912,11,-5.042,1,0.0484,0.00459,0.0056,0.0673,0.898
35,False,0.489,0.915,7,-5.945,1,0.075,0.0149,0.0,0.11,0.636
0,False,0.513,0.458,10,-7.3,1,0.142,0.437,0.0,0.295,0.488
21,False,0.567,0.928,9,-3.908,1,0.819,0.858,0.0,0.599,0.436
68,False,0.511,0.84,11,-2.781,0,0.103,0.00852,0.0,0.346,0.303
0,True,0.83,0.739,7,-5.395,0,0.0627,0.136,2.11e-06,0.162,0.631
26,False,0.547,0.912,0,-6.14,1,0.0323,0.107,3.99e-06,0.0484,0.969
39,False,0.672,0.839,11,-6.094,0,0.0568,0.0572,2.45e-06,0.171,0.7
36,False,0.77,0.766,0,-5.89,1,0.0309,0.146,0.000113,0.204,0.961
51,False,0.808,0.728,0,-10.493,0,0.0653,0.262,0.0,0.228,0.832
27,False,0.743,0.386,7,-11.106,1,0.229,0.781,0.858,0.0907,0.362
27,False,0.407,0.936,3,-4.503,1,0.195,0.028,0.0,0.0686,0.6
40,False,0.853,0.475,8,-11.592,0,0.122,0.0163,1.4e-06,0.0998,0.962
17,False,0.822,0.413,3,-11.341,1,0.112,0.0222,0.0,0.0307,0.834
46,False,0.634,0.667,6,-4.189,1,0.0328,0.281,0.0,0.679,0.685
42,False,0.632,0.362,5,-13.499,1,0.0348,0.624,0.000194,0.108,0.299
40,False,0.306,0.0653,9,-20.226,0,0.0354,0.965,0.93,0.124,0.109
0,False,0.242,0.373,0,-14.292,0,0.0507,0.981,0.727,0.158,0.17
28,False,0.234,0.948,1,-4.544,0,0.0542,3.19e-06,0.011,0.24,0.0771
7,False,0.29,0.049,5,-24.072,1,0.0555,0.98,0.753,0.108,0.114
45,False,0.651,0.668,8,-8.194,0,0.0364,0.75,1.08e-05,0.931,0.445
52,False,0.331,0.599,11,-6.832,1,0.0904,0.788,2.43e-06,0.155,0.49
0,False,0.678,0.612,4,-9.764,1,0.0339,0.1,0.316,0.164,0.857
36,False,0.42,0.917,9,-3.545,0,0.0529,0.000452,0.0,0.248,0.836
67,False,0.442,0.00919,3,-32.452,1,0.047,0.984,0.936,0.0873,0.0929
47,False,0.762,0.805,0,-7.632,1,0.037,0.132,0.168,0.0566,0.345
30,False,0.685,0.998,9,-2.029,0,0.0749,0.196,1.65e-05,0.442,0.761
33,False,0.431,0.458,7,-11.941,0,0.0592,0.961,4.42e-06,0.4,0.453
19,False,0.848,0.817,10,-5.328,0,0.259,0.0416,3.08e-06,0.0701,0.846
0,True,0.804,0.825,11,-3.596,1,0.0585,0.166,3.48e-06,0.116,0.662
0,False,0.759,0.711,0,-5.199,1,0.0384,0.0477,1.19e-06,0.143,0.436
56,False,0.922,0.906,7,-8.513,1,0.144,0.339,0.000163,0.099,0.808
10,False,0.645,0.294,2,-15.183,1,0.0343,0.871,4.46e-06,0.149,0.724
42,False,0.796,0.545,9,-8.117,1,0.0603,0.116,0.0157,0.0812,0.62
23,True,0.57,0.938,10,-4.921,0,0.0561,0.000437,0.0,0.115,0.416
1,False,0.685,0.909,3,-4.034,0,0.0396,0.0471,0.0,0.35,0.922
2,False,0.601,0.713,4,-3.758,0,0.0449,0.0282,0.0,0.158,0.464
67,False,0.363,0.914,11,-2.899,0,0.0983,0.00183,0.0,0.335,0.678
41,False,0.411,0.476,6,-8.05,0,0.0418,0.829,0.00107,0.089,0.476
52,False,0.455,0.649,8,-10.444,1,0.0519,0.126,0.000353,0.155,0.0719
61,False,0.451,0.973,8,-2.611,1,0.0514,0.00428,7.36e-06,0.0924,0.628
57,False,0.629,0.821,5,-4.743,0,0.0466,0.0194,0.0176,0.0815,0.458
43,False,0.429,0.863,4,-5.719,1,0.0369,0.00177,8.88e-05,0.0703,0.351
59,True,0.737,0.629,7,-6.331,1,0.287,0.0662,1.29e-05,0.513,0.581
26,True,0.567,0.702,0,-5.494,0,0.266,0.0415,0.0,0.111,0.547
47,False,0.152,0.409,0,-14.528,0,0.0582,0.7,0.813,0.14,0.0373
0,False,0.367,0.824,7,-6.763,1,0.0377,0.0121,8.55e-05,0.155,0.253
0,False,0.733,0.756,2,-8.05,1,0.135,0.438,3.22e-05,0.335,0.923
9,False,0.718,0.952,1,-6.213,1,0.0593,0.0571,0.882,0.0708,0.891
0,False,0.497,0.374,10,-6.941,1,0.028,0.751,5.82e-05,0.118,0.235
48,False,0.405,0.957,5,-1.318,0,0.0627,0.0343,0.142,0.0988,0.0779
18,False,0.395,0.156,2,-17.997,1,0.0337,0.833,0.893,0.117,0.115
0,True,0.772,0.794,10,-3.22,0,0.0674,0.104,0.0,0.638,0.674
41,False,0.833,0.464,1,-7.622,1,0.375,0.0375,3.02e-06,0.111,0.948
47,False,0.492,0.773,2,-5.845,0,0.0369,0.0022,0.835,0.305,0.197
5,False,0.808,0.779,1,-7.1,0,0.0546,0.00205,0.936,0.0467,0.991
56,False,0.557,0.0958,8,-18.457,1,0.0542,0.99,0.872,0.145,0.202
39,False,0.519,0.86,6,-5.475,1,0.305,0.0701,0.0,0.387,0.948
71,False,0.56,0.512,1,-7.185,0,0.0333,0.592,0.0,0.056,0.39
39,False,0.36,0.247,0,-9.415,1,0.0396,0.838,0.00454,0.104,0.279
49,False,0.453,0.888,8,-3.761,0,0.0528,0.0117,5.26e-06,0.0879,0.229
22,False,0.57,0.707,5,-7.919,0,0.0331,0.377,0.00345,0.209,0.93
13,False,0.768,0.647,1,-3.396,1,0.286,0.0664,0.0,0.242,0.126
2,False,0.883,0.923,0,-6.102,1,0.0757,0.145,0.0396,0.0407,0.896
28,False,0.552,0.785,6,-5.351,0,0.036,0.00333,4.82e-05,0.0743,0.206
0,False,0.772,0.377,2,-17.179,1,0.103,0.061,1.4e-05,0.305,0.893
55,False,0.514,0.867,9,-4.717,1,0.0332,0.00904,0.0508,0.232,0.596
47,False,0.687,0.744,2,-8.085,1,0.0545,0.000189,0.875,0.0924,0.526
49,False,0.616,0.588,2,-7.442,1,0.113,0.771,0.0,0.426,0.722
43,False,0.417,0.48,7,-5.553,1,0.0297,0.88,0.0,0.675,0.949
24,True,0.615,0.644,3,-10.944,0,0.921,0.915,0.0,0.864,0.263
76,True,0.686,0.794,7,-6.136,0,0.0385,0.27,2.25e-05,0.125,0.532
59,False,0.601,0.786,11,-5.36,0,0.0591,0.0115,0.00018,0.263,0.381
25,False,0.352,0.859,1,-6.187,1,0.042,0.00143,0.0985,0.0735,0.358
53,True,0.292,0.989,1,-3.379,1,0.0851,1.35e-05,0.748,0.212,0.355
55,False,0.224,0.118,10,-18.663,1,0.0361,0.915,0.000224,0.3,0.0746
33,False,0.5,0.0981,10,-13.88,1,0.0412,0.926,0.000938,0.115,0.324
0,False,0.814,0.74,0,-5.738,1,0.145,0.165,0.0,0.111,0.7
74,True,0.762,0.766,7,-3.955,1,0.0343,0.00776,6.98e-05,0.128,0.442
22,True,0.351,0.946,2,-5.305,1,0.0868,0.000138,0.411,0.147,0.674
18,False,0.808,0.364,10,-10.472,0,0.103,0.0363,0.000203,0.0656,0.692
57,False,0.394,0.918,0,-2.133,1,0.0628,0.0286,0.00117,0.17,0.324
24,True,0.666,0.974,10,-3.502,0,0.209,0.0266,2.27e-05,0.377,0.113
0,False,0.798,0.625,4,-6.83,1,0.13,0.383,3.33e-05,0.125,0.774
16,False,0.214,0.997,1,-4.096,1,0.112,4.81e-06,0.94,0.0828,0.121
0,False,0.499,0.495,10,-9.166,0,0.0286,0.263,4.48e-05,0.104,0.473
0,False,0.775,0.608,7,-6.264,1,0.128,0.128,0.0,0.0895,0.56
46,False,0.855,0.555,11,-11.72,0,0.0662,0.025,0.152,0.0558,0.3
31,False,0.683,0.647,2,-9.071,0,0.0321,0.483,0.857,0.12,0.655
35,False,0.603,0.946,8,-2.395,1,0.066,0.103,0.0,0.358,0.692
38,False,0.565,0.777,7,-6.532,1,0.034,0.254,2.02e-06,0.925,0.367
14,False,0.838,0.801,1,-5.893,1,0.11,0.0195,8.27e-06,0.375,0.673
52,False,0.499,0.204,5,-9.076,1,0.0363,0.938,1.22e-06,0.108,0.371
37,False,0.801,0.471,0,-11.041,1,0.0714,0.00574,0.772,0.162,0.231
41,False,0.709,0.119,11,-20.33,0,0.0459,0.902,0.436,0.109,0.336
49,False,0.356,0.733,9,-7.853,0,0.0389,0.742,0.0022,0.324,0.684
60,False,0.701,0.347,8,-11.279,0,0.0298,0.574,0.000107,0.0606,0.443
9,False,0.872,0.496,1,-8.321,0,0.0966,0.44,0.00203,0.0271,0.664
35,False,0.421,0.283,10,-14.307,0,0.052,0.807,3.87e-06,0.358,0.63
73,False,0.92,0.585,7,-7.121,0,0.387,0.0704,0.0,0.0874,0.528
77,False,0.467,0.988,11,-3.313,1,0.112,0.000152,0.0484,0.28,0.321
0,False,0.265,0.79,7,-3.702,1,0.0366,0.00699,0.0,0.0523,0.248
59,False,0.5,0.742,5,-4.029,0,0.0385,0.15,0.0,0.357,0.423
37,False,0.518,0.87,0,-7.142,1,0.07,0.00296,0.0,0.164,0.714
32,False,0.598,0.931,7,-2.533,1,0.0548,0.0109,0.0,0.291,0.719
0,False,0.527,0.924,6,-4.503,1,0.0367,7.92e-05,0.0671,0.705,0.324
36,False,0.481,0.885,8,-7.69,1,0.0645,0.0149,0.0491,0.185,0.0342
60,False,0.584,0.739,0,-4.951,1,0.369,0.117,0.0,0.0534,0.361
44,False,0.588,0.163,7,-13.481,1,0.0341,0.936,0.0,0.115,0.559
50,False,0.533,0.828,11,-5.533,1,0.0353,0.161,0.00242,0.0588,0.391
5,False,0.689,0.71,7,-9.341,1,0.0288,0.383,0.837,0.115,0.684
26,True,0.588,0.706,6,-13.119,0,0.957,0.672,0.0,0.865,0.491
52,False,0.552,0.829,6,-4.988,0,0.0845,0.187,5.44e-05,0.283,0.367
32,False,0.739,0.277,11,-11.163,1,0.0433,0.77,0.0,0.14,0.485
37,False,0.636,0.538,2,-8.026,0,0.0289,0.32,0.0,0.0879,0.76
80,False,0.62,0.573,0,-11.893,1,0.0423,0.271,0.0,0.0607,0.897
30,False,0.634,0.231,7,-6.694,1,0.0341,0.377,0.0,0.304,0.537
18,False,0.804,0.92,0,-7.478,1,0.0563,0.158,0.0797,0.0743,0.811
21,False,0.338,0.377,1,-7.186,0,0.0308,0.852,0.0058,0.107,0.0747
51,False,0.748,0.661,0,-7.877,1,0.051,0.378,0.66,0.104,0.374
0,False,0.653,0.402,0,-11.785,1,0.0476,0.623,0.814,0.112,0.453
45,False,0.306,0.356,9,-11.555,1,0.03,0.708,0.0,0.121,0.183
65,False,0.587,0.648,11,-6.927,0,0.0439,0.0561,0.0,0.115,0.281
35,False,0.528,0.865,8,-5.513,0,0.0363,0.0249,2.22e-06,0.195,0.6
70,False,0.169,0.0161,9,-31.034,0,0.0442,0.986,0.86,0.0805,0.0573
41,False,0.38,0.742,2,-5.677,1,0.0369,0.000812,0.0,0.856,0.262
0,False,0.479,0.802,9,-9.03,1,0.0512,0.0117,0.0,0.333,0.625
66,False,0.442,0.574,2,-6.394,1,0.0828,0.273,0.0,0.094,0.308
24,False,0.609,0.992,6,-2.664,1,0.139,0.109,0.0,0.39,0.543
37,False,0.264,0.437,11,-6.086,0,0.0306,0.876,0.0,0.118,0.136
15,False,0.799,0.23,0,-13.041,1,0.0447,0.916,0.00538,0.431,0.698
18,False,0.771,0.735,9,-7.033,1,0.0376,0.0142,0.763,0.319,0.95
53,False,0.658,0.748,7,-6.159,0,0.0353,0.204,5.66e-06,0.138,0.662
58,False,0.605,0.311,10,-12.105,1,0.0813,0.787,4.86e-05,0.113,0.165
47,False,0.685,0.435,0,-8.804,1,0.622,0.402,0.0,0.312,0.765
53,False,0.344,0.567,10,-11.437,1,0.0384,0.000127,0.205,0.225,0.613
0,False,0.3,0.579,0,-9.583,0,0.0391,0.54,7.25e-05,0.981,0.707
9,False,0.668,0.728,10,-9.725,0,0.0346,0.455,0.787,0.0722,0.385
62,False,0.424,0.264,2,-9.984,1,0.0298,0.831,7.08e-05,0.0763,0.169
49,False,0.763,0.762,11,-4.641,1,0.0514,0.0397,0.000132,0.0548,0.692
31,False,0.713,0.84,10,-9.861,1,0.0472,0.0971,5.5e-06,0.0433,0.924
53,True,0.502,0.817,0,-3.508,1,0.0447,0.000477,0.0,0.153,0.617
5,False,0.803,0.654,7,-10.101,1,0.0636,0.00029,0.183,0.0435,0.619
67,False,0.852,0.762,6,-4.448,0,0.0487,0.333,1.66e-06,0.159,0.907
27,False,0.72,0.76,11,-6.868,1,0.0537,0.311,6.03e-05,0.317,0.887
29,False,0.703,0.799,6,-4.705,0,0.0542,0.0194,0.0,0.0271,0.967
73,True,0.835,0.462,7,-6.227,1,0.155,0.513,0.0,0.0875,0.702
29,False,0.511,0.769,0,-4.888,1,0.035,0.0168,2.1e-05,0.352,0.64
21,False,0.559,0.323,10,-9.261,1,0.0272,0.862,0.0,0.179,0.468
0,False,0.43,0.543,8,-6.296,1,0.0367,0.463,0.000523,0.0928,0.354
15,False,0.494,0.951,6,-1.889,0,0.0381,0.00372,0.165,0.572,0.323
0,False,0.323,0.698,2,-5.498,1,0.0449,0.0801,0.0,0.122,0.105
50,False,0.226,0.599,0,-6.847,1,0.0365,0.326,8.81e-06,0.114,0.0653
47,False,0.245,0.171,2,-16.443,0,0.0327,0.969,0.885,0.0989,0.0735
54,False,0.762,0.391,1,-11.735,1,0.0337,0.867,0.000521,0.112,0.355
67,False,0.59,0.805,0,-6.481,1,0.0371,0.137,0.0,0.0996,0.797
48,False,0.488,0.801,9,-5.929,1,0.0315,0.0192,0.0,0.308,0.578
0,False,0.236,0.555,0,-7.383,1,0.031,0.0392,0.0,0.213,0.325
73,False,0.615,0.911,1,-3.584,0,0.0278,0.0686,0.00188,0.0908,0.685
0,False,0.802,0.78,0,-6.564,1,0.0367,0.0075,0.824,0.147,0.623
18,False,0.443,0.952,0,-6.306,1,0.0604,0.000151,0.351,0.0929,0.433
48,False,0.62,0.787,8,-9.869,0,0.0475,0.00291,0.839,0.113,0.0399
29,False,0.737,0.741,0,-3.885,1,0.047,0.139,2.29e-06,0.0739,0.681
0,False,0.561,0.445,10,-16.71,0,0.0579,0.784,0.87,0.0918,0.0519
37,False,0.353,0.793,0,-5.143,1,0.0366,0.0196,0.00015,0.137,0.394
9,False,0.878,0.411,1,-9.707,1,0.112,0.342,0.0,0.103,0.0613
0,True,0.762,0.923,9,-3.107,0,0.189,0.103,0.0,0.105,0.936
0,False,0.3,0.579,0,-9.583,0,0.0391,0.54,7.25e-05,0.981,0.707
20,False,0.593,0.634,9,-12.481,0,0.0311,0.795,0.885,0.288,0.503
20,False,0.351,0.829,1,-14.381,1,0.0375,0.000419,0.924,0.402,0.431
0,False,0.321,0.09,0,-21.296,0,0.0321,0.838,0.00266,0.0998,0.157
23,False,0.777,0.949,2,-2.488,1,0.0585,0.306,1.63e-05,0.299,0.85
21,False,0.451,0.247,11,-9.991,1,0.0322,0.859,1.03e-05,0.121,0.301
0,False,0.607,0.912,8,-3.449,1,0.0611,0.124,0.0,0.332,0.722
79,True,0.752,0.488,6,-7.05,1,0.0705,0.297,9.11e-06,0.0936,0.533
44,False,0.932,0.194,9,-15.76,1,0.047,0.552,0.0,0.0919,0.942
59,False,0.566,0.954,7,-3.786,1,0.0938,0.00208,2.1e-06,0.29,0.441
4,True,0.847,0.59,7,-6.301,1,0.133,0.059,0.0,0.0822,0.595
73,False,0.509,0.31,9,-10.623,1,0.0313,0.959,0.229,0.0963,0.151
47,False,0.61,0.615,0,-7.318,1,0.0463,0.741,0.0,0.0888,0.875
29,False,0.441,0.884,6,-7.31,0,0.0382,0.0764,0.632,0.331,0.505
33,False,0.664,0.678,8,-5.369,1,0.0291,0.877,0.0,0.273,0.955
45,False,0.729,0.895,8,-2.949,0,0.206,0.407,0.0,0.472,0.819
21,False,0.144,0.327,5,-13.468,0,0.0467,0.556,0.865,0.116,0.123
68,False,0.77,0.51,10,-5.469,0,0.192,0.137,0.000106,0.0346,0.533
39,False,0.654,0.613,7,-7.329,1,0.0343,0.44,0.0,0.685,0.605
32,False,0.526,0.292,4,-12.913,1,0.0282,0.506,4.12e-06,0.105,0.404
24,False,0.796,0.699,1,-9.146,1,0.0511,0.0846,0.000452,0.319,0.479
1,False,0.654,0.794,4,-6.288,0,0.0284,0.00769,0.00134,0.165,0.678
21,True,0.586,0.556,6,-7.639,1,0.0592,0.00655,0.0,0.0836,0.517
46,False,0.287,0.753,7,-7.587,1,0.0387,0.0652,0.0,0.288,0.882
4,False,0.887,0.388,8,-14.505,1,0.349,0.739,0.143,0.106,0.205
26,False,0.813,0.625,9,-9.382,0,0.0409,0.000713,0.182,0.0613,0.961
16,False,0.345,0.351,7,-7.844,1,0.0343,0.713,0.0,0.0876,0.457
47,False,0.732,0.349,0,-14.939,1,0.044,0.491,0.499,0.0929,0.102
61,False,0.372,0.904,5,-4.438,1,0.106,0.007,1.34e-06,0.112,0.362
0,False,0.5,0.982,1,-3.496,1,0.0727,4.72e-05,4.28e-05,0.0447,0.507
44,False,0.728,0.379,0,-10.252,1,0.0524,0.831,0.000482,0.154,0.384
13,False,0.23,0.925,7,-6.695,1,0.129,0.00023,0.0779,0.396,0.237
26,False,0.726,0.854,7,-5.367,0,0.0306,0.00475,0.0251,0.153,0.409
0,False,0.631,0.569,5,-5.956,0,0.0438,0.728,0.0,0.27,0.874
60,False,0.53,0.45,7,-10.006,1,0.168,0.393,0.0,0.207,0.412
7,False,0.737,0.217,3,-11.683,1,0.0313,0.77,0.000162,0.115,0.291
19,False,0.257,0.985,9,-4.431,1,0.0755,4.55e-06,0.919,0.583,0.174
0,False,0.787,0.858,10,-4.152,0,0.0373,0.405,2.95e-06,0.133,0.814
49,False,0.737,0.728,8,-7.198,0,0.0397,0.145,0.00139,0.0999,0.648
42,False,0.687,0.526,7,-6.967,1,0.0377,0.000466,0.843,0.217,0.255
0,False,0.508,0.706,1,-6.294,1,0.0475,0.15,0.0,0.376,0.479
48,False,0.655,0.217,5,-10.574,1,0.0297,0.881,0.0,0.0628,0.479
47,False,0.485,0.444,0,-8.956,1,0.0296,0.505,0.0,0.753,0.267
55,False,0.588,0.948,8,-4.073,1,0.0974,0.147,7.92e-05,0.0787,0.962
21,False,0.428,0.995,11,-2.745,1,0.117,0.013,0.00834,0.353,0.327
29,False,0.553,0.818,9,-4.739,1,0.0342,0.0198,1.61e-05,0.271,0.934
0,False,0.575,0.821,0,-5.699,1,0.0533,0.184,0.0,0.124,0.473
0,False,0.172,0.133,7,-17.8,0,0.0426,0.77,0.921,0.184,0.0256
0,False,0.497,0.374,10,-6.941,1,0.028,0.751,5.82e-05,0.118,0.235
19,False,0.273,0.65,1,-5.677,0,0.0448,0.37,5.45e-06,0.838,0.135
0,False,0.785,0.7,9,-5.81,0,0.0406,0.0179,0.00251,0.0823,0.296
39,False,0.752,0.799,11,-5.323,0,0.0954,0.0221,0.0,0.522,0.293
0,False,0.333,0.179,2,-17.55,0,0.0468,0.904,0.00188,0.448,0.117
22,False,0.469,0.309,2,-10.688,1,0.0319,0.818,1.99e-06,0.104,0.347
13,False,0.763,0.798,1,-5.449,1,0.0298,0.00453,1.63e-06,0.069,0.447
39,False,0.523,0.669,0,-7.98,1,0.0559,0.694,0.0,0.665,0.295
40,False,0.588,0.764,11,-9.266,0,0.154,0.544,3.48e-06,0.698,0.557
57,False,0.708,0.846,1,-5.443,1,0.244,0.0251,0.0104,0.0343,0.835
41,False,0.463,0.496,1,-4.955,0,0.0349,0.104,0.0,0.229,0.116
0,False,0.437,0.878,0,-4.687,1,0.0452,0.0112,0.0,0.126,0.623
19,False,0.623,0.91,10,-2.452,1,0.0425,0.111,0.0,0.0465,0.715
63,False,0.537,0.858,1,-4.903,1,0.0349,0.000966,0.0,0.0812,0.502
47,False,0.468,0.611,9,-6.015,1,0.0327,0.521,8.24e-06,0.148,0.246
50,False,0.872,0.663,8,-4.901,1,0.0468,0.114,0.00143,0.182,0.575
46,False,0.739,0.679,7,-4.918,1,0.0261,0.157,3.19e-06,0.0405,0.772
50,True,0.687,0.655,1,-4.919,1,0.0414,0.253,4.63e-06,0.114,0.244
1,False,0.544,0.848,11,-6.804,0,0.0288,0.00395,5.22e-05,0.134,0.489
24,False,0.47,0.474,4,-9.794,1,0.0344,0.681,0.000226,0.141,0.802
39,False,0.371,0.783,11,-6.878,0,0.0391,0.00254,0.000128,0.339,0.276
1,False,0.688,0.812,2,-4.355,1,0.135,0.243,0.0,0.0742,0.834
26,False,0.747,0.865,10,-7.438,0,0.0481,0.032,0.0,0.109,0.792
53,False,0.14,0.0532,0,-28.662,1,0.0393,0.563,0.889,0.0748,0.021
30,False,0.649,0.802,2,-4.287,1,0.03,0.587,0.000259,0.107,0.749
48,False,0.57,0.885,2,-3.09,1,0.0387,0.0641,0.0,0.0712,0.857
45,False,0.648,0.844,4,-5.561,0,0.0515,0.0103,0.000253,0.118,0.686
69,False,0.813,0.701,0,-6.508,0,0.0701,0.489,0.00116,0.294,0.855
9,False,0.765,0.423,10,-6.311,0,0.0412,0.517,0.0,0.35,0.737
79,True,0.805,0.33,1,-8.712,0,0.1,0.22,0.0,0.105,0.211
3,False,0.637,0.583,9,-5.686,0,0.258,0.258,8.19e-05,0.367,0.305
68,False,0.706,0.46,1,-9.061,1,0.0296,0.847,0.00793,0.106,0.226
62,False,0.486,0.871,9,-4.475,0,0.337,0.0278,0.0,0.313,0.659
26,False,0.591,0.584,2,-9.662,1,0.0357,0.765,0.0118,0.228,0.813
42,False,0.591,0.389,0,-12.146,1,0.135,0.828,0.0108,0.602,0.581
47,False,0.333,0.436,7,-9.735,1,0.029,0.876,0.0179,0.0808,0.149
20,False,0.479,0.983,9,-7.349,1,0.0561,0.000385,0.354,0.211,0.507
38,False,0.688,0.546,8,-5.686,0,0.0525,0.724,0.0,0.0784,0.286
40,False,0.581,0.288,7,-9.831,1,0.0387,0.712,0.0,0.0646,0.438
72,False,0.386,0.677,2,-5.83,1,0.0346,0.00841,0.00366,0.341,0.195
37,False,0.257,0.0613,0,-21.991,1,0.0393,0.946,0.911,0.0873,0.107
45,False,0.493,0.441,11,-8.413,0,0.0291,0.698,0.0,0.695,0.243
22,False,0.612,0.589,9,-9.864,1,0.0308,0.477,0.0468,0.124,0.646
37,False,0.765,0.564,6,-7.606,0,0.0466,0.094,0.0161,0.111,0.582
36,False,0.0,2.01e-05,2,-21.969,1,0.0,0.0,1.0,0.161,0.0
70,False,0.609,0.94,10,-6.097,1,0.0617,0.00124,0.269,0.15,0.238
26,False,0.68,0.84,4,-11.69,0,0.033,0.113,0.0,0.0472,0.627
46,False,0.632,0.622,9,-10.958,0,0.0417,0.199,0.663,0.116,0.106
28,False,0.686,0.685,1,-5.551,0,0.0364,0.0107,0.0,0.209,0.719
59,False,0.797,0.512,5,-7.315,0,0.143,0.318,8.98e-06,0.352,0.691
51,False,0.467,0.108,7,-12.753,1,0.0347,0.952,1.61e-06,0.11,0.242
58,False,0.798,0.0841,11,-12.673,1,0.209,0.487,0.8,0.239,0.506
75,False,0.838,0.794,9,-8.245,0,0.0531,0.22,0.0,0.0575,0.962
31,False,0.421,0.443,2,-11.094,0,0.0287,0.00858,0.894,0.0959,0.301
54,False,0.713,0.281,3,-11.057,0,0.0379,0.137,0.0258,0.111,0.397
54,True,0.568,0.867,0,-5.183,1,0.15,0.209,0.0,0.407,0.441
51,False,0.631,0.918,2,-4.92,0,0.0374,0.00116,0.387,0.101,0.338
43,False,0.582,0.857,0,-4.677,1,0.09,0.328,4.75e-06,0.372,0.446
0,False,0.682,0.641,8,-8.904,1,0.0384,0.564,0.0,0.224,0.824
33,False,0.308,0.277,9,-15.079,0,0.0279,0.455,0.912,0.0863,0.113
55,True,0.511,0.992,1,-3.372,1,0.133,0.000186,0.00104,0.39,0.327
45,False,0.752,0.692,11,-8.685,0,0.0668,0.0144,0.0,0.391,0.813
21,False,0.755,0.659,1,-9.02,0,0.0421,0.321,0.891,0.119,0.621
30,False,0.524,0.852,11,-4.708,1,0.0298,0.0159,6.35e-06,0.112,0.635
25,False,0.445,0.82,1,-5.81,0,0.0398,0.00566,2.87e-06,0.238,0.421
66,False,0.39,0.661,9,-6.68,1,0.0604,0.556,0.0,0.264,0.487
48,False,0.593,0.509,4,-12.042,0,0.0626,0.107,0.893,0.277,0.0769
0,False,0.166,0.998,11,-27.053,0,0.0403,0.993,0.646,0.952,1e-05
46,False,0.818,0.548,11,-9.012,0,0.0425,0.145,0.899,0.0907,0.149
1,False,0.748,0.841,7,-5.08,1,0.177,0.00445,1.33e-06,0.0413,0.717
8,False,0.754,0.973,1,-4.555,1,0.0506,0.224,0.87,0.261,0.88
50,False,0.545,0.313,6,-10.947,1,0.0295,0.334,0.0122,0.114,0.123
56,False,0.641,0.722,6,-10.553,0,0.0297,0.117,0.0,0.19,0.698
66,False,0.592,0.894,11,-4.71,0,0.042,0.00358,5.32e-06,0.0721,0.642
49,False,0.524,0.894,9,-5.214,0,0.0378,0.00685,0.226,0.156,0.134
50,False,0.411,0.427,9,-7.382,1,0.12,0.71,0.0,0.281,0.538
45,False,0.278,0.666,2,-5.287,0,0.0397,0.148,0.0,0.466,0.512
26,False,0.495,0.881,1,-6.141,0,0.036,0.0134,0.0,0.32,0.541
62,False,0.674,0.327,4,-16.986,0,0.0574,0.613,0.199,0.0756,0.494
2,False,0.221,0.664,0,-5.242,0,0.0379,0.0039,0.657,0.239,0.101
0,False,0.473,0.224,4,-15.187,0,0.0389,0.977,0.0383,0.128,0.571
0,False,0.495,0.746,10,-5.317,1,0.0266,0.49,0.0,0.176,0.463
39,True,0.353,0.98,4,-3.795,0,0.204,1.07e-05,0.868,0.286,0.0607
1,False,0.631,0.955,9,-2.681,1,0.0348,0.00227,0.0406,0.413,0.824
38,False,0.592,0.528,6,-7.88,0,0.0968,0.148,0.0,0.0927,0.357
0,False,0.901,0.512,9,-12.077,0,0.251,0.327,0.001,0.103,0.753
38,False,0.66,0.676,7,-10.05,0,0.0343,0.0124,0.877,0.0886,0.0883
39,False,0.438,0.288,0,-9.669,1,0.0324,0.854,0.0,0.0967,0.19
32,False,0.447,0.974,1,-6.426,1,0.116,0.000529,1.42e-06,0.142,0.443
49,False,0.814,0.595,0,-7.726,1,0.0277,0.476,0.0,0.278,0.8
37,False,0.773,0.831,0,-5.383,1,0.0489,0.00499,1.4e-06,0.0531,0.628
57,False,0.46,0.843,2,-5.164,0,0.0616,0.00623,0.0,0.16,0.276
49,False,0.396,0.852,0,-6.262,1,0.243,0.177,0.0,0.0776,0.374
0,False,0.602,0.553,11,-9.336,1,0.0328,0.108,0.0,0.0512,0.971
47,False,0.696,0.153,10,-16.133,1,0.0301,0.907,1.09e-06,0.111,0.451
56,False,0.499,0.463,7,-6.843,0,0.0331,0.799,0.0,0.0828,0.231
2,False,0.63,0.967,5,-4.835,0,0.0488,0.0104,0.784,0.104,0.0743
0,False,0.683,0.514,5,-9.168,0,0.252,0.325,0.0,0.161,0.654
52,False,0.597,0.522,2,-5.683,0,0.0331,0.297,0.0,0.0854,0.334
8,False,0.833,0.597,9,-9.792,0,0.101,0.000171,0.022,0.0795,0.692
47,False,0.492,0.775,2,-9.836,0,0.0373,0.653,0.0469,0.41,0.811
22,True,0.6,0.873,1,-6.541,0,0.948,0.883,0.0,0.712,0.345
49,False,0.891,0.571,11,-5.568,0,0.332,0.147,0.0,0.715,0.733
67,False,0.417,0.63,9,-7.24,1,0.0898,0.0209,0.0134,0.0543,0.341
65,True,0.654,0.491,10,-11.715,0,0.252,0.0809,0.0,0.369,0.807
29,False,0.363,0.862,7,-9.373,1,0.0666,0.00154,0.0115,0.979,0.371
39,False,0.716,0.881,2,-5.879,1,0.0935,0.0434,0.0,0.0383,0.962
16,False,0.615,0.855,7,-5.053,0,0.0501,0.00255,0.0499,0.214,0.256
35,False,0.77,0.111,5,-16.47,1,0.0395,0.99,0.929,0.118,0.277
54,True,0.703,0.612,0,-4.513,1,0.272,0.145,0.0,0.0938,0.184
26,False,0.322,0.718,0,-11.428,1,0.0938,0.239,0.0,0.676,0.737
0,False,0.647,0.165,10,-16.328,1,0.0315,0.894,0.00187,0.116,0.59
0,False,0.795,0.68,10,-3.922,0,0.208,0.736,1.17e-05,0.0811,0.694
34,False,0.786,0.731,7,-7.088,1,0.0471,0.225,2.2e-06,0.0531,0.929
57,False,0.312,0.00675,7,-35.164,0,0.0372,0.994,0.946,0.0988,0.345
59,True,0.863,0.611,7,-9.613,1,0.158,0.00347,0.000159,0.0865,0.0518
64,True,0.549,0.324,4,-11.769,1,0.0285,0.457,2.2e-06,0.133,0.268
50,False,0.342,0.7,8,-5.955,1,0.0449,0.561,0.00121,0.0994,0.118
32,False,0.754,0.857,2,-5.524,0,0.051,0.605,5.44e-06,0.0714,0.851
40,False,0.472,0.749,1,-6.537,0,0.0304,0.000954,9.72e-06,0.153,0.107
35,False,0.805,0.712,2,-4.072,0,0.0375,0.163,4.87e-06,0.0882,0.976
62,False,0.833,0.485,7,-8.001,1,0.051,0.193,3.07e-06,0.107,0.723
32,False,0.639,0.78,2,-7.318,0,0.035,0.13,1.18e-06,0.0616,0.961
39,True,0.664,0.418,7,-14.593,1,0.267,0.435,0.0292,0.144,0.302
41,False,0.586,0.858,0,-12.67,1,0.0493,0.00527,0.000244,0.0826,0.812
47,False,0.559,0.781,2,-6.496,1,0.0341,0.629,0.0569,0.112,0.373
38,False,0.418,0.812,2,-1.721,1,0.0378,0.278,0.0,0.0704,0.284
24,False,0.651,0.299,0,-13.182,1,0.031,0.737,0.000111,0.0669,0.262
0,False,0.412,0.357,2,-11.694,1,0.0262,0.932,0.368,0.296,0.393
46,False,0.645,0.738,1,-3.26,1,0.0336,0.42,0.0,0.285,0.465
22,False,0.374,0.439,9,-10.924,1,0.0309,0.679,0.000209,0.132,0.83
18,False,0.54,0.34,9,-9.832,0,0.0323,0.691,0.172,0.262,0.63
76,False,0.539,0.846,8,-3.192,1,0.0354,0.00631,1.71e-06,0.13,0.462
0,False,0.312,0.562,9,-6.495,1,0.0298,0.123,0.165,0.136,0.513
1,False,0.295,0.0736,2,-23.546,0,0.0416,0.886,0.0166,0.114,0.243
48,False,0.62,0.606,6,-8.259,0,0.0443,0.494,0.000332,0.218,0.681
31,False,0.38,0.888,0,-6.003,1,0.0646,0.00113,0.0368,0.112,0.0788
20,False,0.817,0.692,1,-10.888,0,0.0604,0.000157,0.954,0.0967,0.254
22,False,0.325,0.918,5,-4.309,0,0.129,0.00136,0.0,0.291,0.254
38,False,0.458,0.986,7,-3.693,1,0.131,0.000539,0.000114,0.237,0.294
0,False,0.473,0.224,4,-15.187,0,0.0389,0.977,0.0383,0.128,0.571
30,False,0.754,0.642,11,-7.185,0,0.169,0.287,0.0,0.112,0.969
52,False,0.291,0.98,1,-5.138,1,0.153,0.00127,0.091,0.102,0.257
48,True,0.458,0.684,4,-5.664,0,0.0335,0.506,0.0,0.0947,0.198
1,False,0.627,0.973,8,-0.223,0,0.0435,0.00137,0.0,0.0851,0.894
0,False,0.57,0.32,7,-12.928,0,0.0307,0.828,6.47e-06,0.109,0.323
51,False,0.68,0.831,0,-4.154,0,0.0376,0.308,0.0,0.742,0.493
43,False,0.695,0.758,4,-3.27,1,0.0318,0.0894,0.0,0.826,0.544
27,False,0.642,0.656,7,-8.266,1,0.0393,0.348,9.42e-05,0.395,0.444
18,False,0.617,0.352,7,-8.643,0,0.0463,0.926,0.00455,0.187,0.602
0,False,0.236,0.94,11,-3.929,0,0.152,2.15e-05,0.124,0.154,0.223
0,False,0.685,0.928,7,-4.968,1,0.0471,0.0901,0.000125,0.206,0.882
43,False,0.58,0.89,2,-3.528,1,0.0444,0.577,0.0,0.406,0.778
27,False,0.374,0.0212,9,-25.131,1,0.0397,0.94,0.885,0.543,0.0906
43,False,0.521,0.746,3,-3.238,0,0.0417,0.000134,0.482,0.207,0.2
16,False,0.673,0.618,10,-9.661,1,0.029,0.0388,0.0682,0.152,0.55
63,False,0.781,0.944,9,-2.64,0,0.0615,0.0873,0.0795,0.117,0.965
50,False,0.806,0.455,10,-19.407,0,0.093,0.00126,0.908,0.0811,0.206
52,False,0.783,0.75,9,-6.488,0,0.102,0.0334,0.00185,0.119,0.552
39,False,0.651,0.288,9,-14.318,0,0.222,0.785,0.000106,0.249,0.297
41,False,0.613,0.346,7,-11.33,1,0.0398,0.89,0.913,0.0994,0.128
65,True,0.509,0.774,6,-4.054,1,0.0338,0.00189,0.000549,0.143,0.0824
0,False,0.309,0.602,9,-6.768,0,0.0371,0.162,0.0,0.246,0.274
70,False,0.53,0.768,7,-5.611,1,0.0284,0.00385,0.0,0.103,0.374
13,False,0.494,0.472,4,-15.71,0,0.0363,0.0288,0.595,0.147,0.189
55,False,0.469,0.929,7,-2.971,1,0.0339,0.0244,0.0,0.0574,0.578
67,False,0.455,0.881,11,-5.587,1,0.0401,0.000566,6.06e-05,0.11,0.201
34,False,0.731,0.797,7,-7.004,1,0.0267,0.218,0.0,0.118,0.832
28,False,0.675,0.354,2,-11.667,1,0.0268,0.359,0.0,0.091,0.471
20,False,0.308,0.074,8,-22.457,0,0.041,0.994,0.939,0.138,0.141
47,False,0.367,0.749,9,-4.279,1,0.187,0.135,0.0,0.102,0.286
39,False,0.85,0.611,2,-8.534,1,0.288,0.469,1.9e-05,0.312,0.272
72,False,0.302,0.493,9,-5.038,1,0.0451,0.455,0.0,0.134,0.457
0,False,0.613,0.278,10,-13.709,1,0.0288,0.633,0.0,0.0848,0.55
52,False,0.768,0.74,6,-4.373,0,0.0283,0.101,0.0103,0.115,0.893
35,False,0.568,0.414,2,-6.894,0,0.0245,0.764,2.47e-05,0.18,0.427
41,False,0.598,0.59,8,-6.613,0,0.214,0.435,0.0,0.0997,0.213
35,True,0.64,0.729,7,-4.427,1,0.241,0.332,0.00256,0.0934,0.942
22,False,0.776,0.755,4,-9.867,0,0.0668,0.029,0.000123,0.65,0.853
36,False,0.667,0.493,9,-6.964,1,0.0308,0.116,0.0,0.272,0.776
58,False,0.632,0.554,0,-7.401,1,0.116,0.0718,0.000308,0.478,0.596
0,False,0.212,0.00299,0,-41.531,1,0.0413,0.991,0.941,0.0643,0.0839
30,False,0.401,0.668,2,-8.731,0,0.0404,0.0224,0.0,0.122,0.277
37,False,0.815,0.571,0,-5.032,1,0.0302,0.308,0.0,0.913,0.615
1,False,0.691,0.686,7,-7.465,0,0.0493,0.000647,0.00456,0.106,0.666
0,False,0.743,0.796,11,-5.733,1,0.073,0.199,0.0,0.0577,0.683
48,False,0.161,0.232,4,-17.383,0,0.0398,0.811,0.709,0.12,0.0355
59,False,0.448,0.011,10,-26.821,1,0.0469,0.996,0.94,0.101,0.301
33,False,0.594,0.945,0,-4.982,1,0.133,0.0428,0.000174,0.114,0.684
39,False,0.397,0.892,1,-3.873,0,0.0426,0.00114,0.464,0.19,0.554
59,False,0.668,0.953,8,-1.784,0,0.0386,0.0193,0.000118,0.0834,0.254
33,False,0.132,0.0018,7,-19.851,1,0.165,2.25e-06,0.677,0.34,0.00598
1,False,0.748,0.841,7,-5.08,1,0.177,0.00445,1.33e-06,0.0413,0.717
0,False,0.746,0.458,11,-8.844,1,0.0312,0.0631,0.0,0.167,0.942
29,True,0.536,0.982,4,-2.605,0,0.182,0.000232,0.0,0.166,0.189
68,False,0.663,0.696,9,-4.957,0,0.103,0.0561,3.77e-05,0.0778,0.738
39,False,0.674,0.673,7,-7.178,1,0.0275,0.565,0.000965,0.0632,0.449
40,False,0.684,0.97,1,-1.102,1,0.254,0.19,1.41e-05,0.116,0.692
27,False,0.792,0.848,9,-6.507,0,0.0355,0.398,1.26e-06,0.0636,0.913
18,False,0.803,0.727,11,-11.09,1,0.0875,0.000999,0.54,0.144,0.345
0,False,0.594,0.0852,7,-20.606,1,0.0533,0.994,0.937,0.101,0.626
23,False,0.675,0.948,10,-3.06,0,0.156,0.0331,0.0,0.952,0.773
46,False,0.584,0.337,7,-8.116,0,0.0441,0.866,0.0,0.852,0.545
0,False,0.451,0.803,0,-4.932,1,0.0398,0.208,0.0,0.0764,0.145
73,False,0.71,0.596,9,-6.655,0,0.0575,0.132,0.000713,0.212,0.721
45,False,0.782,0.732,9,-4.749,0,0.317,0.454,0.0,0.105,0.786
26,False,0.464,0.937,0,-6.064,1,0.0533,0.333,0.875,0.161,0.4
17,False,0.713,0.745,7,-8.683,1,0.0385,0.000159,0.873,0.155,0.854
0,False,0.165,0.105,2,-20.436,0,0.0349,0.715,0.866,0.0594,0.0323
29,False,0.843,0.797,9,-6.746,0,0.0586,0.269,0.0,0.0465,0.866
25,False,0.436,0.974,4,-6.244,0,0.073,5.88e-06,0.0122,0.159,0.135
73,True,0.693,0.935,8,-4.323,1,0.224,0.18,0.0,0.179,0.391
0,False,0.589,0.492,11,-6.404,1,0.0258,0.163,0.0,0.0786,0.526
43,False,0.58,0.778,11,-7.148,1,0.0482,0.728,0.0,0.739,0.859
0,False,0.63,0.758,7,-7.344,1,0.0256,0.00613,1.08e-05,0.299,0.918
47,False,0.558,0.644,2,-11.542,1,0.04,0.177,0.0,0.202,0.912
35,False,0.516,0.879,9,-8.289,1,0.0339,0.00789,7.35e-05,0.305,0.886
21,False,0.43,0.901,0,-3.447,1,0.0788,8.33e-06,0.0,0.0919,0.467
17,False,0.204,0.86,8,-12.73,1,0.0542,3.41e-05,0.886,0.311,0.0832
0,True,0.869,0.802,9,-3.37,0,0.504,0.0978,0.0,0.0998,0.346
38,False,0.547,0.631,8,-13.988,1,0.248,0.0201,0.0,0.254,0.603
21,False,0.804,0.819,0,-9.619,0,0.044,0.000203,0.935,0.0832,0.372
0,False,0.864,0.828,4,-8.525,0,0.147,0.0118,0.886,0.107,0.0846
40,False,0.328,0.613,2,-6.47,0,0.0335,0.545,0.0,0.377,0.473
41,True,0.724,0.406,2,-12.152,0,0.422,0.0722,0.0,0.162,0.29
63,False,0.681,0.897,8,-5.44,1,0.0874,0.672,0.0,0.1,0.852
31,False,0.351,0.827,7,-5.677,1,0.0359,0.000373,0.0376,0.12,0.616
19,False,0.67,0.276,0,-15.737,1,0.0471,0.787,0.466,0.118,0.798
35,False,0.535,0.431,2,-7.026,1,0.0261,0.703,7.21e-06,0.113,0.326
50,False,0.169,0.629,2,-16.737,0,0.0452,0.81,0.993,0.915,1e-05
54,False,0.306,0.995,2,-3.203,1,0.1,2.98e-05,0.00859,0.254,0.135
34,True,0.848,0.511,6,-9.248,0,0.0774,0.135,0.0,0.0956,0.1
35,False,0.677,0.749,7,-3.505,0,0.0447,0.127,0.0,0.0594,0.649
36,False,0.382,0.945,2,-2.897,1,0.067,0.000486,0.0,0.0481,0.314
19,False,0.543,0.999,5,-6.373,1,0.117,0.00775,0.000727,0.915,0.0442
52,True,0.833,0.639,0,-3.825,0,0.0881,0.0392,4.24e-05,0.162,0.653
31,False,0.756,0.694,1,-4.624,0,0.25,0.449,0.0,0.249,0.557
3,False,0.47,0.124,9,-18.936,1,0.0522,0.938,7.56e-05,0.198,0.911
57,False,0.487,0.939,8,-3.182,0,0.268,0.0261,0.0,0.0699,0.156
23,True,0.554,0.967,1,-2.745,1,0.144,0.00162,0.0104,0.086,0.507
0,True,0.56,0.724,1,-6.263,1,0.0458,0.174,0.00321,0.149,0.279
39,False,0.38,0.966,5,-3.591,0,0.141,0.219,1.72e-06,0.883,0.406
0,False,0.492,0.145,2,-14.504,0,0.0422,0.872,9.68e-06,0.107,0.218
49,False,0.694,0.9,5,-5.245,1,0.0456,0.0989,0.946,0.473,0.293
44,False,0.368,0.886,7,-6.938,1,0.0463,0.00588,0.000264,0.0834,0.656
43,False,0.744,0.601,2,-10.082,0,0.0463,0.562,1.55e-06,0.125,0.927
41,False,0.588,0.228,5,-14.478,1,0.0306,0.813,0.000328,0.144,0.28
38,False,0.556,0.491,7,-7.363,1,0.0286,0.0656,9.9e-05,0.0528,0.107
26,False,0.581,0.569,0,-9.692,0,0.0281,0.000467,0.000471,0.17,0.386
0,False,0.649,0.517,9,-5.227,0,0.0273,0.54,0.0,0.0601,0.185
49,False,0.612,0.939,1,-2.427,1,0.0689,0.0142,8.59e-05,0.118,0.694
64,False,0.527,0.838,3,-6.013,1,0.0323,0.0206,0.00062,0.07,0.721
53,False,0.679,0.407,4,-12.893,1,0.0446,0.508,1.89e-05,0.325,0.662
28,False,0.536,0.564,1,-7.625,1,0.312,0.684,0.0,0.132,0.297
40,False,0.503,0.581,9,-7.596,1,0.0346,0.155,0.00137,0.175,0.262
54,False,0.698,0.458,7,-8.735,0,0.0348,0.808,0.0962,0.151,0.114
23,False,0.305,0.93,9,-4.47,0,0.0575,0.000114,0.0,0.248,0.473
19,False,0.645,0.955,7,-1.413,1,0.05,0.0444,1.41e-06,0.391,0.676
0,False,0.497,0.374,10,-6.941,1,0.028,0.751,5.82e-05,0.118,0.235
18,False,0.643,0.311,6,-12.188,1,0.0671,0.921,0.0477,0.111,0.773
59,False,0.34,0.804,0,-8.355,1,0.0516,0.00331,0.0191,0.0727,0.854
38,False,0.17,0.847,8,-16.912,1,0.0679,1.01e-06,0.999,0.482,0.0394
34,False,0.773,0.436,10,-10.163,1,0.402,0.0118,1.04e-06,0.128,0.611
44,False,0.628,0.703,10,-8.365,0,0.0341,0.0355,0.000696,0.105,0.231
47,False,0.577,0.936,4,-3.789,0,0.0369,0.0242,0.00108,0.284,0.925
46,True,0.748,0.487,5,-9.832,0,0.0456,0.14,1.76e-06,0.134,0.224
21,False,0.644,0.927,0,-0.497,1,0.286,0.0361,0.000909,0.183,0.262
18,False,0.48,0.176,1,-8.768,1,0.0658,0.992,0.0013,0.102,0.765
26,False,0.603,0.671,11,-9.025,0,0.0284,0.000606,0.0025,0.239,0.456
23,False,0.421,0.474,9,-8.096,1,0.028,0.674,0.0,0.172,0.673
71,False,0.752,0.0625,7,-24.694,1,0.0557,0.945,0.819,0.178,0.462
17,False,0.643,0.924,11,-2.575,0,0.0679,0.000973,0.339,0.201,0.107
3,False,0.523,0.8,9,-5.243,1,0.101,0.00537,0.0,0.398,0.604
31,False,0.63,0.726,7,-5.25,1,0.0374,0.769,2.49e-05,0.133,0.837
63,False,0.549,0.437,7,-8.64,1,0.0313,0.682,1.59e-05,0.224,0.688
21,False,0.342,0.707,0,-7.844,1,0.043,0.188,0.369,0.149,0.0552
56,False,0.633,0.877,1,-5.182,1,0.0526,0.335,0.0,0.128,0.913
0,False,0.842,0.801,1,-6.409,1,0.0611,0.476,0.0126,0.387,0.856
39,False,0.544,0.765,4,-4.707,1,0.144,0.504,0.0,0.294,0.758
41,False,0.641,0.668,8,-8.574,0,0.0461,0.627,0.0,0.312,0.764
52,False,0.608,0.568,8,-8.185,1,0.349,0.73,0.0,0.191,0.47
32,False,0.193,0.439,1,-31.881,1,0.0738,9.81e-05,0.966,0.732,0.0376
33,False,0.532,0.349,2,-15.308,1,0.0298,0.642,0.0,0.326,0.865
42,False,0.765,0.724,9,-7.143,0,0.0368,0.0805,0.323,0.0819,0.783
40,False,0.351,0.962,3,-8.15,0,0.0571,3.77e-05,0.37,0.204,0.149
18,False,0.568,0.904,0,-6.901,1,0.0979,0.133,0.152,0.122,0.595
36,False,0.693,0.772,5,-7.37,0,0.0453,0.383,5.53e-05,0.211,0.722
71,False,0.757,0.678,8,-5.529,0,0.233,0.0472,9.14e-06,0.0654,0.82
45,False,0.328,0.309,2,-7.732,1,0.0276,0.867,0.0,0.0889,0.204
47,False,0.582,0.561,9,-7.068,1,0.0293,0.0687,2.13e-05,0.0829,0.412
18,False,0.778,0.269,0,-12.232,1,0.0353,0.0889,0.0,0.0528,0.915
46,False,0.426,0.618,4,-7.159,1,0.0396,0.625,5.55e-06,0.484,0.209
58,False,0.627,0.7,3,-9.657,1,0.0522,0.121,0.0111,0.188,0.856
0,False,0.803,0.75,11,-4.67,1,0.0551,0.0233,3.87e-05,0.045,0.628
52,False,0.474,0.483,0,-7.155,1,0.0466,0.481,0.0,0.114,0.306
22,False,0.514,0.749,2,-6.915,1,0.0333,0.501,0.947,0.215,0.756
46,False,0.649,0.898,9,-7.04,1,0.047,0.517,1.48e-06,0.384,0.961
22,False,0.426,0.935,6,-4.437,1,0.0554,0.268,0.652,0.0385,0.136
29,False,0.556,0.546,7,-9.336,0,0.0333,0.745,0.000104,0.247,0.691
1,False,0.69,0.858,0,-4.431,1,0.0529,0.189,0.0,0.113,0.755
71,False,0.606,0.887,4,-4.404,1,0.0598,0.000242,0.0,0.337,0.903
34,False,0.504,0.492,1,-12.381,0,0.157,0.0295,0.353,0.101,0.36
30,False,0.716,0.404,4,-11.731,0,0.0354,0.383,2.51e-05,0.112,0.395
0,False,0.125,0.677,8,-9.416,1,0.048,1.68e-06,0.0056,0.382,0.299
0,False,0.677,0.804,1,-5.337,0,0.0677,0.0818,1.92e-05,0.158,0.41
55,True,0.738,0.531,6,-7.35,1,0.14,0.907,1.07e-05,0.311,0.919
0,False,0.527,0.924,6,-4.503,1,0.0367,7.92e-05,0.0671,0.705,0.324
21,False,0.564,0.841,11,-5.505,0,0.0515,0.0308,7.14e-06,0.108,0.201
56,False,0.496,0.98,11,-3.434,0,0.0474,0.000291,0.318,0.353,0.391
22,False,0.245,0.272,2,-18.336,0,0.0408,0.987,0.927,0.0986,0.399
66,False,0.556,0.61,9,-4.729,1,0.213,0.833,2.22e-06,0.258,0.665
40,False,0.654,0.849,4,-5.033,0,0.098,0.0919,0.0,0.326,0.763
26,False,0.202,0.843,8,-6.009,1,0.0622,0.000539,0.103,0.992,0.31
75,False,0.806,0.875,7,-3.817,1,0.088,0.0838,0.00192,0.065,0.917
0,False,0.714,0.671,5,-5.119,1,0.362,0.292,0.0,0.325,0.641
61,False,0.667,0.754,9,-2.861,0,0.0715,0.214,0.0,0.0532,0.693
20,False,0.423,0.0675,5,-23.632,1,0.0412,0.986,0.874,0.0974,0.21
22,False,0.549,0.605,5,-11.541,0,0.0412,0.123,1.1e-06,0.123,0.357
65,False,0.555,0.934,9,-5.04,1,0.113,0.00268,0.0,0.122,0.422
46,False,0.39,0.202,3,-21.285,1,0.0657,0.88,0.00461,0.376,0.257
11,False,0.746,0.963,1,-6.487,1,0.101,0.000229,0.834,0.329,0.243
15,False,0.215,0.979,2,-3.096,1,0.0639,6.39e-06,0.547,0.499,0.445
42,False,0.659,0.681,8,-7.799,1,0.101,0.183,0.648,0.0922,0.0746
48,False,0.549,0.561,10,-5.477,1,0.0377,0.789,0.0,0.833,0.491
1,False,0.428,0.414,7,-5.729,0,0.0403,0.897,0.0,0.238,0.508
73,False,0.678,0.656,7,-6.41,1,0.0381,0.00174,0.0,0.0631,0.485
36,False,0.495,0.295,2,-13.18,0,0.0296,0.0351,0.159,0.321,0.06
20,False,0.685,0.161,2,-20.81,1,0.0508,0.877,0.904,0.0953,0.118
0,False,0.604,0.54,7,-8.524,1,0.0251,0.174,0.0296,0.136,0.297
42,False,0.523,0.422,11,-6.945,1,0.0368,0.745,0.0,0.161,0.271
0,False,0.438,0.96,5,-3.482,0,0.0756,9.53e-05,0.00158,0.0943,0.254
5,False,0.753,0.334,3,-16.452,1,0.0453,0.269,0.125,0.109,0.883
0,True,0.905,0.563,8,-6.135,1,0.102,0.0254,9.71e-06,0.113,0.324
41,False,0.503,0.373,11,-8.367,1,0.0304,0.0148,0.0289,0.109,0.044
21,False,0.481,0.739,7,-7.607,1,0.0315,0.197,0.924,0.298,0.968
67,False,0.466,0.965,1,-2.597,0,0.0904,0.042,0.0,0.101,0.453
17,False,0.469,0.99,1,-2.823,1,0.0564,8.56e-05,0.0323,0.0873,0.211
0,False,0.701,0.836,8,-6.093,1,0.051,0.0721,0.0,0.248,0.712
41,False,0.763,0.657,11,-5.404,0,0.0429,0.00206,0.00817,0.163,0.305
68,False,0.519,0.935,7,-5.656,0,0.0423,0.00454,0.0,0.0661,0.498
51,False,0.61,0.853,4,-11.853,0,0.082,0.00817,0.0524,0.0931,0.669
47,False,0.418,0.8,9,-3.38,1,0.134,0.255,2.52e-06,0.0583,0.556
53,False,0.607,0.497,4,-12.053,0,0.209,0.828,0.0,0.105,0.517
38,False,0.442,0.387,4,-13.223,0,0.0359,0.0544,0.000508,0.0905,0.0929
16,False,0.743,0.643,9,-6.578,0,0.0434,0.0462,0.0775,0.0694,0.591
46,False,0.535,0.459,11,-10.688,1,0.0312,0.671,0.00241,0.106,0.266
25,False,0.48,0.907,7,-3.229,1,0.0469,0.0518,0.0,0.332,0.602
0,False,0.584,0.803,1,-4.953,1,0.273,0.0392,4.71e-05,0.0973,0.339
0,False,0.289,0.599,8,-12.626,1,0.0392,0.893,0.814,0.212,0.804
1,False,0.727,0.597,11,-6.226,0,0.0278,0.052,0.279,0.371,0.393
48,False,0.53,0.746,11,-5.196,1,0.0281,0.156,0.0,0.362,0.435
53,False,0.184,0.0878,2,-20.655,0,0.0461,0.894,0.51,0.103,0.0374
40,False,0.596,0.51,11,-4.991,1,0.0349,0.802,0.0,0.118,0.392
13,False,0.526,0.273,0,-11.811,1,0.0261,0.406,0.00491,0.201,0.487
53,False,0.602,0.52,3,-10.831,1,0.028,0.732,0.221,0.0982,0.523
28,False,0.565,0.633,9,-8.111,1,0.0409,0.0784,0.00127,0.0863,0.681
39,False,0.476,0.648,4,-7.886,0,0.0388,0.415,0.0,0.94,0.468
67,True,0.567,0.517,8,-7.548,1,0.0708,0.000292,0.0,0.141,0.627
0,False,0.655,0.755,8,-8.409,1,0.0422,0.0183,0.837,0.165,0.243
44,False,0.677,0.645,11,-3.615,1,0.0347,0.707,0.0,0.356,0.846
25,False,0.432,0.423,0,-7.682,1,0.036,0.658,0.0,0.0617,0.57
22,False,0.586,0.76,0,-8.42,1,0.0312,0.00834,0.446,0.15,0.917
40,False,0.456,0.101,2,-11.75,1,0.038,0.876,1.74e-06,0.0776,0.155
66,False,0.531,0.431,2,-8.937,0,0.037,0.868,2.47e-05,0.127,0.19
0,False,0.833,0.327,9,-8.34,0,0.0699,0.255,0.0,0.157,0.321
37,False,0.463,0.0595,0,-19.427,1,0.0673,0.995,0.913,0.123,0.131
29,False,0.722,0.746,2,-6.904,0,0.0367,0.101,0.0,0.0509,0.678
47,False,0.568,0.7,10,-5.724,1,0.0669,0.164,0.00546,0.103,0.971
43,False,0.44,0.71,11,-10.848,1,0.0527,0.000947,0.0267,0.326,0.446
31,False,0.743,0.5,4,-8.118,0,0.033,0.271,1.6e-05,0.0902,0.666
23,False,0.194,0.98,6,-2.885,1,0.152,0.833,0.804,0.185,0.662
55,False,0.311,0.882,2,-3.26,1,0.215,0.00895,0.205,0.253,0.435
0,False,0.698,0.159,8,-11.612,1,0.209,0.986,0.0,0.202,0.499
43,False,0.568,0.73,2,-5.136,1,0.0375,0.205,0.0,0.34,0.53
0,True,0.695,0.921,0,-3.752,1,0.0363,0.00314,5.26e-05,0.0842,0.714
9,False,0.372,0.0722,10,-24.857,1,0.0331,0.993,0.898,0.0886,0.324
50,False,0.213,0.185,4,-10.929,0,0.0327,0.757,8.54e-05,0.111,0.182
61,True,0.645,0.85,1,-3.627,0,0.0898,0.0202,0.0,0.656,0.961
0,False,0.38,0.346,2,-14.313,1,0.0417,0.648,0.000139,0.0511,0.358
58,False,0.601,0.441,4,-8.946,1,0.0285,0.645,1.08e-06,0.0986,0.202
1,False,0.609,0.801,1,-8.483,0,0.0694,0.0246,0.00255,0.37,0.202
59,False,0.515,0.594,1,-4.708,1,0.0262,0.00844,0.00658,0.0752,0.218
11,False,0.36,0.992,6,-6.039,0,0.174,2.15e-06,0.788,0.107,0.162
0,False,0.785,0.7,9,-5.81,0,0.0406,0.0179,0.00251,0.0823,0.296
1,False,0.503,0.849,5,-2.709,1,0.0615,0.00428,0.0,0.0667,0.762
60,False,0.407,0.459,7,-4.837,1,0.0263,0.0455,2.98e-05,0.111,0.113
21,False,0.713,0.573,0,-11.053,0,0.0444,0.125,0.938,0.102,0.165
18,False,0.469,0.956,9,-5.665,1,0.104,4.3e-05,0.842,0.329,0.175
20,True,0.57,0.815,5,-5.483,0,0.0713,0.000828,0.0258,0.132,0.734
0,False,0.729,0.705,1,-10.299,0,0.0424,0.0106,0.895,0.0868,0.822
42,False,0.611,0.84,1,-6.886,0,0.0316,0.000492,0.917,0.102,0.272
47,False,0.414,0.938,10,-4.592,0,0.0684,0.0602,1.18e-06,0.11,0.643
0,False,0.663,0.849,11,-4.462,0,0.0334,0.0791,1.2e-06,0.192,0.722
40,False,0.484,0.759,8,-4.172,1,0.0304,0.413,0.0,0.07,0.388
0,False,0.393,0.277,7,-10.757,1,0.0314,0.7,0.0,0.0966,0.123
20,False,0.654,0.528,2,-6.003,1,0.0446,0.36,0.0,0.109,0.626
38,False,0.723,0.856,10,-3.394,1,0.0427,0.451,0.0,0.0583,0.95
61,False,0.793,0.719,11,-3.698,0,0.125,0.352,0.0,0.574,0.435
41,False,0.695,0.624,6,-12.002,0,0.219,0.636,1.83e-06,0.143,0.774
48,False,0.762,0.808,0,-3.338,1,0.102,0.0482,2.82e-05,0.137,0.248
33,False,0.776,0.363,4,-7.309,1,0.0309,0.66,0.0,0.08,0.663
22,False,0.688,0.827,4,-8.345,1,0.0433,0.0144,0.838,0.396,0.131
45,False,0.683,0.6,7,-10.334,1,0.0324,0.58,0.452,0.0815,0.791
20,False,0.584,0.356,0,-8.693,1,0.0363,0.942,0.00129,0.177,0.733
63,False,0.433,0.478,2,-6.641,1,0.0725,0.191,0.0,0.32,0.173
31,False,0.476,0.416,8,-14.3,1,0.0525,0.988,0.2,0.163,0.724
7,False,0.669,0.767,0,-7.707,0,0.0313,0.000245,0.84,0.135,0.676
27,False,0.725,0.826,11,-4.279,1,0.0322,0.0119,0.000889,0.0684,0.566
32,False,0.453,0.654,5,-9.495,0,0.0929,0.0154,8.13e-06,0.689,0.237
0,False,0.711,0.742,11,-5.434,0,0.0294,0.172,0.000838,0.0502,0.73
28,False,0.569,0.537,0,-12.525,1,0.38,0.975,0.894,0.194,0.156
56,False,0.437,0.945,4,-5.163,1,0.0741,0.00015,0.292,0.0906,0.22
0,False,0.621,0.785,6,-4.499,1,0.11,0.0165,5.92e-06,0.0512,0.779
33,False,0.403,0.884,6,-6.25,0,0.126,0.0115,6.92e-05,0.805,0.436
66,False,0.725,0.747,11,-5.545,1,0.0876,0.0272,0.0468,0.104,0.38
0,False,0.508,0.47,0,-9.339,1,0.0262,0.201,0.0553,0.14,0.69
54,False,0.465,0.964,8,-5.821,0,0.0557,0.0106,0.0134,0.471,0.305
28,False,0.263,0.843,2,-6.405,0,0.061,1.95e-06,0.751,0.147,0.97
72,False,0.491,0.966,4,-4.28,1,0.0538,5.59e-05,0.0,0.307,0.614
18,False,0.684,0.399,11,-8.089,1,0.117,0.233,0.52,0.047,0.754
89,True,0.591,0.764,1,-5.484,1,0.0483,0.0383,0.0,0.103,0.478
36,False,0.725,0.618,9,-9.842,0,0.046,0.325,0.000133,0.384,0.479
39,False,0.402,0.995,6,-3.835,0,0.0763,0.00123,0.00133,0.07,0.53
11,False,0.314,0.198,0,-17.584,0,0.167,0.991,0.0577,0.733,0.18
35,False,0.612,0.709,5,-7.669,1,0.0437,0.398,0.000709,0.687,0.806
48,False,0.69,0.805,11,-5.394,0,0.125,0.0527,0.0,0.192,0.873
53,False,0.386,0.428,10,-9.949,0,0.0295,0.951,0.882,0.162,0.73
33,False,0.681,0.842,7,-4.871,1,0.028,0.384,6.51e-05,0.0913,0.491
0,False,0.712,0.251,6,-12.412,1,0.0473,0.807,0.0,0.108,0.627
17,False,0.295,0.953,4,-5.58,0,0.0814,2.72e-06,0.000332,0.142,0.645
62,False,0.428,0.907,4,-3.063,0,0.163,0.00594,1.71e-06,0.129,0.244
28,False,0.777,0.437,11,-13.06,0,0.0447,0.00378,0.835,0.0691,0.577
46,False,0.621,0.624,10,-6.745,0,0.0374,0.226,0.0,0.11,0.231
25,False,0.281,0.934,7,-4.652,1,0.371,0.00571,0.000392,0.602,0.0962
48,True,0.407,0.967,10,-4.213,1,0.0576,9.96e-05,0.0,0.103,0.198
11,False,0.846,0.635,0,-7.344,0,0.393,0.165,4.3e-06,0.0885,0.362
38,True,0.591,0.582,1,-7.624,1,0.311,0.771,0.0,0.137,0.792
24,False,0.433,0.917,2,-5.707,1,0.0606,0.0279,0.0,0.331,0.672
21,False,0.297,0.92,1,-5.291,1,0.0472,0.000234,1.4e-05,0.321,0.714
33,False,0.0,0.000173,0,-27.962,1,0.0,0.945,0.108,0.105,0.0
45,False,0.543,0.915,0,-3.982,1,0.0663,0.482,0.0,0.323,0.501
16,False,0.792,0.516,2,-7.686,1,0.227,0.183,0.0,0.0474,0.524
16,False,0.469,0.452,5,-8.816,1,0.0367,0.851,1.43e-05,0.348,0.516
39,False,0.837,0.475,0,-13.055,1,0.11,0.0721,0.00129,0.0412,0.805
55,False,0.685,0.878,10,-4.13,0,0.067,0.0317,0.671,0.297,0.372
72,False,0.396,0.338,0,-10.872,1,0.0304,0.198,2.62e-06,0.138,0.377
25,False,0.656,0.738,9,-10.393,1,0.0342,0.719,0.00815,0.0799,0.598
21,False,0.0787,0.113,10,-19.777,1,0.0382,0.92,0.854,0.116,0.0388
46,False,0.673,0.846,7,-7.918,1,0.145,0.199,0.0,0.408,0.772
44,False,0.511,0.898,10,-3.714,0,0.264,0.016,0.0,0.0792,0.638
44,False,0.442,0.885,4,-5.843,1,0.0816,0.081,0.0,0.774,0.268
23,False,0.456,0.777,0,-7.346,1,0.0407,6.59e-05,0.713,0.156,0.323
49,True,0.537,0.972,7,-4.115,1,0.0512,8.92e-05,0.00449,0.256,0.236
46,False,0.495,0.868,11,-3.326,0,0.11,0.00366,0.237,0.17,0.295
17,False,0.559,0.224,6,-18.199,0,0.0317,0.89,0.921,0.11,0.221
35,False,0.615,0.812,7,-6.573,1,0.0458,0.184,0.0,0.328,0.74
19,False,0.686,0.196,0,-15.67,1,0.0424,0.907,0.899,0.116,0.39
15,False,0.32,0.983,2,-1.224,1,0.0519,3.77e-05,0.832,0.0888,0.0467
73,False,0.751,0.669,3,-6.532,0,0.0359,0.342,1.31e-05,0.0822,0.359
1,False,0.609,0.801,1,-8.483,0,0.0694,0.0246,0.00255,0.37,0.202
18,False,0.683,0.517,9,-8.594,0,0.399,0.106,0.0,0.116,0.445
30,False,0.448,0.755,2,-5.719,0,0.0429,0.028,0.0,0.273,0.575
43,False,0.422,0.716,4,-10.699,0,0.066,0.392,0.000332,0.965,0.501
0,False,0.772,0.544,7,-10.044,1,0.107,0.00537,3.82e-05,0.0567,0.89
63,False,0.482,0.858,5,-4.169,0,0.069,0.0218,0.0,0.244,0.737
44,False,0.658,0.721,9,-3.803,0,0.0699,0.00217,0.000396,0.341,0.677
4,False,0.691,0.894,9,-1.681,0,0.115,0.291,0.0,0.104,0.623
41,False,0.5,0.461,4,-5.92,0,0.0253,0.655,0.0,0.0856,0.357
5,True,0.956,0.866,7,-5.775,1,0.12,0.0528,0.123,0.356,0.632
18,False,0.48,0.301,3,-10.96,1,0.0357,0.339,0.0,0.155,0.165
0,False,0.409,0.153,6,-10.74,0,0.0306,0.939,2.56e-05,0.108,0.18
0,True,0.373,0.857,0,-3.546,1,0.0528,0.000999,0.00138,0.408,0.235
11,False,0.453,0.918,7,-13.218,1,0.18,0.0263,0.522,0.368,0.183
52,False,0.589,0.742,1,-8.142,0,0.038,0.624,0.0,0.773,0.785
33,False,0.686,0.907,2,-4.536,1,0.0595,0.0536,0.0,0.0725,0.824
48,False,0.406,0.23,4,-9.007,1,0.0297,0.88,0.0,0.107,0.395
41,False,0.559,0.907,11,-4.486,0,0.145,0.431,0.0,0.968,0.865
27,False,0.478,0.933,5,-3.659,0,0.06,0.000301,0.000715,0.361,0.607
61,False,0.331,0.75,5,-5.202,1,0.0436,6.86e-05,1.21e-06,0.0945,0.26
0,False,0.625,0.375,3,-11.094,0,0.0767,0.702,0.0,0.102,0.48
49,False,0.498,0.235,1,-16.541,0,0.188,0.72,0.0,0.144,0.0895
28,False,0.761,0.605,8,-4.026,1,0.255,0.0229,0.834,0.101,0.207
54,False,0.726,0.618,2,-7.073,1,0.0571,0.481,0.0,0.0945,0.374
19,False,0.53,0.995,10,-2.924,0,0.101,0.00208,0.423,0.0541,0.349
1,False,0.649,0.709,1,-7.989,1,0.0802,0.0212,0.0,0.0732,0.605
0,False,0.556,0.315,7,-11.651,0,0.0625,0.568,0.0,0.0774,0.256
46,False,0.713,0.808,8,-4.568,1,0.0435,0.115,0.000503,0.169,0.733
21,False,0.394,0.961,6,-2.763,0,0.158,0.00805,2.36e-05,0.304,0.279
3,True,0.812,0.855,7,-3.725,1,0.0554,0.0789,0.000167,0.108,0.573
47,False,0.551,0.687,1,-6.551,0,0.0468,0.00808,0.0,0.379,0.23
27,True,0.426,0.939,5,-4.023,1,0.159,0.000639,0.0,0.314,0.337
40,False,0.446,0.925,10,-5.311,0,0.0762,0.000267,0.00769,0.0811,0.456
71,False,0.467,0.622,6,-7.255,1,0.031,0.365,0.00527,0.0982,0.455
0,True,0.861,0.27,6,-9.515,0,0.0616,0.301,0.00288,0.124,0.608
80,False,0.845,0.677,11,-4.798,0,0.136,0.269,0.000917,0.108,0.68
56,False,0.55,0.334,10,-10.73,1,0.0288,0.517,0.000169,0.101,0.143
27,True,0.317,0.869,7,-12.035,1,0.524,0.927,0.000869,0.957,0.119
18,False,0.75,0.507,8,-6.886,1,0.548,0.669,0.0,0.059,0.644
50,False,0.616,0.716,4,-4.953,1,0.0566,0.0497,2.82e-05,0.689,0.419
49,False,0.301,0.581,11,-7.324,0,0.0421,0.601,0.0,0.0757,0.235
21,False,0.532,0.882,4,-10.583,0,0.0552,0.0166,1.46e-06,0.417,0.757
0,False,0.806,0.96,2,-5.365,1,0.0487,0.00522,0.869,0.0514,0.868
25,False,0.433,0.901,2,-4.27,1,0.146,0.0195,0.0,0.137,0.481
66,False,0.658,0.539,3,-7.043,1,0.0433,0.857,1.45e-06,0.0999,0.461
52,True,0.925,0.391,5,-9.742,0,0.0609,0.585,8.07e-06,0.0814,0.668
53,False,0.655,0.784,8,-4.289,1,0.0726,0.426,0.0,0.148,0.649
43,False,0.477,0.243,8,-17.551,1,0.0636,0.499,0.407,0.0743,0.0997
25,False,0.716,0.86,1,-5.512,1,0.0738,0.513,8.35e-06,0.356,0.94
0,True,0.637,0.877,6,-2.864,1,0.169,0.0792,0.00325,0.138,0.825
0,False,0.759,0.664,5,-4.519,0,0.0517,0.0801,8.83e-05,0.0665,0.623
65,False,0.202,0.00618,5,-33.929,1,0.0487,0.968,0.957,0.142,0.0601
70,False,0.557,0.782,4,-3.899,1,0.0475,0.0953,6.75e-06,0.118,0.305
47,False,0.575,0.314,2,-7.048,1,0.0344,0.763,0.0,0.101,0.653
68,False,0.378,0.974,6,-4.055,1,0.194,0.00192,0.0139,0.0588,0.824
0,False,0.176,0.162,9,-18.922,1,0.0362,0.988,0.913,0.12,0.183
19,False,0.724,0.577,3,-9.005,1,0.0417,0.437,0.0,0.284,0.742
60,False,0.458,0.845,2,-4.384,0,0.0422,0.000948,1.99e-06,0.359,0.175
31,False,0.804,0.594,1,-6.87,0,0.0932,0.258,7.11e-06,0.163,0.829
0,False,0.208,0.0659,9,-27.564,1,0.0571,0.977,5.28e-05,0.123,0.0481
40,False,0.554,0.693,0,-6.85,1,0.0562,0.354,0.00092,0.834,0.506
0,False,0.656,0.37,7,-5.971,1,0.0412,0.907,0.0,0.0913,0.455
62,False,0.536,0.637,2,-7.774,1,0.0343,0.467,0.0,0.0838,0.798
0,False,0.618,0.981,9,-1.514,1,0.068,0.0652,0.0,0.442,0.91
0,False,0.537,0.855,9,-5.092,0,0.0533,0.00898,0.0109,0.425,0.429
28,False,0.714,0.532,7,-9.327,1,0.0296,0.573,0.0,0.0909,0.795
36,False,0.64,0.688,7,-8.351,1,0.034,0.538,0.00114,0.105,0.969
47,False,0.665,0.431,8,-7.119,1,0.0306,0.416,0.0,0.174,0.698
45,False,0.363,0.66,1,-8.251,1,0.0539,0.0665,2.38e-05,0.166,0.381
36,False,0.377,0.185,9,-19.942,1,0.0355,0.943,0.768,0.0961,0.105
47,False,0.683,0.83,2,-14.398,1,0.251,0.0175,0.843,0.0919,0.576
19,False,0.653,0.376,8,-14.643,1,0.373,0.964,0.291,0.127,0.905
57,True,0.573,0.427,10,-9.0,0,0.05,0.0675,9.25e-05,0.101,0.127
72,False,0.832,0.838,1,-5.414,0,0.0421,0.0791,0.0,0.152,0.965
0,False,0.807,0.692,8,-11.683,0,0.0568,0.129,0.934,0.091,0.371
0,False,0.34,0.168,1,-25.023,1,0.0895,0.599,0.0369,0.16,0.0372
50,False,0.703,0.589,11,-6.106,0,0.0249,0.138,2.4e-05,0.145,0.931
63,False,0.206,0.871,8,-5.751,1,0.419,0.0316,6.55e-05,0.0596,0.125
18,False,0.583,0.276,5,-13.276,0,0.0369,0.789,0.00475,0.103,0.224
60,False,0.574,0.462,1,-7.928,1,0.0324,0.661,2.71e-05,0.0855,0.501
0,False,0.812,0.764,8,-5.447,1,0.0954,0.0646,2.45e-06,0.0974,0.803
18,False,0.81,0.621,7,-6.077,0,0.0472,0.0264,0.816,0.201,0.837
72,False,0.738,0.621,0,-7.313,1,0.0486,0.424,7.39e-06,0.692,0.715
21,True,0.62,0.717,1,-10.788,1,0.747,0.887,0.0,0.747,0.873
18,False,0.579,0.768,9,-7.608,0,0.0275,0.229,0.321,0.339,0.731
49,False,0.534,0.946,10,-6.632,1,0.0383,0.000404,0.698,0.348,0.173
58,False,0.619,0.88,1,-4.549,0,0.0535,0.0173,0.00104,0.166,0.392
44,False,0.442,0.937,7,-8.815,1,0.0782,0.00615,0.00325,0.373,0.631
50,True,0.813,0.664,2,-8.793,1,0.318,0.142,0.0,0.173,0.44
39,False,0.64,0.214,4,-9.747,0,0.0381,0.681,0.0,0.142,0.431
10,False,0.649,0.317,8,-12.538,0,0.11,0.157,0.372,0.0835,0.523
0,False,0.66,0.693,1,-6.33,0,0.0364,0.185,1.18e-06,0.719,0.575
54,False,0.426,0.952,5,-2.649,1,0.0719,0.00151,2.76e-05,0.104,0.28
57,True,0.522,0.718,1,-5.59,1,0.0458,0.000447,0.0,0.363,0.58
60,True,0.74,0.453,3,-7.828,1,0.121,0.656,8e-05,0.111,0.178
15,False,0.169,0.132,10,-20.169,1,0.0415,0.7,0.975,0.0713,0.0273
45,False,0.746,0.682,5,-6.653,0,0.0499,0.0205,1.91e-05,0.129,0.45
24,False,0.444,0.902,7,-4.025,1,0.0631,0.578,0.0,0.349,0.594
23,False,0.48,0.554,0,-6.363,1,0.0877,0.526,0.0,0.933,0.58
1,False,0.79,0.475,0,-6.787,1,0.0585,0.0772,7.58e-05,0.125,0.827
60,False,0.261,0.371,3,-10.112,1,0.0313,0.96,0.856,0.109,0.149
0,False,0.283,0.062,2,-17.116,1,0.033,0.945,0.815,0.125,0.175
47,False,0.524,0.771,4,-5.961,0,0.0321,0.00994,8.3e-06,0.187,0.705
51,False,0.421,0.186,2,-13.706,1,0.0344,0.827,0.0,0.149,0.355
35,False,0.201,0.343,0,-15.311,0,0.0577,4.19e-05,6.15e-05,0.217,0.0381
45,False,0.332,0.546,2,-5.438,1,0.0326,0.0105,0.0,0.105,0.403
45,False,0.535,0.701,1,-5.905,0,0.0297,0.00649,6.37e-06,0.403,0.334
3,False,0.586,0.992,8,-3.507,1,0.134,0.0128,0.0,0.383,0.375
56,False,0.573,0.549,0,-4.448,0,0.0269,0.269,8.97e-05,0.383,0.311
41,False,0.502,0.772,11,-6.814,1,0.0315,0.0446,0.0,0.714,0.528
20,False,0.227,0.989,11,-5.623,0,0.147,0.00592,0.0106,0.917,0.0851
24,False,0.608,0.506,6,-8.731,1,0.0909,0.29,0.0,0.115,0.3
71,False,0.398,0.956,2,-4.429,1,0.329,0.00935,0.0038,0.142,0.269
60,False,0.872,0.814,4,-4.875,1,0.215,0.0483,2.22e-05,0.0403,0.829
0,False,0.579,0.276,1,-17.433,1,0.0446,0.958,0.00202,0.0551,0.715
24,False,0.482,0.789,5,-7.341,1,0.0347,0.0173,0.0125,0.665,0.232
0,True,0.556,0.987,11,-3.347,0,0.153,0.000927,1.64e-06,0.224,0.258
23,False,0.236,0.207,5,-13.442,1,0.0449,0.935,9.63e-06,0.962,0.158
66,False,0.635,0.584,6,-9.112,1,0.0296,0.118,0.0,0.29,0.711
0,False,0.485,0.423,10,-15.535,0,0.207,0.717,0.883,0.0909,0.145
33,False,0.544,0.864,8,-2.104,1,0.0412,0.00163,3.79e-05,0.216,0.694
53,False,0.632,0.963,7,-5.524,0,0.0519,0.00656,0.000327,0.314,0.735
0,True,0.582,0.817,0,-6.475,1,0.0399,0.0017,0.0158,0.575,0.622
70,False,0.755,0.536,8,-5.605,1,0.12,0.114,0.0,0.0282,0.882
42,False,0.667,0.869,0,-5.865,1,0.035,0.34,1.41e-05,0.0696,0.535
23,True,0.646,0.979,2,-5.063,1,0.91,0.852,0.0,0.677,0.0486
55,False,0.239,0.173,11,-19.353,0,0.0362,0.981,0.929,0.16,0.131
51,False,0.756,0.681,6,-9.769,0,0.0928,0.304,0.0387,0.0657,0.641
41,False,0.665,0.905,2,-5.233,1,0.0599,0.000356,0.663,0.43,0.0378
8,False,0.592,0.3,8,-13.041,0,0.055,0.612,0.889,0.44,0.603
36,False,0.835,0.68,1,-7.537,1,0.307,0.0195,0.0,0.395,0.937
44,False,0.604,0.856,8,-7.143,0,0.333,0.431,0.0,0.682,0.799
23,True,0.622,0.993,1,-0.007,1,0.3,0.0022,0.0247,0.0688,0.724
69,False,0.642,0.881,11,-3.537,1,0.0393,0.209,0.0,0.21,0.913
51,False,0.638,0.835,11,-7.556,0,0.0687,0.125,0.329,0.1,0.779
0,False,0.649,0.613,1,-6.698,1,0.0321,0.423,0.000754,0.0872,0.679
52,False,0.669,0.979,7,-2.07,0,0.0997,0.032,0.208,0.293,0.534
37,False,0.61,0.54,1,-8.896,1,0.0325,0.0635,0.00592,0.0788,0.149
44,False,0.385,0.449,5,-9.432,0,0.0379,0.564,0.00101,0.0818,0.172
55,False,0.663,0.822,9,-2.909,1,0.0557,0.00413,0.00318,0.234,0.567
23,False,0.563,0.398,7,-11.005,1,0.0292,0.157,0.000857,0.0635,0.258
70,False,0.787,0.828,11,-3.579,0,0.0297,0.106,0.000605,0.105,0.544
68,False,0.77,0.824,1,-6.491,0,0.0851,0.485,0.0,0.318,0.49
22,False,0.554,0.95,6,-3.398,1,0.0714,0.212,0.0,0.295,0.622
41,False,0.505,0.947,6,-5.533,1,0.0546,1.06e-05,3.27e-06,0.374,0.551
45,False,0.66,0.71,2,-3.551,1,0.042,0.0866,0.0,0.612,0.639
41,False,0.419,0.899,11,-3.405,1,0.0499,0.00403,0.0,0.114,0.465
0,True,0.806,0.881,6,-5.231,1,0.252,0.178,7.74e-06,0.356,0.961
21,False,0.589,0.827,5,-6.01,1,0.0337,0.0239,0.154,0.174,0.911
54,False,0.643,0.968,4,-5.323,0,0.0589,0.029,0.0426,0.0994,0.23
0,False,0.839,0.701,9,-6.029,1,0.0944,0.0165,0.00365,0.0513,0.273
13,False,0.563,0.909,6,-3.724,0,0.046,0.00285,0.402,0.0815,0.0604
18,False,0.653,0.528,5,-13.071,0,0.198,0.749,0.131,0.111,0.495
22,False,0.833,0.192,5,-17.423,1,0.929,0.39,0.0,0.0832,0.821
22,False,0.534,0.988,7,-3.117,0,0.0361,0.0777,0.0835,0.157,0.546
38,False,0.419,0.91,9,-7.926,0,0.0441,0.00122,0.00239,0.103,0.649
21,True,0.658,0.807,4,-8.592,0,0.942,0.925,0.0,0.724,0.289
2,False,0.726,0.871,9,-5.323,1,0.0617,0.336,0.000362,0.123,0.831
34,False,0.689,0.738,11,-6.051,0,0.0425,0.187,4.93e-05,0.185,0.368
24,True,0.493,0.687,1,-8.011,1,0.0989,0.0302,3.97e-05,0.639,0.152
27,True,0.719,0.992,6,0.55,0,0.366,0.28,0.0452,0.13,0.118
21,False,0.21,0.937,4,-6.216,1,0.0567,0.00353,4.38e-05,0.683,0.308
59,False,0.875,0.727,10,-5.856,0,0.284,0.245,0.217,0.0639,0.302
70,False,0.593,0.275,6,-15.25,0,0.0638,0.816,0.0115,0.108,0.363
26,False,0.389,0.987,4,-6.785,1,0.0466,0.0791,0.957,0.356,0.0916
5,False,0.415,0.54,7,-11.922,1,0.0347,0.253,0.887,0.0906,0.223
46,False,0.615,0.842,1,-3.358,0,0.0579,0.438,0.00223,0.102,0.583
49,False,0.482,0.925,7,-2.795,0,0.108,0.00364,0.0,0.111,0.238
60,False,0.598,0.964,6,-4.173,1,0.0523,0.0444,0.654,0.234,0.115
13,False,0.696,0.906,1,-5.683,1,0.0523,3.98e-05,0.00028,0.0346,0.772
0,False,0.336,0.385,2,-8.963,0,0.0341,0.542,0.0655,0.101,0.192
25,True,0.927,0.367,9,-7.797,1,0.383,0.325,0.0,0.132,0.575
30,False,0.523,0.443,9,-7.34,0,0.0361,0.635,0.0,0.311,0.818
0,False,0.752,0.576,5,-5.363,1,0.0979,0.223,0.0,0.291,0.533
52,False,0.635,0.735,10,-7.037,0,0.0421,0.02,0.0404,0.108,0.333
0,False,0.412,0.931,7,-6.348,1,0.0449,0.016,0.0,0.0772,0.295
65,False,0.74,0.563,11,-7.016,0,0.04,0.34,0.0,0.0824,0.577
1,False,0.171,0.124,7,-13.758,1,0.0364,0.781,0.0,0.0929,0.0717
51,False,0.533,0.408,5,-15.16,1,0.047,0.814,0.71,0.133,0.103
20,False,0.61,0.834,8,-5.355,1,0.0331,0.226,7.49e-06,0.0346,0.677
0,False,0.474,0.771,10,-5.719,1,0.0571,0.115,0.0,0.0712,0.898
58,False,0.517,0.793,6,-5.851,0,0.0367,0.0214,0.00046,0.0892,0.176
30,False,0.381,0.992,2,-3.81,1,0.075,9.45e-05,0.000289,0.307,0.585
0,False,0.798,0.62,8,-7.079,0,0.232,0.414,0.0192,0.112,0.235
53,False,0.559,0.641,6,-9.4,0,0.0306,0.00595,0.501,0.0519,0.0376
0,False,0.659,0.726,1,-6.013,0,0.0415,0.308,1.31e-05,0.139,0.709
43,False,0.576,0.00552,4,-33.017,1,0.111,0.979,0.958,0.101,0.345
33,False,0.485,0.933,1,-3.106,1,0.0749,0.00439,0.000531,0.389,0.511
0,False,0.686,0.604,11,-14.24,0,0.037,0.12,0.496,0.0907,0.553
67,False,0.598,0.561,11,-11.421,0,0.0511,0.0229,0.557,0.109,0.0385
21,False,0.37,0.745,11,-6.199,0,0.0893,0.148,0.00126,0.0708,0.302
58,False,0.436,0.46,4,-6.037,1,0.0307,0.62,0.0,0.17,0.384
0,False,0.382,0.937,0,-9.01,1,0.0758,0.0172,0.0,0.271,0.0957
18,False,0.528,0.376,7,-10.669,1,0.066,0.852,9.57e-06,0.219,0.618
58,False,0.495,0.532,1,-8.846,0,0.0528,0.0227,0.354,0.331,0.0514
20,True,0.516,0.69,8,-7.137,1,0.411,0.126,0.0,0.108,0.438
46,False,0.648,0.761,5,-5.1,0,0.0372,0.102,0.0,0.229,0.602
0,False,0.521,0.892,3,-4.029,1,0.0433,0.0539,0.0,0.117,0.369
76,False,0.534,0.803,10,-9.129,1,0.0743,0.741,6.07e-05,0.307,0.969
69,False,0.39,0.502,10,-12.277,1,0.178,0.336,0.000138,0.0713,0.289
20,True,0.614,0.419,6,-23.62,0,0.942,0.681,0.0,0.898,0.253
0,False,0.623,0.668,6,-7.282,0,0.0531,0.475,0.0,0.0862,0.823
0,False,0.781,0.115,5,-17.086,0,0.0941,0.979,0.0421,0.127,0.752
23,False,0.509,0.986,6,-1.871,0,0.0991,0.179,0.662,0.0805,0.0385
45,False,0.527,0.833,7,-5.977,1,0.0534,0.000105,0.0,0.138,0.579
0,False,0.226,0.385,1,-16.829,1,0.0755,0.978,1.33e-06,0.361,0.0383
60,False,0.873,0.829,0,-5.912,1,0.102,0.0787,0.0112,0.207,0.658
69,False,0.654,0.798,0,-4.084,1,0.0451,0.188,0.0,0.15,0.574
43,False,0.509,0.396,8,-11.166,1,0.0335,0.542,1.21e-06,0.127,0.436
68,False,0.569,0.183,7,-14.371,1,0.0298,0.914,0.404,0.106,0.13
0,False,0.595,0.275,8,-9.815,0,0.0309,0.864,0.0,0.107,0.345
43,False,0.663,0.76,7,-6.0,1,0.0546,0.596,0.0,0.106,0.756
67,False,0.416,0.649,11,-5.271,0,0.0385,0.655,2.82e-06,0.12,0.474
63,False,0.556,0.939,11,-5.99,1,0.039,0.00245,0.915,0.121,0.152
36,False,0.777,0.892,5,-4.128,0,0.0718,0.0285,3.62e-05,0.068,0.847
34,False,0.592,0.944,1,-1.152,0,0.0897,0.275,3.93e-06,0.353,0.764
42,False,0.574,0.78,1,-7.953,1,0.0665,0.336,0.0035,0.787,0.388
58,False,0.287,0.499,0,-11.094,1,0.0437,0.464,0.000652,0.102,0.142
21,False,0.443,0.112,2,-18.418,1,0.0474,0.968,0.786,0.125,0.219
0,False,0.778,0.711,7,-11.367,1,0.0643,0.352,0.0473,0.969,0.858
33,False,0.689,0.8,7,-5.94,1,0.253,0.364,0.0,0.174,0.632
25,False,0.4,0.872,1,-5.666,1,0.0434,0.000119,1.15e-06,0.373,0.924
37,False,0.703,0.486,0,-9.182,0,0.336,0.524,0.0,0.105,0.188
42,False,0.655,0.944,4,-5.457,0,0.151,0.319,0.0,0.888,0.344
5,False,0.744,0.983,7,-6.714,1,0.0533,0.00323,0.885,0.15,0.279
43,False,0.235,0.71,4,-7.075,0,0.0535,0.000242,0.806,0.0642,0.182
0,False,0.679,0.764,6,-5.301,1,0.0391,0.031,9.05e-06,0.0951,0.471
66,False,0.641,0.943,5,-6.254,0,0.264,0.0351,0.000259,0.328,0.718
60,False,0.91,0.856,11,-2.082,0,0.157,0.0346,0.000223,0.0624,0.771
22,False,0.679,0.0299,0,-26.44,1,0.0462,0.991,0.917,0.112,0.171
57,False,0.356,0.26,4,-10.577,0,0.0314,0.913,2.1e-06,0.105,0.49
55,False,0.503,0.667,11,-6.831,0,0.0285,0.000984,0.027,0.229,0.101
0,False,0.644,0.919,2,-6.289,1,0.0561,0.179,0.135,0.622,0.87
56,False,0.634,0.176,0,-14.703,1,0.0307,0.931,1.6e-06,0.136,0.335
48,False,0.813,0.562,0,-5.465,1,0.027,0.705,0.0,0.19,0.779
26,False,0.805,0.401,7,-12.264,1,0.066,0.000166,0.325,0.105,0.257
19,False,0.538,0.978,0,-2.039,1,0.055,0.061,0.0,0.0873,0.699
11,False,0.448,0.00655,2,-19.217,1,0.0377,0.98,0.487,0.0952,0.044
50,True,0.567,0.761,7,-5.253,0,0.0444,0.0544,0.0,0.123,0.329
57,False,0.708,0.771,2,-9.022,0,0.0394,0.00721,0.164,0.277,0.371
34,False,0.65,0.6,11,-9.195,0,0.0684,0.838,0.000512,0.172,0.687
0,False,0.172,0.262,4,-12.92,0,0.0399,0.887,6.76e-05,0.141,0.145
82,False,0.607,0.912,8,-3.449,1,0.0611,0.124,0.0,0.332,0.722
68,False,0.556,0.521,6,-10.811,1,0.0321,0.632,0.000582,0.102,0.355
62,False,0.744,0.68,8,-6.866,1,0.232,0.238,0.0,0.107,0.507
62,False,0.734,0.844,1,-5.357,0,0.0343,0.00346,1.81e-05,0.333,0.823
1,False,0.714,0.671,5,-5.119,1,0.362,0.292,0.0,0.325,0.641
21,False,0.574,0.15,0,-11.617,1,0.0929,0.834,0.329,0.143,0.604
49,False,0.423,0.867,0,-5.153,1,0.138,0.0177,0.0393,0.0629,0.3
48,False,0.837,0.358,9,-12.886,1,0.031,0.187,0.0,0.146,0.825
0,False,0.593,0.287,1,-12.472,1,0.0469,0.764,0.0,0.153,0.639
41,False,0.501,0.452,2,-7.297,1,0.0241,0.161,0.00019,0.0809,0.191
65,False,0.548,0.888,1,-4.861,0,0.0362,0.000902,0.00172,0.0943,0.655
45,False,0.437,0.314,4,-8.007,1,0.0372,0.81,0.0,0.116,0.13
0,False,0.621,0.785,6,-4.499,1,0.11,0.0165,5.92e-06,0.0512,0.779
54,False,0.496,0.988,4,-4.409,0,0.11,8.33e-05,0.323,0.155,0.199
30,False,0.513,0.939,1,-4.738,1,0.182,0.0164,0.00292,0.39,0.379
39,False,0.644,0.877,1,-7.666,1,0.0555,0.0634,0.0,0.361,0.784
24,True,0.501,0.77,2,-11.048,1,0.93,0.734,0.0,0.672,0.562
53,False,0.684,0.673,2,-9.593,1,0.0365,0.283,0.422,0.152,0.81
49,False,0.67,0.371,4,-13.83,0,0.141,0.57,0.891,0.127,0.1
60,False,0.315,0.0546,3,-28.225,1,0.0596,0.994,0.902,0.11,0.128
27,True,0.748,0.788,2,-8.234,1,0.426,0.201,0.0,0.376,0.583
4,True,0.689,0.499,11,-9.159,0,0.34,0.0994,0.0,0.384,0.211
0,False,0.647,0.876,10,-5.662,1,0.185,0.881,3.59e-05,0.26,0.949
23,False,0.401,0.987,5,-4.069,0,0.0774,2.2e-05,0.000923,0.3,0.317
15,False,0.351,0.674,7,-9.068,1,0.0376,0.00644,0.419,0.0536,0.414
28,False,0.51,0.522,9,-10.52,1,0.0291,0.74,0.00452,0.284,0.527
37,False,0.464,0.239,2,-10.822,1,0.0289,0.606,0.0,0.112,0.361
74,False,0.935,0.479,11,-10.981,0,0.306,0.107,5.25e-05,0.118,0.773
23,False,0.428,0.783,4,-5.65,0,0.0275,0.000127,0.000492,0.0608,0.199
0,False,0.212,0.147,0,-19.979,0,0.0406,0.969,0.898,0.111,0.155
20,False,0.738,0.0832,0,-16.842,1,0.0978,0.993,0.913,0.108,0.636
35,False,0.459,0.381,10,-11.857,1,0.0298,0.522,1.18e-05,0.0932,0.167
25,False,0.461,0.98,10,-7.587,0,0.102,4.14e-05,0.0781,0.0627,0.35
46,False,0.465,0.289,0,-12.235,1,0.0563,0.69,0.000213,0.187,0.16
53,False,0.686,0.286,9,-9.603,0,0.0295,0.564,0.209,0.135,0.283
45,False,0.647,0.813,9,-5.076,1,0.0758,0.135,0.0,0.173,0.826
50,False,0.801,0.83,6,-7.13,1,0.049,0.000984,0.211,0.0958,0.396
18,True,0.528,0.97,6,-1.495,0,0.351,0.0182,0.0,0.285,0.232
38,False,0.415,0.963,10,-2.651,1,0.0952,0.0374,0.000222,0.0594,0.618
40,True,0.906,0.582,4,-8.943,0,0.225,0.0529,0.0269,0.246,0.498
26,False,0.548,0.821,4,-2.906,1,0.034,0.765,0.0,0.113,0.297
20,False,0.834,0.688,0,-9.127,1,0.111,0.161,0.0,0.196,0.973
22,False,0.538,0.942,7,-5.412,0,0.0879,0.000324,0.000579,0.0501,0.209
85,False,0.774,0.73,0,-3.865,1,0.134,0.108,0.0,0.194,0.421
41,True,0.625,0.73,4,-9.612,0,0.385,0.225,0.0,0.09,0.473
65,False,0.464,0.305,3,-12.435,0,0.0316,0.936,0.0846,0.208,0.282
45,False,0.615,0.655,7,-9.968,0,0.0412,0.0924,0.8,0.144,0.0543
56,False,0.774,0.485,1,-10.955,1,0.319,0.00557,2.31e-06,0.107,0.392
0,False,0.382,0.727,9,-6.677,0,0.0861,0.729,0.0,0.196,0.826
42,False,0.48,0.62,11,-7.457,0,0.0655,0.396,0.0,0.683,0.242
0,True,0.793,0.737,6,-4.731,0,0.0785,0.0765,0.0,0.0747,0.697
43,False,0.785,0.624,0,-6.644,1,0.0397,0.201,2.57e-05,0.134,0.899
38,False,0.459,0.849,2,-6.037,1,0.279,0.298,0.0,0.506,0.799
0,False,0.505,0.892,6,-5.633,0,0.139,0.00162,0.00177,0.148,0.629
27,False,0.72,0.699,3,-6.055,0,0.0993,0.862,0.0,0.767,0.705
4,False,0.296,0.936,11,-5.425,0,0.105,0.235,0.478,0.0967,0.332
55,False,0.423,0.922,3,-2.602,1,0.0411,0.017,0.0,0.102,0.567
36,False,0.813,0.547,11,-9.128,1,0.134,0.000736,0.853,0.103,0.452
60,True,0.542,0.94,8,-0.713,1,0.0628,0.000737,0.0,0.133,0.765
63,False,0.741,0.466,4,-7.258,1,0.0357,0.558,0.0,0.0583,0.351
13,False,0.555,0.462,10,-12.984,1,0.0307,0.00241,0.826,0.147,0.289
39,False,0.679,0.494,11,-12.167,0,0.0333,0.000431,0.000206,0.132,0.704
54,False,0.898,0.814,7,-5.218,1,0.118,0.000121,0.426,0.147,0.608
44,False,0.562,0.494,1,-7.29,0,0.0289,0.318,0.0,0.0961,0.556
49,False,0.535,0.683,10,-5.567,0,0.033,0.439,0.0,0.156,0.403
1,True,0.711,0.839,7,-6.288,1,0.117,0.0472,0.0,0.0806,0.932
23,False,0.761,0.826,11,-6.12,1,0.0307,0.00629,6.73e-06,0.02,0.835
55,True,0.641,0.565,9,-7.072,0,0.308,0.139,0.0,0.249,0.544
0,False,0.439,0.196,0,-16.093,1,0.0601,0.88,0.0,0.0513,0.525
0,False,0.488,0.451,0,-8.381,1,0.026,0.65,0.0,0.0639,0.576
20,True,0.886,0.584,5,-11.021,0,0.369,0.00809,4.33e-05,0.135,0.392
36,False,0.62,0.406,7,-5.824,1,0.0311,0.653,0.0,0.229,0.694
66,False,0.694,0.703,7,-4.327,1,0.0593,0.0319,0.0,0.119,0.172
46,False,0.762,0.738,9,-5.722,1,0.123,0.59,0.0,0.694,0.79
66,False,0.668,0.473,10,-15.402,1,0.0336,0.231,0.0,0.115,0.962
0,False,0.63,0.344,6,-15.316,0,0.0581,0.975,0.0,0.184,0.884
33,False,0.292,0.991,8,-4.86,1,0.152,8.7e-05,0.0,0.833,0.336
29,False,0.506,0.342,2,-12.501,1,0.0318,0.617,0.000161,0.106,0.497
23,False,0.399,0.978,1,-6.103,0,0.055,0.000224,0.0623,0.985,0.371
0,False,0.685,0.909,3,-4.034,0,0.0396,0.0471,0.0,0.35,0.922
24,True,0.407,0.986,6,-4.765,1,0.164,0.000311,2.25e-06,0.188,0.114
44,False,0.402,0.48,6,-9.44,1,0.0405,0.892,7.46e-06,0.113,0.331
66,False,0.463,0.653,0,-5.515,1,0.0273,0.111,0.000136,0.172,0.233
32,False,0.438,0.633,8,-9.97,1,0.107,0.929,0.16,0.0855,0.86
56,False,0.518,0.828,8,-5.725,1,0.04,0.03,1.33e-05,0.0456,0.69
52,False,0.287,0.245,0,-17.241,1,0.0381,0.982,0.923,0.0876,0.0626
3,False,0.759,0.843,8,-3.718,1,0.0913,0.127,0.0,0.114,0.56
49,True,0.786,0.496,7,-5.103,1,0.421,0.215,0.0,0.104,0.316
70,False,0.274,0.144,5,-14.516,1,0.0482,0.92,0.000388,0.29,0.302
65,False,0.162,0.00166,9,-36.77,1,0.0402,0.995,0.861,0.0886,0.121
53,False,0.519,0.985,8,-3.058,1,0.107,0.000785,5.95e-06,0.107,0.437
53,False,0.563,0.924,2,-2.703,1,0.0412,0.000917,0.583,0.0352,0.26
47,False,0.551,0.587,0,-11.636,1,0.0563,0.321,0.0,0.299,0.875
22,False,0.659,0.712,9,-4.02,1,0.0705,0.908,2.76e-06,0.393,0.928
56,False,0.691,0.924,0,-3.839,1,0.0577,0.00828,3.8e-06,0.402,0.34
33,False,0.555,0.512,7,-13.151,1,0.0597,0.687,2.69e-05,0.0527,0.92
0,False,0.524,0.739,0,-6.681,1,0.0386,0.215,0.0,0.0636,0.48
58,False,0.852,0.537,7,-7.424,1,0.114,0.0328,0.000248,0.229,0.483
20,False,0.396,0.961,2,-5.824,1,0.0485,1.17e-05,0.00723,0.135,0.438
45,False,0.598,0.611,11,-5.116,1,0.0227,0.231,0.0,0.152,0.452
43,False,0.651,0.826,4,-7.302,1,0.0682,0.107,0.0738,0.159,0.28
44,True,0.58,0.914,1,-4.325,1,0.224,0.00802,0.0712,0.388,0.373
12,False,0.725,0.664,4,-10.315,1,0.0513,0.751,1.64e-06,0.372,0.965
35,False,0.635,0.547,7,-8.757,1,0.0326,0.249,6.8e-05,0.433,0.348
24,False,0.366,0.982,9,-4.123,0,0.234,4.21e-05,1.92e-06,0.312,0.196
27,False,0.581,0.372,10,-8.765,1,0.0293,0.442,0.0,0.434,0.417
23,False,0.292,0.256,0,-16.462,1,0.0391,0.904,0.877,0.274,0.461
56,True,0.787,0.502,9,-5.119,0,0.37,0.104,0.00112,0.234,0.506
78,False,0.612,0.862,8,-2.903,1,0.037,0.041,0.0,0.0907,0.354
0,True,0.836,0.743,10,-6.305,0,0.0656,0.0995,0.0,0.335,0.722
43,False,0.506,0.206,7,-22.564,1,0.0512,0.846,0.948,0.114,0.09
44,False,0.628,0.869,6,-5.821,0,0.0426,0.125,1.19e-06,0.0235,0.868
0,False,0.348,0.981,11,-5.02,1,0.137,0.00479,0.0883,0.0905,0.704
4,False,0.712,0.539,2,-5.194,1,0.174,0.116,0.0,0.219,0.406
66,False,0.758,0.573,6,-6.221,0,0.0428,0.0888,0.000677,0.0834,0.284
48,False,0.457,0.997,1,-4.992,0,0.0634,8.36e-06,0.899,0.138,0.53
50,False,0.57,0.887,7,-7.993,0,0.0448,0.0908,3.41e-06,0.197,0.182
45,False,0.212,0.108,4,-16.583,1,0.0364,0.985,0.952,0.111,0.0958
19,False,0.161,0.927,7,-6.795,1,0.0819,7.38e-05,0.539,0.524,0.0838
54,False,0.814,0.427,2,-11.543,1,0.0918,0.558,0.0,0.0248,0.964
21,False,0.793,0.493,8,-10.641,0,0.0647,0.404,0.000402,0.117,0.427
40,False,0.359,0.744,3,-8.688,1,0.0739,0.382,0.0,0.302,0.634
48,False,0.465,0.485,9,-9.402,1,0.0665,0.839,0.0,0.26,0.773
1,False,0.767,0.672,2,-4.455,0,0.182,0.12,6.18e-05,0.695,0.585
18,False,0.686,0.551,9,-7.369,0,0.0698,0.691,0.00158,0.106,0.556
0,False,0.375,0.386,11,-15.846,0,0.196,0.989,0.0328,0.267,0.512
40,False,0.325,0.933,5,-6.583,0,0.0504,4.06e-05,0.000489,0.377,0.806
0,False,0.751,0.87,9,-4.757,1,0.0285,0.25,0.0,0.0902,0.783
23,False,0.472,0.932,11,-8.727,1,0.0457,0.0018,0.408,0.442,0.358
33,False,0.642,0.907,9,-7.525,0,0.0511,0.549,0.0,0.0681,0.673
2,False,0.866,0.847,10,-4.498,0,0.041,0.000937,0.0145,0.0549,0.644
19,False,0.734,0.0643,6,-23.702,1,0.0894,0.991,0.912,0.0965,0.28
19,False,0.626,0.965,11,-4.368,0,0.0815,0.00438,0.827,0.648,0.362
34,False,0.572,0.53,11,-5.732,0,0.0265,0.415,0.0,0.0961,0.555
68,False,0.596,0.897,10,-2.94,1,0.0462,0.0641,5.24e-05,0.0628,0.578
66,False,0.475,0.963,5,-2.651,0,0.0601,0.0016,0.0,0.344,0.355
31,False,0.765,0.628,5,-12.005,0,0.155,0.178,0.000586,0.244,0.874
0,False,0.401,0.619,0,-7.035,0,0.21,0.168,0.0,0.272,0.757
8,False,0.582,0.6,10,-6.147,1,0.118,0.55,0.0,0.263,0.899
16,False,0.52,0.324,9,-12.838,1,0.0243,0.772,8.4e-05,0.102,0.472
12,False,0.6,0.773,7,-8.322,1,0.0307,0.0897,0.612,0.149,0.66
79,False,0.595,0.784,1,-4.878,1,0.102,0.216,0.0,0.0608,0.479
36,False,0.798,0.415,0,-5.877,1,0.0403,0.753,0.0,0.165,0.566
0,False,0.409,0.198,9,-10.832,1,0.0293,0.751,0.000712,0.082,0.14
24,False,0.449,0.852,0,-4.321,1,0.0445,0.000135,0.0,0.286,0.55
1,True,0.822,0.736,1,-3.969,1,0.15,0.157,0.000781,0.0748,0.679
38,False,0.0747,0.566,5,-20.942,0,0.0574,0.532,0.867,0.112,1e-05
38,False,0.738,0.717,10,-4.694,1,0.0413,0.704,6.05e-06,0.113,0.96
39,False,0.659,0.734,2,-7.235,1,0.101,0.513,0.0,0.549,0.831
36,False,0.903,0.808,5,-4.469,0,0.0893,0.0508,0.0,0.32,0.72
0,True,0.905,0.563,8,-6.135,1,0.102,0.0254,9.71e-06,0.113,0.324
68,False,0.749,0.319,2,-9.946,1,0.0771,0.82,0.0,0.0993,0.216
1,False,0.619,0.504,5,-11.562,1,0.025,0.0614,0.0,0.06,0.568
49,False,0.78,0.937,9,-4.108,1,0.147,0.0319,0.0,0.102,0.935
67,False,0.575,0.541,5,-6.45,1,0.0237,0.759,0.0,0.111,0.27
39,False,0.421,0.884,8,-2.708,1,0.0934,0.239,0.0,0.14,0.613
48,False,0.658,0.28,5,-10.421,1,0.0325,0.815,0.000794,0.28,0.337
45,False,0.68,0.544,7,-13.096,1,0.0338,0.128,0.0,0.0737,0.624
40,False,0.375,0.76,0,-9.733,1,0.0937,0.0367,4.34e-06,0.255,0.462
0,False,0.593,0.287,1,-12.472,1,0.0469,0.764,0.0,0.153,0.639
44,False,0.744,0.549,4,-14.125,1,0.0271,0.0784,0.00237,0.0886,0.351
71,True,0.642,0.787,5,-6.389,0,0.17,0.0185,0.0,0.288,0.406
58,False,0.381,0.214,4,-11.629,1,0.0337,0.944,0.0,0.106,0.393
22,False,0.283,0.168,8,-11.875,1,0.0387,0.858,2.91e-06,0.122,0.502
0,False,0.753,0.657,7,-3.061,1,0.045,0.173,0.0,0.112,0.435
0,False,0.596,0.315,8,-9.175,1,0.0428,0.961,0.0,0.258,0.64
71,False,0.611,0.394,0,-10.757,1,0.0416,0.534,4.68e-05,0.108,0.202
6,False,0.659,0.827,1,-6.586,1,0.0627,0.13,2.21e-05,0.0905,0.409
60,False,0.686,0.692,10,-9.793,1,0.0419,0.902,0.000474,0.104,0.962
21,False,0.475,0.961,7,-3.839,1,0.109,3.13e-05,0.00229,0.144,0.359
68,False,0.542,0.918,6,-5.074,1,0.0937,0.0101,0.0,0.259,0.784
31,False,0.42,0.341,0,-8.075,1,0.0325,0.942,0.00123,0.105,0.193
68,False,0.736,0.677,4,-7.036,0,0.0352,0.00114,0.844,0.0949,0.0747
23,False,0.467,0.873,9,-5.995,1,0.0395,0.0208,0.000386,0.282,0.961
21,False,0.314,0.923,11,-3.836,0,0.0697,0.00048,4.58e-05,0.379,0.323
42,False,0.527,0.839,9,-5.465,1,0.0391,0.000169,4.47e-06,0.282,0.719
65,False,0.55,0.49,2,-10.732,1,0.0572,0.368,9.96e-05,0.917,0.609
39,True,0.894,0.538,6,-10.298,0,0.238,0.00719,0.00385,0.0459,0.535
53,False,0.636,0.452,11,-8.298,1,0.0329,0.136,1.97e-06,0.104,0.0678
47,False,0.714,0.579,0,-6.087,1,0.0316,0.218,0.0,0.358,0.256
0,False,0.704,0.691,6,-5.414,1,0.158,0.255,0.0,0.129,0.427
37,False,0.49,0.0909,5,-13.493,1,0.0581,0.974,3.9e-06,0.103,0.257
40,True,0.94,0.581,2,-12.619,1,0.4,0.0442,0.0,0.372,0.662
29,False,0.497,0.982,8,-2.81,1,0.13,0.0241,0.0,0.348,0.647
14,False,0.516,0.327,0,-9.382,1,0.0292,0.604,8.75e-05,0.183,0.546
47,False,0.691,0.916,9,-5.313,1,0.117,0.029,0.0,0.121,0.394
78,False,0.742,0.527,8,-6.892,0,0.0769,0.327,0.0,0.25,0.638
71,False,0.586,0.624,5,-5.946,1,0.113,0.0153,1.78e-06,0.133,0.267
13,False,0.635,0.269,7,-10.424,1,0.0276,0.704,0.0,0.313,0.54
33,False,0.745,0.533,11,-8.768,0,0.0435,0.102,0.757,0.0921,0.422
59,False,0.616,0.844,1,-4.674,1,0.201,0.124,0.0,0.255,0.785
63,True,0.128,0.991,11,-3.289,1,0.0582,1.11e-05,0.00362,0.219,0.53
0,False,0.793,0.866,0,-4.919,1,0.0375,0.218,0.0,0.296,0.934
28,False,0.702,0.669,7,-5.943,1,0.0394,0.661,3.91e-06,0.111,0.606
40,False,0.52,0.328,4,-9.971,1,0.0265,0.94,6.22e-06,0.113,0.57
62,True,0.7,0.509,7,-10.055,0,0.11,0.233,0.0,0.0815,0.633
69,True,0.886,0.84,2,-3.386,1,0.0502,0.0164,0.00622,0.329,0.203
54,False,0.456,0.344,0,-10.296,0,0.0298,0.565,9.19e-06,0.114,0.359
28,False,0.644,0.599,4,-6.026,1,0.0403,0.0528,1.26e-05,0.117,0.293
39,False,0.492,0.591,11,-6.617,1,0.0401,0.366,0.0,0.321,0.473
24,False,0.611,0.842,10,-7.655,0,0.0628,0.00611,0.901,0.124,0.262
20,False,0.346,0.862,5,-6.208,1,0.0993,0.00762,0.0,0.676,0.741
90,False,0.4,0.479,8,-7.989,0,0.0308,0.0529,2.14e-06,0.115,0.213
19,False,0.234,0.14,4,-14.465,0,0.0377,0.926,1.27e-05,0.1,0.0772
0,False,0.538,0.307,0,-11.856,1,0.0695,0.821,0.000374,0.0996,0.295
57,False,0.387,0.95,1,-3.747,1,0.0475,0.00193,0.0,0.0689,0.541
46,False,0.431,0.688,7,-7.21,1,0.0364,0.674,0.0,0.864,0.277
0,False,0.754,0.763,7,-4.627,0,0.0435,0.0301,2.23e-05,0.0901,0.464
55,False,0.647,0.728,2,-5.262,1,0.16,0.0579,0.0,0.966,0.479
17,False,0.737,0.802,9,-9.526,1,0.0599,0.000591,0.868,0.0288,0.665
50,False,0.483,0.863,1,-3.941,1,0.0588,0.000309,0.0495,0.331,0.302
5,False,0.746,0.714,10,-15.564,1,0.0686,0.000789,0.805,0.339,0.256
26,True,0.56,0.768,10,-9.385,0,0.932,0.8,0.0,0.647,0.564
54,False,0.813,0.578,4,-6.839,1,0.0322,0.605,0.0,0.083,0.83
56,False,0.513,0.775,0,-7.202,0,0.0304,0.000672,0.248,0.409,0.205
0,False,0.605,0.428,7,-19.629,0,0.0369,0.516,0.000229,0.27,0.965
45,False,0.827,0.43,4,-12.935,1,0.0342,0.395,1.01e-06,0.0568,0.537
16,False,0.203,0.708,9,-6.569,1,0.0808,0.262,0.158,0.304,0.105
59,False,0.577,0.846,10,-7.606,0,0.0351,0.0356,2.77e-05,0.0814,0.693
5,False,0.853,0.541,1,-13.719,1,0.106,0.0387,0.66,0.278,0.679
18,False,0.418,0.657,11,-5.355,0,0.217,0.328,0.0,0.139,0.364
0,False,0.854,0.446,1,-8.957,0,0.198,0.313,0.215,0.156,0.57
25,False,0.717,0.5,11,-8.898,1,0.0406,0.557,0.000816,0.106,0.61
41,False,0.599,0.664,1,-5.747,1,0.0408,0.827,0.0,0.293,0.452
61,False,0.547,0.693,6,-6.404,1,0.0264,0.0224,0.0,0.523,0.716
44,False,0.469,0.654,1,-5.905,0,0.0947,0.595,0.0,0.398,0.672
41,False,0.619,0.649,6,-9.68,1,0.0414,0.01,0.916,0.535,0.298
0,False,0.404,0.789,2,-4.516,1,0.0566,0.0243,0.000231,0.226,0.159
47,False,0.527,0.933,6,-6.277,0,0.0382,0.00112,0.0362,0.425,0.493
62,False,0.668,0.427,9,-8.74,1,0.0271,0.492,1.44e-05,0.201,0.604
68,False,0.608,0.785,11,-5.346,0,0.0472,0.00173,0.0,0.0762,0.806
25,False,0.418,0.37,0,-11.322,0,0.0346,0.609,0.0,0.331,0.411
8,False,0.528,0.844,10,-10.246,0,0.0395,0.232,0.857,0.0795,0.142
23,False,0.559,0.86,11,-9.134,1,0.0434,0.0675,0.0,0.0677,0.654
12,False,0.437,0.544,2,-10.498,0,0.0584,0.872,0.0,0.146,0.773
45,False,0.429,0.88,9,-4.645,1,0.0747,0.025,0.0,0.116,0.808
63,False,0.615,0.841,11,-5.352,1,0.0416,0.0178,0.0,0.133,0.316
44,False,0.666,0.952,0,-2.847,1,0.0622,0.475,0.0,0.0502,0.814
52,True,0.378,0.977,4,-3.805,0,0.182,3.45e-05,0.786,0.352,0.202
27,False,0.403,0.917,6,-5.785,0,0.072,0.000155,0.886,0.0689,0.0369
35,False,0.546,0.993,2,-2.324,1,0.0975,0.0169,0.0,0.334,0.214
5,False,0.222,0.195,5,-16.587,0,0.0478,0.982,1.39e-05,0.115,0.106
59,False,0.676,0.408,9,-7.937,1,0.0811,0.576,0.867,0.201,0.226
40,False,0.526,0.701,0,-6.752,1,0.0415,0.399,0.000199,0.0718,0.184
23,False,0.492,0.999,2,-4.491,0,0.0872,0.00106,0.116,0.664,0.55
22,True,0.529,0.992,10,-2.501,0,0.132,0.000212,0.0,0.212,0.482
52,False,0.623,0.867,1,-4.24,0,0.0825,0.136,3.06e-06,0.0897,0.913
41,False,0.44,0.636,2,-10.322,1,0.0627,0.139,0.757,0.697,0.455
26,False,0.543,0.405,0,-11.025,0,0.0348,0.456,8.01e-05,0.183,0.318
42,False,0.622,0.769,1,-10.482,0,0.0528,0.167,0.713,0.277,0.433
40,False,0.473,0.94,1,-7.879,0,0.0488,1.75e-05,0.755,0.175,0.565
30,False,0.493,0.681,0,-6.545,1,0.0389,0.118,0.0,0.0868,0.174
29,False,0.328,0.451,1,-8.57,1,0.0352,0.296,0.000441,0.0822,0.686
21,False,0.328,0.762,2,-5.071,1,0.0351,0.00377,0.191,0.252,0.386
29,False,0.465,0.556,10,-10.174,1,0.0595,0.936,0.0012,0.372,0.842
16,False,0.791,0.401,5,-10.314,0,0.12,0.973,0.819,0.326,0.843
0,False,0.555,0.128,10,-16.681,1,0.0323,0.951,0.0692,0.133,0.151
37,False,0.39,0.626,7,-7.252,1,0.0561,0.372,2.87e-06,0.0959,0.403
56,False,0.345,0.187,5,-15.26,1,0.0459,0.789,0.0,0.601,0.445
0,False,0.524,0.807,2,-4.16,1,0.0579,0.00415,0.000834,0.212,0.62
34,False,0.691,0.843,2,-3.679,1,0.135,0.364,0.0,0.0729,0.812
43,False,0.648,0.0665,7,-24.554,1,0.0336,0.984,1.08e-05,0.115,0.38
57,False,0.599,0.363,7,-11.728,1,0.0315,0.333,0.0,0.243,0.648
0,False,0.647,0.876,10,-5.662,1,0.185,0.881,3.59e-05,0.26,0.949
50,False,0.363,0.448,1,-8.595,1,0.0348,0.716,0.0,0.108,0.424
22,False,0.455,0.979,4,-2.631,0,0.0939,4.1e-05,0.000954,0.0844,0.204
56,False,0.497,0.726,4,-8.335,1,0.0272,0.0489,8.99e-06,0.049,0.735
30,False,0.588,0.69,4,-8.72,0,0.0396,0.014,0.2,0.0729,0.436
57,False,0.494,0.661,7,-6.494,0,0.0595,0.134,2.41e-05,0.307,0.546
0,False,0.405,0.186,11,-21.802,1,0.0565,0.931,0.866,0.219,0.609
36,False,0.685,0.563,9,-10.977,1,0.0535,0.573,0.0,0.0664,0.761
49,False,0.748,0.581,7,-4.541,1,0.0663,0.194,0.0,0.0982,0.33
23,True,0.322,0.998,9,-1.845,1,0.239,0.126,0.00196,0.263,0.237
48,False,0.523,0.659,4,-12.884,0,0.0447,0.0246,0.39,0.333,0.226
50,False,0.695,0.266,7,-8.486,0,0.0622,0.251,0.446,0.172,0.219
0,False,0.272,0.86,8,-2.238,1,0.128,0.333,0.429,0.142,0.151
41,False,0.432,0.557,2,-9.57,1,0.0408,0.63,0.000565,0.688,0.249
56,True,0.586,0.786,10,-4.892,1,0.0686,0.0177,0.0,0.233,0.463
58,False,0.587,0.894,0,-4.184,0,0.0402,0.0309,2.15e-05,0.179,0.81
46,False,0.756,0.799,5,-5.728,1,0.0682,0.0894,0.00044,0.129,0.709
25,False,0.662,0.268,10,-7.394,1,0.0358,0.858,0.0,0.11,0.394
25,False,0.47,0.976,1,-3.759,1,0.129,0.0459,0.00478,0.11,0.248
36,False,0.713,0.747,1,-5.311,0,0.0368,0.239,0.0,0.109,0.404
1,False,0.755,0.642,10,-11.849,1,0.0566,0.564,0.000105,0.0443,0.969
31,False,0.518,0.493,9,-12.512,0,0.0468,0.684,0.089,0.395,0.346
24,False,0.433,0.995,11,-4.437,1,0.15,3.8e-05,0.000426,0.421,0.353
27,False,0.322,0.936,7,-5.431,1,0.095,0.00152,1.63e-05,0.116,0.175
36,False,0.534,0.938,3,-4.299,1,0.0623,0.00559,0.0,0.239,0.578
69,False,0.501,0.813,11,-8.192,1,0.0639,0.0455,4.75e-05,0.131,0.495
56,True,0.709,0.645,1,-4.449,1,0.329,0.145,0.0,0.0869,0.423
19,True,0.564,0.709,0,-5.729,0,0.0783,0.0946,3.11e-05,0.267,0.184
54,False,0.658,0.878,8,-6.834,0,0.0346,0.135,0.591,0.0948,0.907
22,False,0.422,0.847,7,-5.601,0,0.0565,0.0029,0.174,0.102,0.268
43,False,0.398,0.532,11,-5.967,1,0.031,0.358,1.24e-05,0.43,0.0674
27,False,0.681,0.844,11,-7.677,0,0.0365,0.242,1.1e-06,0.122,0.795
17,False,0.636,0.857,1,-2.921,1,0.0707,0.0117,0.569,0.0997,0.192
27,False,0.295,0.961,8,-3.577,1,0.141,9.26e-06,0.00124,0.0571,0.22
26,False,0.743,0.937,4,-2.138,0,0.0597,0.169,0.0198,0.133,0.819
69,False,0.654,0.798,0,-4.084,1,0.0451,0.188,0.0,0.15,0.574
72,False,0.356,0.982,4,-1.574,0,0.112,0.713,0.00145,0.941,0.299
44,False,0.49,0.747,0,-4.628,1,0.0448,0.0759,0.000234,0.108,0.785
32,False,0.78,0.395,5,-10.114,1,0.129,0.91,0.949,0.107,0.406
24,False,0.498,0.914,6,-7.109,0,0.343,0.182,2.67e-06,0.128,0.237
52,False,0.384,0.504,9,-10.779,1,0.0652,0.607,0.0,0.0983,0.397
0,False,0.617,0.835,11,-5.384,0,0.0321,0.359,0.000698,0.118,0.833
55,False,0.055,0.465,7,-16.744,0,0.0513,0.792,0.976,0.892,1e-05
55,True,0.711,0.489,7,-11.962,1,0.0375,0.0902,0.38,0.133,0.0514
23,False,0.0513,0.971,1,-5.532,0,0.0683,6.3e-06,0.849,0.0854,0.513
58,True,0.498,0.904,6,-6.351,1,0.0456,0.026,4.98e-06,0.0685,0.343
67,False,0.718,0.58,2,-5.149,0,0.028,0.602,0.0,0.196,0.31
38,False,0.652,0.58,4,-8.993,1,0.228,0.218,0.0,0.0575,0.79
19,True,0.528,0.947,5,-2.193,1,0.203,0.00166,7.16e-06,0.337,0.147
43,False,0.543,0.941,1,-4.036,1,0.0418,0.0184,0.0,0.11,0.752
64,False,0.547,0.567,7,-7.295,1,0.0242,0.276,0.000548,0.104,0.399
21,False,0.5,0.735,6,-6.215,0,0.0293,0.124,0.013,0.0568,0.9
23,False,0.381,0.947,9,-2.915,1,0.0664,0.0699,0.0,0.185,0.639
38,False,0.898,0.742,0,-3.898,1,0.0958,0.366,0.0,0.327,0.886
16,False,0.585,0.756,8,-5.24,0,0.037,0.005,0.884,0.271,0.0398
39,False,0.486,0.399,7,-7.135,1,0.0285,0.872,0.0,0.102,0.42
40,False,0.853,0.717,2,-5.519,1,0.0783,0.17,0.000394,0.133,0.842
37,False,0.585,0.632,2,-7.831,1,0.0359,0.42,0.0,0.0909,0.449
28,False,0.565,0.659,4,-8.13,0,0.412,0.334,0.0,0.141,0.35
54,False,0.651,0.0816,5,-23.961,1,0.0643,0.987,0.86,0.219,0.293
69,False,0.648,0.904,6,-4.565,0,0.0786,0.0961,2.07e-06,0.0629,0.728
60,True,0.293,0.811,5,-5.139,1,0.0433,0.00383,0.0,0.353,0.383
58,False,0.786,0.9,0,-7.751,0,0.0408,0.018,0.0148,0.0351,0.613
1,False,0.759,0.885,7,-4.516,1,0.0636,0.351,3.68e-05,0.468,0.673
0,False,0.647,0.876,10,-5.662,1,0.185,0.881,3.59e-05,0.26,0.949
25,True,0.477,0.82,2,-3.016,1,0.362,0.417,0.0,0.631,0.548
44,False,0.672,0.772,6,-2.921,1,0.0623,0.289,0.0,0.0743,0.883
28,False,0.516,0.995,3,-4.359,0,0.0665,0.00193,0.9,0.204,0.631
12,False,0.286,0.991,11,-4.332,0,0.166,0.00304,4.94e-06,0.301,0.0652
53,False,0.492,0.429,4,-8.126,1,0.0392,0.0368,0.000164,0.0887,0.0981
20,False,0.474,0.972,7,-3.225,1,0.0598,1.83e-05,4.09e-05,0.115,0.238
12,False,0.722,0.944,10,-5.071,0,0.0481,0.0262,0.782,0.352,0.327
72,False,0.63,0.551,9,-9.28,1,0.0549,0.373,5.75e-05,0.103,0.518
62,False,0.186,0.679,7,-7.884,0,0.0441,0.00756,0.884,0.128,0.227
0,True,0.859,0.413,1,-7.399,1,0.18,0.136,0.0,0.334,0.699
0,False,0.438,0.178,5,-9.402,1,0.0414,0.957,1.1e-06,0.316,0.344
38,False,0.454,0.621,3,-6.782,0,0.0816,0.49,1.15e-05,0.131,0.877
0,True,0.468,0.983,1,-2.848,1,0.114,6.21e-05,0.000292,0.0568,0.0914
53,False,0.468,0.104,6,-14.49,1,0.0336,0.895,0.00179,0.114,0.453
59,False,0.47,0.808,9,-3.518,0,0.12,0.0803,0.00903,0.0765,0.549
42,False,0.722,0.857,4,-6.146,0,0.0344,0.912,0.00072,0.24,0.816
22,True,0.534,0.683,5,-14.721,0,0.933,0.877,0.0,0.943,0.406
58,False,0.671,0.628,4,-5.117,1,0.0273,0.536,0.151,0.12,0.595
31,False,0.296,0.977,9,-2.979,1,0.172,1.34e-05,0.0501,0.134,0.644
21,False,0.624,0.129,1,-23.376,1,0.0399,0.575,0.292,0.0687,0.682
26,False,0.118,0.251,7,-15.9,1,0.034,0.912,0.0675,0.113,0.111
31,False,0.652,0.208,0,-17.627,1,0.544,0.907,0.0,0.627,0.632
36,False,0.54,0.893,4,-6.808,0,0.285,0.503,0.0,0.975,0.654
60,False,0.478,0.305,5,-13.062,1,0.0306,0.675,0.00139,0.169,0.0974
41,False,0.421,0.999,4,-5.51,1,0.106,2.91e-05,0.167,0.0877,0.0271
24,False,0.518,0.979,10,-1.109,0,0.139,0.0635,4.73e-06,0.286,0.671
0,False,0.738,0.607,8,-3.933,0,0.0845,0.00746,0.324,0.0699,0.78
35,False,0.761,0.588,2,-6.729,1,0.0276,0.169,0.853,0.178,0.0791
43,False,0.413,0.491,5,-7.561,1,0.0288,0.0731,0.0,0.926,0.14
71,False,0.704,0.563,4,-4.739,0,0.0297,0.594,0.0,0.133,0.0739
0,False,0.682,0.646,4,-9.274,0,0.0667,0.576,2.13e-05,0.0978,0.785
50,False,0.564,0.688,5,-3.805,1,0.055,0.254,0.0,0.322,0.448
40,False,0.218,0.557,1,-5.497,1,0.0359,0.0192,1.62e-06,0.185,0.0584
44,False,0.445,0.499,4,-7.045,1,0.0266,0.433,0.000818,0.0902,0.142
0,False,0.606,0.696,6,-5.153,1,0.0613,0.122,0.000188,0.157,0.68
12,False,0.857,0.346,1,-9.288,1,0.273,0.0252,1.03e-05,0.143,0.255
42,False,0.6,0.85,9,-6.652,1,0.0422,0.773,0.0,0.982,0.907
27,False,0.591,0.748,5,-7.136,1,0.0292,0.0679,0.837,0.286,0.961
34,False,0.57,0.598,0,-8.716,1,0.0417,0.818,0.0,0.102,0.925
54,False,0.53,0.867,11,-4.989,1,0.0504,0.02,0.000248,0.737,0.74
38,False,0.638,0.748,11,-4.849,0,0.292,0.212,0.0,0.401,0.688
23,False,0.12,0.0167,8,-29.861,0,0.043,0.987,0.54,0.115,0.0491
29,False,0.549,0.617,9,-5.067,0,0.0284,0.502,0.0,0.132,0.657
49,False,0.774,0.87,6,-5.954,0,0.0646,0.0318,0.907,0.107,0.0461
51,False,0.513,0.864,2,-3.364,1,0.0493,0.0187,5.15e-06,0.136,0.115
69,True,0.632,0.946,0,-2.784,0,0.277,0.192,0.0,0.495,0.324
0,False,0.588,0.332,0,-12.255,1,0.0542,0.59,4.45e-06,0.0468,0.153
0,False,0.444,0.669,8,-6.727,0,0.125,0.0669,0.0,0.124,0.44
83,False,0.553,0.659,8,-7.295,1,0.0391,0.0027,0.0,0.105,0.105
0,False,0.631,0.569,5,-5.956,0,0.0438,0.728,0.0,0.27,0.874
42,False,0.679,0.315,9,-14.258,1,0.0367,0.294,0.843,0.116,0.64
0,True,0.845,0.854,4,-5.897,0,0.197,0.0376,1.45e-05,0.343,0.636
1,False,0.685,0.886,9,-10.653,1,0.0323,0.0328,0.0,0.0362,0.819
1,False,0.449,0.886,8,-2.501,1,0.0624,0.00248,7.48e-05,0.0743,0.61
53,False,0.675,0.992,7,-0.533,0,0.0605,0.0022,0.221,0.387,0.483
0,False,0.521,0.892,3,-4.029,1,0.0433,0.0539,0.0,0.117,0.369
44,False,0.488,0.0799,4,-28.028,1,0.0499,0.983,0.177,0.118,0.275
82,False,0.551,0.578,1,-7.005,0,0.0732,0.522,0.0,0.073,0.509
78,True,0.668,0.902,2,-3.924,1,0.0386,0.169,8.74e-05,0.198,0.913
35,False,0.536,0.561,7,-7.333,1,0.0273,0.00388,2.51e-05,0.225,0.387
19,False,0.477,0.97,2,-1.874,1,0.349,0.058,0.0,0.234,0.285
45,False,0.506,0.212,4,-15.486,1,0.0315,0.663,0.0,0.143,0.294
52,False,0.697,0.481,10,-7.858,0,0.0532,0.246,0.0605,0.103,0.243
46,False,0.42,0.964,7,-1.397,1,0.107,7.18e-05,0.000274,0.543,0.0716
74,False,0.707,0.74,11,-4.311,0,0.0509,0.179,0.0,0.612,0.336
25,False,0.48,0.931,7,-10.516,0,0.0774,0.011,0.000655,0.381,0.274
34,False,0.599,0.765,9,-9.557,1,0.0438,0.081,2.02e-05,0.371,0.91
14,False,0.458,0.949,7,-6.326,1,0.307,0.000467,0.012,0.0649,0.132
13,False,0.14,0.962,7,-5.255,0,0.234,2.05e-05,0.891,0.209,0.0677
28,False,0.707,0.519,5,-8.435,1,0.0327,0.518,0.0466,0.145,0.533
52,False,0.668,0.768,0,-4.652,0,0.0266,0.0437,0.0,0.0981,0.542
0,False,0.61,0.562,3,-8.038,1,0.0338,0.487,0.0,0.0855,0.908
0,False,0.499,0.215,11,-17.369,0,0.031,0.898,0.913,0.0989,0.74
50,False,0.489,0.522,11,-5.291,1,0.0306,0.401,0.0,0.238,0.43
9,False,0.929,0.366,1,-12.459,1,0.342,0.0651,0.0,0.11,0.527
36,False,0.519,0.86,0,-7.04,1,0.0529,0.754,0.0,0.646,0.937
73,False,0.653,0.809,0,-4.057,1,0.0474,0.194,0.0,0.165,0.55
0,False,0.765,0.491,1,-7.859,0,0.145,0.0626,0.0,0.0994,0.56
23,False,0.745,0.834,0,-5.682,1,0.0247,0.048,0.0,0.314,0.841
4,False,0.563,0.916,9,-6.58,0,0.0397,0.00139,0.37,0.356,0.19
0,False,0.479,0.719,6,-7.075,0,0.109,0.214,4.85e-05,0.166,0.699
37,False,0.308,0.911,5,-13.91,0,0.0705,0.379,0.982,0.154,0.15
0,True,0.836,0.743,10,-6.305,0,0.0656,0.0995,0.0,0.335,0.722
13,False,0.192,0.655,2,-11.39,1,0.0785,0.000241,0.787,0.649,0.157
19,False,0.576,0.0501,0,-19.799,1,0.0513,0.976,0.0362,0.131,0.381
23,False,0.0624,0.288,1,-14.752,1,0.0364,0.769,0.902,0.0773,0.0741
48,False,0.524,0.855,11,-8.587,0,0.0328,0.469,0.736,0.153,0.334
62,False,0.315,0.445,2,-7.953,0,0.0287,0.578,0.0,0.281,0.213
49,False,0.27,0.481,7,-9.982,0,0.0371,0.107,0.459,0.142,0.125
22,False,0.124,0.0758,0,-20.811,1,0.0397,0.924,0.923,0.0472,0.045
12,False,0.728,0.771,9,-7.843,0,0.238,0.702,0.0,0.903,0.905
23,False,0.484,0.843,0,-7.975,1,0.0422,0.0104,0.0,0.475,0.277
66,False,0.55,0.824,9,-7.848,0,0.0347,0.000362,0.00115,0.0865,0.332
38,False,0.687,0.457,0,-10.048,1,0.0283,0.0712,0.0269,0.086,0.237
19,False,0.493,0.989,8,-3.782,1,0.116,0.027,0.066,0.495,0.269
45,False,0.243,0.696,9,-6.216,1,0.0451,0.109,0.00135,0.0577,0.136
51,False,0.53,0.101,2,-21.43,0,0.0462,0.959,0.866,0.0804,0.159
41,False,0.8,0.501,10,-13.146,1,0.0376,0.623,0.153,0.217,0.854
39,False,0.516,0.538,8,-11.22,1,0.0287,0.129,0.000108,0.131,0.421
0,False,0.259,0.654,6,-3.858,0,0.0331,0.025,0.0,0.219,0.452
51,False,0.676,0.697,7,-5.934,1,0.0411,0.0772,4.51e-05,0.326,0.118
43,False,0.827,0.419,1,-11.218,1,0.337,0.381,2.38e-05,0.0792,0.824
19,False,0.414,0.287,4,-10.868,1,0.0337,0.529,0.0,0.138,0.226
62,False,0.175,0.995,6,1.023,0,0.211,0.000145,2.5e-06,0.214,0.303
37,True,0.632,0.708,7,-5.709,1,0.179,0.136,0.0,0.0924,0.0512
0,False,0.651,0.479,1,-6.192,1,0.0447,0.426,0.0,0.151,0.575
56,False,0.714,0.464,7,-11.545,1,0.0483,0.845,0.00428,0.0833,0.511
58,False,0.814,0.684,0,-7.962,0,0.0438,0.0426,1.37e-05,0.0571,0.893
57,False,0.321,0.625,2,-5.219,0,0.0302,0.491,5.08e-05,0.345,0.777
64,False,0.837,0.801,5,-4.978,0,0.308,0.53,1.03e-06,0.174,0.908
56,False,0.402,0.983,1,-3.816,0,0.0721,7.29e-05,0.0,0.294,0.363
53,False,0.481,0.912,11,-3.892,1,0.31,0.392,0.0,0.927,0.69
11,False,0.775,0.974,10,-7.503,0,0.0525,0.12,0.824,0.105,0.139
73,True,0.69,0.732,3,-5.352,0,0.0497,0.0604,0.00114,0.168,0.636
10,False,0.525,0.0662,5,-21.54,1,0.0344,0.996,0.917,0.128,0.168
40,False,0.797,0.609,10,-10.537,1,0.131,0.00375,0.0191,0.128,0.913
45,False,0.349,0.628,11,-7.25,0,0.0325,0.287,0.00498,0.274,0.354
21,False,0.572,0.633,4,-6.649,0,0.0281,0.000537,0.211,0.353,0.446
31,False,0.67,0.958,4,-7.005,0,0.0639,0.00366,0.65,0.115,0.0899
40,False,0.289,0.887,1,-14.387,1,0.0963,5.03e-06,0.861,0.293,0.478
48,False,0.565,0.995,6,-0.101,0,0.77,0.0129,0.346,0.359,0.118
55,False,0.27,0.386,2,-8.193,1,0.0301,0.269,1.27e-06,0.0995,0.151
1,True,0.835,0.718,7,-5.62,0,0.0694,0.226,1.99e-06,0.108,0.427
10,False,0.668,0.571,5,-13.411,1,0.107,0.162,0.929,0.112,0.0717
38,True,0.895,0.515,1,-9.579,1,0.079,0.493,0.0002,0.106,0.347
23,False,0.791,0.642,11,-8.502,0,0.182,0.0213,0.000279,0.356,0.477
69,False,0.33,0.905,4,-5.047,1,0.0497,0.000233,8.14e-06,0.0712,0.259
30,False,0.386,0.752,6,-13.686,0,0.041,0.0103,0.00653,0.6,0.39
0,False,0.0803,0.843,8,-7.09,1,0.0532,0.038,0.00315,0.287,0.188
43,False,0.53,0.67,0,-5.788,1,0.0504,0.709,0.0,0.972,0.704
42,False,0.499,0.714,5,-5.057,1,0.0366,0.257,0.0,0.105,0.243
35,False,0.569,0.813,7,-7.93,1,0.0371,0.000825,0.000801,0.0791,0.452
56,False,0.634,0.54,0,-10.506,1,0.0297,0.491,5.53e-05,0.115,0.81
18,False,0.671,0.884,9,-0.53,0,0.0547,0.112,0.893,0.108,0.155
41,False,0.317,0.942,9,-8.533,0,0.0437,0.000693,0.369,0.313,0.0355
17,False,0.505,0.427,0,-12.656,1,0.027,0.759,0.892,0.241,0.605
0,False,0.782,0.697,1,-5.85,1,0.0618,0.32,0.0,0.144,0.416
60,False,0.785,0.649,6,-4.149,1,0.0418,0.0112,0.0388,0.0793,0.472
19,False,0.694,0.657,6,-8.15,1,0.0366,0.125,0.928,0.111,0.707
0,False,0.621,0.785,6,-4.499,1,0.11,0.0165,5.92e-06,0.0512,0.779
1,False,0.653,0.687,0,-8.657,1,0.0512,0.407,0.088,0.125,0.489
28,False,0.437,0.807,0,-7.515,1,0.0352,0.585,0.00295,0.0626,0.909
0,False,0.352,0.04,2,-23.984,0,0.0515,0.992,0.915,0.11,0.123
34,False,0.227,0.955,7,-6.664,1,0.119,0.00465,0.502,0.209,0.349
25,False,0.296,0.871,9,-10.508,1,0.0741,0.000146,0.439,0.133,0.251
60,False,0.47,0.706,0,-4.902,0,0.0322,0.034,1.31e-06,0.0726,0.327
0,False,0.499,0.339,8,-8.929,1,0.061,0.917,0.0,0.0784,0.656
38,False,0.751,0.528,11,-9.826,1,0.0987,0.0025,0.0,0.243,0.861
23,False,0.563,0.397,6,-9.396,0,0.0339,0.384,0.0,0.107,0.198
74,False,0.451,0.962,0,-3.947,1,0.0734,0.0188,3.17e-06,0.277,0.377
0,False,0.57,0.0696,6,-13.124,1,0.0504,0.888,0.0,0.11,0.182
43,False,0.48,0.181,0,-17.172,1,0.0522,0.953,0.897,0.106,0.214
46,False,0.937,0.527,6,-6.546,0,0.301,0.182,0.0,0.34,0.908
49,False,0.375,0.681,2,-7.758,1,0.0404,0.00122,0.00265,0.632,0.0676
0,False,0.586,0.616,5,-7.964,1,0.0324,0.182,0.0,0.0927,0.719
53,False,0.721,0.867,6,-6.209,0,0.0528,0.048,0.125,0.0828,0.917
50,False,0.388,0.15,3,-16.115,1,0.031,0.978,0.819,0.125,0.176
39,False,0.75,0.373,0,-12.031,1,0.0285,0.755,0.022,0.117,0.61
1,False,0.35,0.091,9,-15.221,0,0.0393,0.939,2.12e-06,0.0979,0.227
0,False,0.517,0.206,5,-12.233,1,0.0421,0.924,0.0,0.118,0.489
49,False,0.719,0.936,9,-3.343,1,0.0712,0.00515,0.0759,0.0723,0.294
51,False,0.548,0.3,4,-12.71,1,0.0298,0.757,9.28e-06,0.0851,0.264
0,False,0.361,0.177,11,-12.023,0,0.0346,0.927,0.0,0.0911,0.32
0,False,0.545,0.7,5,-6.961,1,0.0323,0.0982,0.0,0.1,0.799
29,False,0.416,0.759,9,-6.76,1,0.0378,0.00296,0.711,0.174,0.0643
45,False,0.947,0.805,11,-4.192,0,0.296,0.008,0.0,0.0805,0.637
1,False,0.494,0.45,2,-8.072,1,0.0687,0.622,0.0,0.242,0.368
38,False,0.553,0.413,3,-8.172,1,0.0425,0.949,0.0,0.846,0.597
18,False,0.618,0.548,7,-6.96,1,0.0305,0.687,0.0,0.15,0.502
21,False,0.462,0.394,2,-15.251,1,0.0369,0.216,0.0,0.123,0.238
38,False,0.521,0.0693,8,-15.973,1,0.0335,0.99,0.848,0.105,0.117
0,False,0.437,0.878,0,-4.687,1,0.0452,0.0112,0.0,0.126,0.623
0,False,0.426,0.473,5,-7.924,1,0.0335,0.353,0.0,0.0234,0.937
65,False,0.497,0.757,11,-4.189,1,0.127,0.0449,0.0,0.119,0.507
49,False,0.411,0.897,11,-9.229,1,0.0629,0.00312,0.00921,0.939,0.668
61,False,0.718,0.977,1,-1.824,1,0.0668,0.143,0.0318,0.374,0.259
20,False,0.45,0.239,8,-16.886,1,0.0517,0.99,0.656,0.058,0.32
34,False,0.894,0.426,10,-6.192,0,0.0768,0.26,2.28e-05,0.0601,0.799
25,False,0.633,0.837,8,-5.535,0,0.0732,0.0301,0.0,0.128,0.542
57,False,0.689,0.751,1,-5.876,1,0.0339,0.307,0.00424,0.076,0.692
67,False,0.575,0.541,5,-6.45,1,0.0237,0.759,0.0,0.111,0.27
0,False,0.251,0.508,5,-10.564,0,0.316,0.969,0.999,0.952,0.0
17,False,0.692,0.961,1,-9.155,1,0.0632,0.000848,0.771,0.103,0.089
34,False,0.434,0.576,4,-6.897,1,0.034,0.165,0.0,0.473,0.363
45,False,0.395,0.397,10,-9.125,1,0.0334,0.537,6.75e-05,0.125,0.229
26,True,0.621,0.949,0,-4.903,1,0.0355,0.00787,0.0561,0.331,0.944
0,False,0.493,0.556,7,-11.351,1,0.102,0.714,0.0439,0.287,0.409
0,False,0.535,0.508,2,-5.996,0,0.0318,0.233,0.0,0.0993,0.236
32,False,0.735,0.916,11,-3.53,1,0.0511,0.0476,2.4e-06,0.397,0.914
60,False,0.376,0.0254,11,-28.245,0,0.044,0.988,0.943,0.0923,0.169
55,False,0.582,0.187,8,-16.654,0,0.0316,0.956,0.00209,0.113,0.483
0,False,0.318,0.792,1,-7.75,0,0.0521,2.43e-05,0.869,0.111,0.137
41,True,0.754,0.892,4,-6.812,1,0.0291,0.714,0.00328,0.49,0.846
19,False,0.536,0.863,8,-3.293,1,0.0288,0.0428,4.97e-06,0.33,0.869
17,False,0.2,0.472,6,-3.39,1,0.228,0.0,0.638,0.828,0.0
29,False,0.664,0.74,0,-5.277,1,0.0319,0.316,0.000104,0.157,0.898
24,False,0.61,0.772,10,-8.113,1,0.0311,0.302,0.00233,0.132,0.551
5,False,0.782,0.801,11,-10.583,0,0.0676,0.000627,0.793,0.0853,0.816
57,False,0.48,0.993,0,-6.402,0,0.0862,0.000339,4.96e-05,0.3,0.589
20,False,0.344,0.822,9,-9.224,1,0.38,0.0861,2.28e-05,0.354,0.244
26,False,0.526,0.886,4,-4.52,1,0.0644,0.109,0.571,0.16,0.0548
47,False,0.694,0.907,0,-5.222,1,0.0436,0.0164,0.3,0.181,0.783
68,False,0.664,0.194,5,-15.487,0,0.0357,0.909,3.85e-05,0.0829,0.443
25,True,0.623,0.965,1,-4.56,1,0.0881,0.00014,0.0,0.0695,0.627
53,False,0.552,0.538,2,-11.085,1,0.0344,0.516,0.0,0.202,0.401
43,False,0.725,0.766,7,-9.51,1,0.0908,0.0196,0.0,0.0335,0.931
56,True,0.516,0.989,4,-3.776,0,0.144,5.96e-05,0.0,0.12,0.134
12,False,0.471,0.897,5,-8.263,1,0.0539,0.00238,0.873,0.671,0.133
20,False,0.454,0.796,3,-7.999,1,0.0311,0.000154,0.00253,0.178,0.909
2,False,0.685,0.909,3,-4.034,0,0.0396,0.0471,0.0,0.35,0.922
74,False,0.55,0.271,2,-8.451,1,0.0297,0.843,3.21e-06,0.107,0.198
85,False,0.792,0.625,1,-5.609,1,0.0536,0.00776,0.0018,0.329,0.37
52,False,0.693,0.393,4,-8.675,1,0.0437,0.68,0.0,0.133,0.328
19,False,0.716,0.688,7,-6.695,1,0.0356,0.259,0.104,0.121,0.484
28,False,0.607,0.987,1,-4.113,0,0.0479,0.00222,0.892,0.289,0.354
5,False,0.734,0.531,1,-5.662,1,0.0321,0.196,0.0,0.119,0.199
20,False,0.293,0.0189,4,-23.121,0,0.0346,0.966,0.951,0.113,0.0365
24,True,0.604,0.98,9,-2.42,1,0.0505,5.98e-05,0.000519,0.162,0.518
1,False,0.504,0.51,7,-10.79,1,0.0415,0.771,7.61e-05,0.0766,0.0834
23,True,0.588,0.617,7,-8.813,1,0.303,0.141,0.0,0.116,0.649
17,False,0.187,0.982,1,-5.266,1,0.0993,0.00031,0.0931,0.303,0.177
47,False,0.569,0.489,2,-8.387,1,0.0253,0.139,0.0,0.874,0.303
35,False,0.514,0.698,2,-7.208,1,0.0958,0.611,0.0,0.106,0.465
36,False,0.377,0.937,5,-3.694,1,0.109,0.00185,1.05e-06,0.264,0.494
0,False,0.53,0.304,7,-10.509,1,0.0342,0.825,0.0182,0.145,0.301
43,False,0.701,0.559,7,-12.297,0,0.0537,0.752,0.00077,0.0935,0.542
20,False,0.554,0.932,5,-4.322,0,0.152,0.0769,0.0,0.39,0.344
35,False,0.702,0.505,7,-9.316,1,0.0921,0.772,0.0,0.107,0.717
35,False,0.546,0.967,11,-6.167,1,0.0437,0.00355,1.83e-05,0.451,0.773
55,False,0.772,0.619,7,-8.092,1,0.0294,0.56,0.0423,0.105,0.338
36,False,0.543,0.429,2,-8.481,1,0.0336,0.851,0.000118,0.115,0.208
72,False,0.436,0.473,1,-7.24,1,0.0307,0.588,4.35e-05,0.103,0.242
43,False,0.838,0.92,10,-3.734,0,0.178,0.155,7.95e-06,0.392,0.745
18,False,0.503,0.459,4,-10.306,0,0.0357,0.726,0.0353,0.101,0.378
4,False,0.77,0.852,11,-2.593,1,0.0489,0.201,3.06e-06,0.0623,0.785
29,False,0.381,0.41,8,-9.075,1,0.0341,0.576,0.00655,0.114,0.225
33,False,0.598,0.854,1,-3.643,1,0.0466,0.541,1.75e-05,0.0482,0.961
13,False,0.247,0.995,9,-3.642,1,0.174,4.79e-06,0.363,0.503,0.425
1,False,0.742,0.883,7,-2.862,1,0.118,0.0468,0.0,0.206,0.464
19,False,0.843,0.472,0,-11.914,1,0.107,0.00709,0.925,0.266,0.951
39,False,0.525,0.561,11,-9.159,1,0.0322,0.186,9.21e-06,0.0877,0.584
45,True,0.671,0.646,7,-7.513,0,0.195,0.272,0.0,0.405,0.355
41,False,0.425,0.438,11,-7.079,0,0.0364,0.518,0.00598,0.341,0.755
61,False,0.354,0.712,3,-6.109,0,0.0589,0.358,4.19e-05,0.274,0.238
70,False,0.321,0.429,6,-7.073,1,0.0302,0.724,9.1e-05,0.0606,0.174
54,False,0.345,0.291,0,-8.748,1,0.0278,0.641,0.0399,0.151,0.299
20,False,0.574,0.971,11,-6.415,1,0.0686,0.000105,7e-05,0.123,0.568
39,False,0.59,0.8,8,-4.034,1,0.0766,0.256,0.0,0.0711,0.195
63,False,0.502,0.91,7,-2.769,1,0.107,0.04,0.0,0.319,0.588
24,False,0.61,0.592,1,-12.325,1,0.0413,0.00044,0.878,0.0636,0.127
56,False,0.658,0.719,2,-5.417,1,0.153,0.467,0.0,0.777,0.805
39,False,0.422,0.295,9,-11.157,1,0.0972,0.788,0.0,0.163,0.467
24,False,0.475,0.579,9,-5.577,0,0.0323,0.34,0.0,0.403,0.532
45,False,0.673,0.693,7,-11.27,1,0.0557,0.0996,3.17e-05,0.0427,0.965
72,False,0.727,0.863,1,-3.181,1,0.0879,0.0298,0.0,0.334,0.72
27,False,0.561,0.901,5,-1.51,1,0.0558,0.00771,0.0183,0.2,0.0375
62,False,0.502,0.565,9,-7.779,1,0.0358,0.696,5.55e-05,0.156,0.253
39,False,0.327,0.422,5,-6.289,0,0.0398,0.803,0.00766,0.0947,0.34
62,False,0.702,0.658,10,-7.299,0,0.0655,0.00463,0.0842,0.0611,0.502
66,False,0.544,0.5,11,-8.253,1,0.026,0.0325,3.78e-06,0.109,0.177
3,True,0.794,0.667,11,-7.636,0,0.373,0.0565,0.0,0.407,0.695
22,False,0.622,0.845,6,-3.181,0,0.0546,0.00371,5.97e-05,0.294,0.686
38,False,0.694,0.721,0,-6.02,0,0.0313,0.0823,0.0013,0.104,0.396
31,False,0.528,0.519,10,-7.63,1,0.028,0.305,0.0,0.137,0.755
19,False,0.837,0.558,11,-12.537,0,0.0431,0.0317,0.466,0.374,0.5
29,False,0.708,0.921,2,-3.954,1,0.0367,0.0568,0.000531,0.116,0.925
33,True,0.703,0.548,1,-10.643,1,0.65,0.119,0.0,0.0911,0.444
26,False,0.529,0.539,7,-13.324,1,0.0331,0.355,0.29,0.348,0.558
32,False,0.54,0.389,5,-12.257,1,0.0305,0.637,0.0,0.815,0.322
79,False,0.717,0.455,5,-8.303,1,0.0276,0.0846,0.0,0.11,0.389
52,False,0.583,0.8,10,-9.689,1,0.0909,0.706,0.0,0.122,0.958
26,False,0.692,0.995,0,-1.901,1,0.0303,0.0269,0.0,0.209,0.877
0,False,0.614,0.699,6,-6.238,1,0.0315,0.14,0.252,0.115,0.431
38,False,0.461,0.74,10,-7.851,1,0.0535,0.00487,0.0,0.0824,0.712
36,False,0.659,0.873,9,-5.682,1,0.0332,0.0848,0.0,0.0442,0.966
48,False,0.707,0.927,1,-6.861,1,0.109,0.121,0.55,0.086,0.0519
0,False,0.433,0.827,9,-5.992,0,0.0312,0.00932,0.492,0.737,0.549
21,False,0.464,0.96,0,-1.755,1,0.046,0.141,6.95e-05,0.218,0.472
1,False,0.531,0.599,2,-4.53,1,0.0321,0.123,0.0,0.103,0.464
52,False,0.296,0.0213,10,-30.051,1,0.0348,0.969,0.747,0.087,0.174
76,False,0.661,0.92,9,-3.469,0,0.188,0.0352,1.4e-05,0.314,0.494
11,False,0.516,0.899,1,-5.899,1,0.0573,0.00336,0.00168,0.19,0.465
0,False,0.293,0.153,7,-14.363,1,0.0328,0.913,0.0,0.177,0.198
4,False,0.626,0.769,11,-5.296,0,0.0325,0.00291,0.0,0.0598,0.237
40,False,0.758,0.626,4,-8.901,1,0.0353,0.808,0.0,0.423,0.933
40,False,0.325,0.933,5,-6.583,0,0.0504,4.06e-05,0.000489,0.377,0.806
0,False,0.454,0.0921,10,-18.764,1,0.0488,0.986,0.757,0.0908,0.106
89,True,0.627,0.429,1,-8.255,1,0.234,0.238,0.0,0.122,0.565
70,False,0.339,0.492,1,-10.661,1,0.0559,0.829,0.00377,0.147,0.102
32,False,0.526,0.919,9,-4.677,1,0.183,0.0705,3.1e-05,0.0287,0.96
30,False,0.715,0.686,1,-9.727,1,0.036,0.227,0.657,0.11,0.86
0,False,0.57,0.409,5,-7.555,0,0.0331,0.345,0.000188,0.219,0.304
58,False,0.836,0.64,1,-4.14,1,0.0809,0.0301,0.000249,0.311,0.435
63,False,0.394,0.566,7,-7.97,1,0.0278,0.364,1.58e-06,0.0925,0.211
45,False,0.509,0.961,8,-2.708,1,0.0504,0.0226,0.0,0.508,0.539
17,False,0.486,0.423,2,-8.201,0,0.031,0.92,0.191,0.0699,0.611
28,False,0.756,0.752,11,-8.007,0,0.0454,0.000568,0.16,0.127,0.966
41,False,0.587,0.836,1,-3.957,0,0.0322,0.296,1.8e-06,0.292,0.941
20,False,0.648,0.411,1,-15.597,1,0.925,0.808,0.0,0.697,0.746
21,False,0.52,0.935,0,-2.854,1,0.035,0.00959,0.0154,0.317,0.662
13,False,0.258,0.968,10,-5.791,0,0.113,0.000209,0.0525,0.0797,0.0762
28,False,0.54,0.983,7,-2.578,1,0.578,0.0487,0.922,0.203,0.0695
34,False,0.498,0.319,2,-9.576,1,0.0262,0.672,0.000106,0.0952,0.211
19,False,0.484,0.945,8,-2.683,0,0.0755,0.194,0.0,0.343,0.513
24,False,0.143,0.312,9,-10.077,1,0.0348,0.945,0.000163,0.109,0.0766
60,False,0.162,0.172,2,-22.401,1,0.0585,0.934,0.845,0.1,0.115
26,True,0.593,0.599,5,-8.253,0,0.308,0.0576,6.71e-06,0.277,0.598
58,False,0.684,0.829,8,-6.082,1,0.144,0.00185,0.00258,0.581,0.301
0,False,0.495,0.938,2,-3.259,1,0.209,0.126,0.0,0.0745,0.766
1,False,0.75,0.736,4,-5.968,0,0.0425,0.0458,0.0,0.26,0.535
36,False,0.416,0.547,10,-7.08,1,0.0426,0.616,0.0,0.0428,0.423
28,False,0.763,0.691,10,-5.492,1,0.0275,0.531,0.933,0.144,0.668
31,False,0.74,0.974,6,-4.829,1,0.0519,0.0427,1.63e-05,0.0375,0.978
39,False,0.581,0.337,0,-11.335,1,0.0283,0.866,0.000152,0.0839,0.385
0,False,0.386,0.936,8,-4.005,1,0.0701,0.0121,1.6e-05,0.266,0.418
18,False,0.651,0.852,1,-5.27,1,0.0461,0.00361,0.135,0.383,0.401
46,True,0.759,0.387,4,-12.112,0,0.134,0.122,0.0,0.111,0.0589
21,False,0.383,0.74,7,-7.62,1,0.0969,0.00105,0.169,0.457,0.037
0,False,0.667,0.799,11,-7.318,0,0.0812,0.0589,0.0119,0.362,0.288
0,False,0.546,0.402,6,-7.866,0,0.0466,0.843,0.884,0.158,0.829
43,False,0.906,0.376,2,-10.93,1,0.078,0.138,0.000315,0.102,0.762
12,False,0.523,0.964,11,-12.872,0,0.0566,0.487,0.475,0.142,0.107
50,False,0.71,0.845,11,-6.878,0,0.111,0.257,0.0,0.192,0.846
0,False,0.393,0.732,4,-8.188,0,0.0295,0.00471,0.123,0.0979,0.621
48,False,0.527,0.845,1,-3.721,0,0.121,0.0335,0.000127,0.144,0.554
56,False,0.613,0.428,1,-16.208,1,0.337,0.775,0.577,0.0932,0.219
48,False,0.496,0.789,1,-3.648,1,0.0839,0.183,0.0,0.34,0.286
39,False,0.583,0.905,2,-5.781,1,0.0352,0.000923,0.909,0.111,0.0346
59,False,0.819,0.61,6,-8.376,1,0.366,0.207,1.13e-05,0.353,0.306
28,False,0.387,0.475,2,-7.96,0,0.041,0.89,0.00485,0.168,0.642
37,False,0.633,0.522,7,-11.05,1,0.0324,0.00749,0.00102,0.138,0.595
4,False,0.74,0.361,10,-22.078,0,0.0687,0.185,0.308,0.0454,0.775
65,False,0.601,0.741,0,-5.981,1,0.127,0.0467,0.0,0.244,0.71
38,False,0.728,0.802,2,-7.717,1,0.043,0.256,0.00262,0.314,0.809
40,False,0.518,0.995,0,-3.412,1,0.0901,1.11e-05,0.00161,0.0931,0.342
1,False,0.674,0.952,9,-6.386,0,0.0515,0.0572,0.562,0.072,0.518
0,False,0.601,0.713,4,-3.758,0,0.0449,0.0282,0.0,0.158,0.464
82,False,0.749,0.491,10,-9.655,1,0.0403,0.02,0.00899,0.159,0.536
51,False,0.513,0.183,2,-10.249,1,0.0407,0.966,0.0,0.327,0.266
53,True,0.474,0.977,4,-4.204,0,0.129,0.00035,2.65e-06,0.401,0.174
54,False,0.685,0.731,5,-6.121,1,0.033,0.00217,0.0,0.372,0.171
7,False,0.46,0.287,5,-13.488,0,0.0541,0.822,0.0,0.0687,0.668
31,False,0.566,0.848,11,-3.15,1,0.0475,0.203,0.0,0.707,0.201
55,False,0.755,0.462,10,-13.017,0,0.0504,0.0715,0.91,0.109,0.68
10,True,0.755,0.496,6,-12.787,0,0.174,0.0502,0.0,0.0472,0.358
1,False,0.301,0.0951,1,-15.691,1,0.109,0.732,0.923,0.205,0.291
51,False,0.383,0.689,9,-8.44,1,0.0526,0.682,0.0,0.727,0.563
56,False,0.224,0.915,4,-3.299,0,0.0696,0.000313,0.000285,0.0916,0.381
22,False,0.343,0.981,6,-6.285,0,0.256,0.000767,0.0,0.0941,0.532
13,False,0.618,0.202,5,-12.405,1,0.0303,0.851,0.000117,0.114,0.501
41,False,0.608,0.762,9,-4.036,0,0.062,0.0629,0.00148,0.0986,0.621
21,False,0.306,0.133,11,-14.451,0,0.0652,0.899,1.79e-05,0.081,0.22
58,False,0.569,0.24,6,-13.111,1,0.0292,0.882,3.42e-06,0.0805,0.377
49,False,0.637,0.673,8,-6.966,0,0.0297,0.0164,2.35e-05,0.115,0.588
0,False,0.595,0.738,8,-3.109,1,0.041,0.107,0.0,0.0947,0.461
46,False,0.645,0.738,1,-3.26,1,0.0336,0.42,0.0,0.285,0.465
0,False,0.675,0.732,9,-4.5,1,0.0443,0.452,1.84e-05,0.201,0.83
22,False,0.752,0.451,5,-9.922,0,0.0544,0.368,0.396,0.124,0.886
61,False,0.649,0.69,8,-5.384,0,0.0296,0.0247,0.0,0.161,0.593
0,False,0.634,0.666,5,-5.489,1,0.029,0.139,0.0,0.216,0.625
47,False,0.58,0.496,6,-7.995,0,0.362,0.646,0.0,0.109,0.61
39,False,0.831,0.577,7,-6.774,1,0.364,0.258,0.0,0.354,0.245
57,False,0.177,0.215,3,-9.886,1,0.0335,0.807,0.000125,0.0921,0.0415
43,False,0.567,0.892,11,-5.249,1,0.158,0.711,0.0,0.779,0.785
22,False,0.452,0.00788,10,-27.234,1,0.0467,0.994,0.86,0.113,0.614
40,False,0.537,0.47,7,-14.577,1,0.113,0.611,0.0285,0.109,0.719
18,False,0.42,0.908,10,-7.367,0,0.0911,0.000216,0.656,0.127,0.26
25,False,0.283,0.317,2,-13.02,1,0.0299,0.523,1.13e-06,0.11,0.302
34,False,0.762,0.784,6,-6.426,0,0.0652,0.626,2.09e-06,0.412,0.927
60,False,0.558,0.579,7,-8.065,0,0.0272,0.00331,0.916,0.0935,0.487
67,False,0.424,0.443,6,-13.45,1,0.0382,0.532,0.000389,0.673,0.391
37,False,0.651,0.792,2,-6.717,1,0.0493,0.671,0.0,0.297,0.675
15,False,0.67,0.679,0,-5.989,0,0.267,0.0119,0.0538,0.0856,0.43
48,False,0.316,0.835,2,-6.67,1,0.321,0.0489,0.000774,0.287,0.415
58,False,0.629,0.937,1,-2.84,1,0.115,0.293,0.0,0.0744,0.946
48,False,0.52,0.571,5,-8.423,0,0.0333,0.692,2.01e-06,0.17,0.399
39,False,0.275,0.4,9,-9.558,0,0.0282,0.898,0.426,0.12,0.271
0,False,0.497,0.53,2,-5.853,1,0.0433,0.325,0.0,0.0921,0.231
56,False,0.649,0.845,7,-8.178,1,0.056,0.202,0.749,0.201,0.294
10,False,0.483,0.71,2,-5.105,0,0.0386,0.229,0.0,0.16,0.341
3,False,0.272,0.326,2,-15.958,0,0.0931,0.948,0.0,0.135,0.479
1,False,0.513,0.906,1,-3.673,1,0.0737,0.00272,8.42e-06,0.113,0.73
0,False,0.817,0.743,8,-6.656,0,0.0464,0.298,0.0,0.233,0.961
38,False,0.648,0.748,10,-7.49,1,0.0635,0.747,0.00138,0.261,0.95
57,False,0.801,0.643,5,-5.635,1,0.0355,0.824,5.09e-05,0.109,0.664
24,False,0.494,0.28,7,-16.924,0,0.0923,0.811,4e-05,0.621,0.553
0,False,0.55,0.893,5,-4.794,0,0.211,0.0273,0.495,0.237,0.316
0,False,0.448,0.13,0,-16.808,1,0.0318,0.399,1.05e-05,0.103,0.369
23,False,0.339,0.832,0,-4.857,1,0.159,0.000328,0.0056,0.585,0.235
17,False,0.652,0.767,0,-5.437,1,0.0509,0.00261,0.763,0.411,0.103
19,False,0.573,0.943,2,-3.236,1,0.0333,0.00146,1.38e-06,0.117,0.766
0,True,0.74,0.943,1,-2.272,1,0.115,0.00304,0.000403,0.0944,0.894
49,False,0.354,0.076,9,-22.115,0,0.0545,0.982,0.839,0.149,0.0984
47,False,0.716,0.591,2,-7.309,1,0.0514,0.219,1.41e-05,0.0672,0.984
17,False,0.248,0.845,4,-6.972,1,0.0783,6.72e-06,0.812,0.888,0.23
16,False,0.116,0.942,4,-2.944,0,0.201,0.000145,0.844,0.513,0.0374
0,False,0.579,0.502,8,-7.57,1,0.0513,0.733,0.0,0.281,0.836
0,False,0.579,0.502,8,-7.57,1,0.0513,0.733,0.0,0.281,0.836
64,False,0.534,0.159,7,-14.304,1,0.0288,0.917,0.0,0.109,0.184
0,False,0.789,0.976,1,-5.678,1,0.0732,0.00069,0.871,0.0954,0.148
58,False,0.493,0.947,0,-0.717,1,0.0701,0.111,0.0,0.345,0.656
52,False,0.26,0.546,5,-9.546,1,0.0351,0.241,0.0,0.833,0.248
44,True,0.83,0.397,2,-7.292,0,0.067,0.481,1.16e-05,0.0824,0.35
39,False,0.598,0.424,1,-12.406,1,0.0734,0.0199,0.816,0.0748,0.311
64,False,0.28,0.344,0,-12.577,1,0.0293,0.715,0.00642,0.133,0.232
18,False,0.605,0.798,1,-4.436,1,0.373,0.375,2.54e-05,0.0612,0.942
0,False,0.671,0.801,10,-3.366,1,0.0322,0.247,0.0,0.328,0.473
42,False,0.606,0.899,0,-6.827,1,0.266,0.00185,9.52e-06,0.732,0.689
0,False,0.487,0.964,9,-4.721,1,0.057,1.29e-05,0.00828,0.106,0.71
50,False,0.399,0.968,8,-5.42,1,0.106,0.00079,1.4e-05,0.215,0.176
76,False,0.602,0.642,2,-5.404,0,0.211,0.0131,5.33e-06,0.0668,0.54
66,False,0.638,0.324,0,-7.787,0,0.0321,0.923,3.35e-05,0.151,0.446
0,False,0.511,0.675,0,-6.718,0,0.146,0.199,0.0,0.35,0.442
67,False,0.725,0.706,5,-4.766,1,0.121,0.193,0.0,0.109,0.667
51,False,0.556,0.874,0,-2.651,1,0.0497,0.316,4.55e-06,0.753,0.48
22,False,0.261,0.151,0,-16.686,1,0.0379,0.78,0.883,0.122,0.252
0,False,0.366,0.289,0,-18.305,0,0.0443,0.937,0.822,0.317,0.402
32,True,0.638,0.757,8,-6.286,1,0.0386,0.00522,0.0,0.0794,0.311
13,False,0.667,0.415,1,-16.454,1,0.0415,0.00594,0.816,0.15,0.371
27,True,0.645,0.937,10,-4.281,1,0.923,0.784,0.0,0.744,0.294
33,True,0.433,0.959,6,-5.032,1,0.11,1.36e-06,0.949,0.0697,0.723
21,True,0.614,0.811,9,-6.182,1,0.776,0.621,0.0,0.779,0.759
0,True,0.799,0.696,1,-6.621,1,0.134,0.211,2.46e-06,0.133,0.414
29,False,0.678,0.687,5,-5.811,1,0.0341,0.219,0.000422,0.162,0.827
51,False,0.605,0.153,4,-14.901,0,0.0637,0.977,0.865,0.102,0.261
45,False,0.677,0.405,0,-11.368,1,0.0302,0.706,0.0,0.297,0.706
32,False,0.508,0.991,2,-2.929,1,0.0501,0.0168,0.00846,0.157,0.704
0,False,0.606,0.817,9,-5.112,0,0.0327,0.0279,8.79e-05,0.228,0.645
54,True,0.601,0.767,11,-6.374,0,0.0316,0.000231,0.953,0.388,0.486
50,False,0.136,0.957,7,-4.391,1,0.144,2.18e-06,0.0892,0.365,0.105
39,False,0.251,0.908,0,-3.739,0,0.0576,0.000172,0.0542,0.097,0.727
67,False,0.768,0.933,2,-2.95,0,0.0385,0.206,0.915,0.0833,0.245
26,False,0.489,0.27,9,-11.429,1,0.0361,0.923,0.693,0.0885,0.288
26,False,0.714,0.76,2,-5.897,1,0.0299,0.179,6.37e-06,0.127,0.793
0,False,0.759,0.868,10,-4.581,0,0.0455,0.0131,0.257,0.117,0.388
37,False,0.6,0.876,2,-6.934,0,0.0386,0.0143,0.000155,0.119,0.662
57,False,0.64,0.743,5,-6.612,1,0.0524,0.0616,2.01e-05,0.25,0.727
52,False,0.729,0.844,1,-9.153,1,0.043,0.115,0.936,0.0914,0.0688
43,False,0.572,0.675,0,-8.347,1,0.047,0.332,0.0,0.147,0.613
28,False,0.685,0.909,1,-6.021,0,0.0568,1.43e-05,0.0719,0.057,0.643
10,False,0.905,0.559,1,-6.787,1,0.077,0.037,0.0,0.247,0.286
0,False,0.596,0.315,8,-9.175,1,0.0428,0.961,0.0,0.258,0.64
44,False,0.76,0.944,5,-1.785,1,0.0429,0.142,0.0,0.327,0.905
16,False,0.458,0.824,7,-9.321,1,0.0473,0.0102,0.712,0.0656,0.187
51,False,0.612,0.511,3,-11.852,0,0.0283,0.384,0.121,0.42,0.333
30,False,0.606,0.73,4,-6.12,0,0.0329,0.36,0.000161,0.152,0.561
29,False,0.717,0.431,0,-7.643,0,0.032,0.798,0.000244,0.346,0.782
76,False,0.639,0.912,1,-2.621,1,0.0615,0.00107,0.0,0.097,0.343
0,False,0.669,0.934,5,-3.948,0,0.0653,0.073,0.0,0.123,0.175
20,False,0.306,0.205,5,-15.206,1,0.0486,0.933,6.39e-06,0.762,0.266
26,True,0.599,0.908,6,-5.069,0,0.112,0.0855,0.0,0.137,0.514
0,False,0.158,0.116,9,-18.078,1,0.0375,0.936,0.911,0.234,0.0364
12,False,0.846,0.744,10,-9.26,0,0.0611,0.00371,0.335,0.313,0.532
42,False,0.289,0.274,8,-9.79,1,0.0362,0.262,0.23,0.11,0.0405
21,False,0.877,0.517,7,-8.963,1,0.0715,0.2,0.269,0.12,0.581
20,False,0.734,0.919,7,-3.074,1,0.0873,0.439,0.0,0.911,0.691
4,False,0.363,0.783,10,-5.324,0,0.051,0.000173,0.000337,0.0764,0.173
48,False,0.456,0.438,4,-6.833,1,0.0404,0.882,0.0185,0.0974,0.604
16,False,0.653,0.811,11,-5.433,1,0.0319,0.000612,2.86e-05,0.135,0.659
22,False,0.496,0.895,3,-4.927,1,0.0405,0.0155,1.22e-05,0.369,0.43
0,False,0.626,0.769,11,-5.296,0,0.0325,0.00291,0.0,0.0598,0.237
37,False,0.365,0.912,11,-5.877,0,0.0442,7.24e-05,0.000634,0.707,0.701
19,False,0.245,0.257,6,-17.027,1,0.0407,0.994,0.867,0.0643,0.0379
44,False,0.724,0.734,5,-7.471,0,0.0314,0.213,0.794,0.0956,0.118
44,False,0.699,0.409,1,-11.486,0,0.0412,0.303,0.936,0.107,0.624
56,False,0.566,0.743,0,-5.377,1,0.0361,0.0265,0.0,0.329,0.649
9,False,0.602,0.25,0,-12.717,1,0.0422,0.964,0.89,0.175,0.362
43,False,0.614,0.875,1,-3.225,1,0.134,0.441,0.0,0.424,0.818
33,False,0.6,0.371,2,-13.054,1,0.0273,0.735,0.0,0.31,0.656
21,True,0.689,0.77,6,-3.187,0,0.335,0.0974,0.0,0.067,0.443
72,False,0.56,0.547,1,-6.456,1,0.0675,0.0806,0.0,0.11,0.199
63,False,0.644,0.616,1,-3.928,0,0.0391,0.0927,0.0,0.105,0.467
39,False,0.89,0.813,2,-4.458,1,0.0749,0.0745,0.0,0.124,0.839
25,False,0.572,0.928,11,-5.141,0,0.0651,0.000202,0.722,0.155,0.479
37,False,0.908,0.687,2,-11.564,1,0.132,0.58,0.0102,0.0993,0.271
0,False,0.596,0.315,8,-9.175,1,0.0428,0.961,0.0,0.258,0.64
19,True,0.582,0.544,8,-7.164,0,0.287,0.08,0.0,0.106,0.326
0,False,0.406,0.0151,5,-35.799,1,0.0651,0.996,0.917,0.0946,0.281
35,False,0.386,0.832,7,-3.778,0,0.0937,0.00145,3.33e-05,0.0839,0.709
24,True,0.59,0.769,3,-8.678,1,0.925,0.821,0.0,0.918,0.367
39,False,0.317,0.967,5,-2.808,1,0.0616,0.0349,7.68e-06,0.357,0.538
81,False,0.842,0.734,1,-5.065,0,0.0588,0.0427,0.0,0.106,0.952
46,False,0.709,0.779,8,-8.187,1,0.041,0.334,0.000266,0.387,0.611
0,False,0.176,0.994,1,-8.622,1,0.174,0.139,0.973,0.374,0.0158
68,False,0.411,0.675,5,-6.251,0,0.0591,0.063,0.0,0.092,0.545
12,False,0.679,0.393,10,-14.716,1,0.0387,0.675,0.0,0.17,0.962
50,False,0.638,0.489,11,-6.206,1,0.0278,0.582,0.0,0.0965,0.548
41,False,0.641,0.766,6,-7.417,0,0.0882,0.257,0.0,0.109,0.399
62,False,0.418,0.907,0,-3.675,1,0.0584,0.000101,0.000433,0.346,0.473
0,False,0.597,0.829,10,-7.463,1,0.0369,0.378,2.35e-05,0.0649,0.921
0,False,0.369,0.499,6,-9.301,1,0.0448,0.829,1.75e-06,0.154,0.69
10,False,0.8,0.598,10,-13.438,0,0.0519,0.000135,0.928,0.106,0.151
47,False,0.764,0.765,1,-9.795,0,0.0559,0.493,3.26e-06,0.0894,0.663
8,False,0.589,0.243,10,-16.728,1,0.0635,0.938,0.951,0.0875,0.672
0,False,0.778,0.66,6,-8.054,0,0.0482,0.125,0.0,0.0316,0.945
2,False,0.679,0.762,10,-4.253,0,0.0316,0.00469,0.23,0.0446,0.511
0,False,0.514,0.975,11,-4.433,0,0.0609,7.65e-05,0.561,0.457,0.309
42,True,0.616,0.706,11,-7.381,0,0.139,0.315,0.0,0.124,0.126
45,False,0.523,0.534,3,-6.339,1,0.0485,0.731,0.0,0.12,0.405
54,False,0.348,0.843,9,-6.963,1,0.08,0.116,0.0,0.105,0.306
25,False,0.549,0.558,0,-7.036,0,0.0676,0.472,0.0,0.111,0.395
26,False,0.465,0.402,9,-8.386,0,0.0287,0.173,5.38e-05,0.433,0.303
23,False,0.578,0.68,7,-10.253,1,0.0447,0.00172,0.0,0.0864,0.718
18,False,0.826,0.882,6,-5.422,1,0.0385,0.000211,0.64,0.16,0.194
55,False,0.704,0.467,9,-9.263,1,0.0342,0.559,0.00117,0.0947,0.29
24,False,0.685,0.951,9,-2.527,1,0.0407,0.0206,1.3e-06,0.167,0.842
60,False,0.792,0.703,0,-4.343,1,0.0368,0.195,0.0,0.072,0.634
0,False,0.211,0.975,7,1.7,0,0.107,0.155,0.000256,0.357,0.0503
48,False,0.574,0.911,11,-2.832,1,0.075,0.0541,3.34e-06,0.758,0.648
38,False,0.691,0.455,11,-10.348,1,0.0288,0.873,0.00283,0.139,0.378
21,False,0.639,0.73,1,-5.423,0,0.0494,0.000466,0.739,0.323,0.766
38,False,0.606,0.612,2,-8.003,1,0.024,0.526,1.14e-06,0.206,0.44
0,False,0.474,0.671,4,-4.649,1,0.0289,0.0129,0.0,0.159,0.0682
33,False,0.81,0.627,10,-10.415,0,0.213,0.1,0.0,0.0847,0.905
25,True,0.468,0.713,2,-5.586,0,0.0388,0.629,0.0,0.141,0.946
59,False,0.891,0.913,1,-4.453,1,0.149,0.394,0.000173,0.373,0.772
41,False,0.786,0.464,0,-12.036,1,0.0488,0.0994,0.0,0.0879,0.97
46,False,0.467,0.749,7,-6.086,1,0.0525,0.149,7.44e-06,0.0865,0.0975
19,False,0.737,0.0996,8,-17.843,1,0.0428,0.989,0.948,0.105,0.52
60,False,0.543,0.926,6,-6.759,0,0.0446,0.387,0.456,0.0667,0.604
36,False,0.749,0.932,7,-5.61,1,0.0815,0.241,0.0,0.318,0.897
48,False,0.602,0.423,10,-9.248,1,0.0348,0.752,0.0,0.275,0.45
55,False,0.764,0.398,5,-11.501,0,0.0457,0.303,0.00145,0.0986,0.507
9,False,0.141,0.327,6,-18.507,1,0.0609,0.801,0.976,0.176,0.0338
50,False,0.534,0.927,6,-3.854,0,0.119,0.00347,0.000123,0.114,0.231
56,False,0.64,0.772,11,-7.756,1,0.0447,0.253,0.00017,0.0566,0.401
30,True,0.559,0.879,11,-6.636,1,0.0322,0.00302,0.17,0.163,0.38
0,False,0.545,0.217,11,-14.524,0,0.0788,0.995,0.338,0.123,0.702
21,False,0.589,0.402,10,-7.754,1,0.0576,0.966,0.0,0.323,0.667
61,False,0.559,0.465,10,-6.219,1,0.0241,0.524,1.07e-06,0.12,0.324
47,False,0.658,0.493,9,-9.253,1,0.0267,0.374,0.0,0.287,0.557
51,False,0.413,0.969,11,-4.91,0,0.0822,0.000159,0.344,0.18,0.179
24,False,0.565,0.988,0,-2.89,1,0.0503,0.0379,0.0,0.0696,0.906
0,False,0.693,0.338,0,-6.372,1,0.0345,0.752,0.0,0.355,0.583
12,False,0.665,0.276,9,-10.901,1,0.0298,0.732,0.0,0.233,0.748
17,False,0.206,0.613,3,-7.119,1,0.0463,0.899,0.748,0.309,0.0781
45,False,0.543,0.638,7,-6.875,1,0.0258,0.103,0.000232,0.132,0.481
43,True,0.458,0.309,2,-13.958,0,0.0312,0.856,0.288,0.111,0.0987
12,False,0.266,0.881,1,-5.194,1,0.136,2.71e-06,0.879,0.282,0.403
48,False,0.699,0.434,7,-9.4,1,0.0325,0.555,3.48e-06,0.248,0.977
44,False,0.551,0.586,2,-6.706,1,0.0447,0.686,0.0,0.477,0.16
61,False,0.458,0.364,9,-13.126,1,0.0431,0.467,0.0,0.197,0.3
59,False,0.803,0.309,6,-8.325,1,0.0401,0.855,0.0,0.105,0.733
58,False,0.143,0.995,8,-5.698,1,0.185,0.000146,0.438,0.364,0.079
51,False,0.533,0.849,11,-7.148,1,0.036,0.0365,0.00232,0.379,0.281
11,False,0.727,0.21,8,-16.49,1,0.0448,0.888,0.844,0.11,0.0403
11,False,0.411,0.436,4,-9.699,1,0.043,0.737,0.0,0.175,0.856
35,False,0.573,0.652,0,-6.839,1,0.0331,0.00261,0.00304,0.139,0.624
0,False,0.631,0.929,7,-3.844,1,0.0315,0.00602,0.0,0.261,0.694
43,True,0.791,0.912,7,-2.801,1,0.122,0.813,0.0,0.265,0.634
55,False,0.494,0.185,2,-10.275,1,0.0305,0.829,0.0,0.113,0.272
34,True,0.565,0.936,1,-4.197,1,0.0295,1.31e-05,0.101,0.106,0.634
0,False,0.277,0.344,0,-11.713,1,0.0264,0.215,8.6e-06,0.185,0.241
51,False,0.306,0.995,2,-3.203,1,0.1,2.98e-05,0.00859,0.254,0.135
30,False,0.417,0.161,0,-15.638,1,0.0356,0.483,0.0,0.715,0.484
7,False,0.815,0.574,2,-10.93,1,0.233,0.000196,0.384,0.101,0.442
48,False,0.406,0.822,9,-4.172,1,0.0678,0.669,0.0,0.795,0.534
40,False,0.657,0.331,6,-11.849,0,0.0272,0.481,0.358,0.065,0.0581
55,False,0.573,0.559,0,-8.365,1,0.397,0.735,3.02e-06,0.125,0.62
24,False,0.497,0.801,0,-5.87,0,0.0446,0.0223,0.299,0.364,0.357
43,False,0.359,0.991,2,-3.688,1,0.121,0.000762,2.23e-05,0.0837,0.433
0,False,0.514,0.117,3,-17.88,1,0.099,0.995,0.000209,0.165,0.434
53,False,0.698,0.53,6,-7.877,0,0.086,0.16,0.0,0.1,0.311
37,False,0.676,0.801,0,-6.105,1,0.0565,0.0202,0.0,0.312,0.7
44,False,0.572,0.5,9,-8.48,1,0.029,0.315,3.57e-06,0.574,0.162
34,False,0.71,0.571,3,-5.935,0,0.0383,0.886,1.6e-05,0.187,0.688
62,False,0.558,0.733,8,-6.65,1,0.0693,0.0334,0.00193,0.193,0.173
0,False,0.301,0.263,9,-9.867,0,0.028,0.31,0.158,0.144,0.212
47,True,0.755,0.528,3,-5.919,0,0.51,0.318,0.0,0.193,0.434
0,False,0.896,0.859,11,-4.232,0,0.21,0.154,0.000109,0.212,0.938
57,False,0.623,0.638,2,-6.315,0,0.0592,0.322,0.0,0.321,0.659
21,False,0.489,0.105,7,-20.021,1,0.0442,0.699,0.728,0.0724,0.0806
1,False,0.336,0.315,2,-10.006,0,0.0312,0.875,4.08e-06,0.426,0.454
45,False,0.624,0.622,7,-5.78,1,0.03,0.804,0.0,0.155,0.457
41,False,0.405,0.733,2,-4.017,1,0.0876,0.593,0.0,0.383,0.468
37,False,0.468,0.894,2,-5.575,1,0.0605,0.0107,0.0,0.127,0.696
58,True,0.67,0.517,1,-6.707,0,0.165,0.0225,0.0,0.148,0.671
66,False,0.567,0.468,7,-9.63,0,0.107,0.721,7.05e-06,0.13,0.238
23,True,0.571,0.906,6,-5.406,1,0.949,0.774,0.0,0.721,0.433
55,False,0.421,0.89,3,-7.077,1,0.0742,0.000527,0.434,0.2,0.131
26,True,0.756,0.501,8,-10.459,0,0.492,0.00277,0.0,0.263,0.925
24,False,0.576,0.828,5,-5.33,1,0.0303,0.0168,0.0,0.0764,0.593
44,False,0.73,0.396,0,-7.382,1,0.0277,0.657,0.000447,0.297,0.681
39,False,0.765,0.501,8,-6.049,1,0.156,0.82,0.0,0.246,0.746
72,True,0.548,0.855,3,-3.266,1,0.151,0.0149,0.0,0.127,0.644
1,False,0.54,0.926,1,-6.205,1,0.162,0.0191,0.0,0.651,0.686
23,False,0.708,0.816,5,-6.606,0,0.0364,0.415,0.0379,0.131,0.486
12,False,0.851,0.329,4,-9.178,0,0.0674,0.826,0.0,0.137,0.712
47,False,0.576,0.505,11,-13.07,0,0.0392,0.753,0.199,0.151,0.57
33,False,0.586,0.526,6,-7.197,0,0.0388,0.858,0.000968,0.0879,0.207
20,False,0.427,0.412,2,-9.747,1,0.0636,0.946,0.000235,0.2,0.623
56,False,0.437,0.945,4,-5.163,1,0.0741,0.00015,0.292,0.0906,0.22
59,False,0.634,0.871,11,-6.392,0,0.0338,0.0296,0.00373,0.175,0.648
10,False,0.39,0.212,7,-16.871,1,0.0284,0.846,0.000104,0.127,0.471
0,False,0.429,0.464,9,-11.558,1,0.0314,0.577,0.0455,0.369,0.503
0,False,0.57,0.409,5,-7.555,0,0.0331,0.345,0.000188,0.219,0.304
0,False,0.633,0.442,7,-8.463,1,0.0296,0.036,7.57e-06,0.0672,0.241
46,False,0.761,0.758,11,-5.95,0,0.0462,0.585,0.0,0.0536,0.907
16,False,0.479,0.108,1,-17.395,0,0.104,0.991,0.00015,0.693,0.446
31,False,0.715,0.471,4,-15.282,0,0.0587,0.35,0.0062,0.103,0.966
73,False,0.668,0.816,4,-5.648,0,0.0367,0.0557,1.02e-06,0.197,0.5
51,False,0.736,0.719,8,-3.839,1,0.0357,0.256,0.0,0.0909,0.656
31,False,0.483,0.97,0,-3.748,0,0.147,0.00091,0.0,0.192,0.636
0,False,0.531,0.977,9,-3.097,1,0.269,0.178,0.0,0.134,0.806
5,False,0.755,0.739,9,-11.489,0,0.0503,0.211,0.348,0.179,0.695
60,False,0.389,0.505,6,-7.777,0,0.037,0.538,0.00403,0.216,0.244
7,False,0.511,0.143,7,-22.016,1,0.0377,0.985,0.814,0.111,0.396
0,False,0.426,0.473,5,-7.924,1,0.0335,0.353,0.0,0.0234,0.937
41,False,0.661,0.611,4,-7.852,0,0.0465,0.269,1.02e-05,0.161,0.313
21,False,0.476,0.435,9,-12.264,0,0.0287,0.826,0.923,0.0847,0.537
0,False,0.794,0.925,11,-3.776,1,0.0625,0.0118,0.32,0.197,0.924
43,False,0.65,0.883,0,-4.711,0,0.0712,0.0714,0.835,0.079,0.891
36,False,0.486,0.95,6,-2.726,1,0.101,0.153,0.0,0.3,0.638
57,False,0.731,0.386,0,-12.331,1,0.0444,0.838,0.0,0.195,0.962
21,False,0.723,0.891,7,-4.953,0,0.108,0.132,0.0,0.0832,0.743
66,True,0.485,0.332,4,-9.244,1,0.0338,0.784,0.000122,0.146,0.273
27,False,0.63,0.643,0,-5.552,1,0.0318,0.542,2.6e-05,0.129,0.743
37,False,0.381,0.773,7,-6.647,0,0.131,0.302,0.0,0.848,0.67
0,False,0.532,0.96,5,-4.765,1,0.127,0.00955,0.00998,0.105,0.236
44,False,0.485,0.271,9,-18.108,1,0.0683,0.679,0.000302,0.126,0.155
15,False,0.173,0.147,9,-21.776,0,0.0438,0.397,0.902,0.824,0.029
21,False,0.618,0.491,8,-9.164,1,0.0893,0.41,0.000399,0.104,0.659
51,False,0.407,0.508,9,-9.213,0,0.0324,0.478,1.41e-06,0.18,0.459
41,False,0.683,0.531,6,-11.606,0,0.116,0.592,6.15e-06,0.0589,0.805
56,False,0.603,0.481,0,-6.689,1,0.0345,0.173,0.0,0.329,0.698
65,False,0.441,0.465,3,-8.389,1,0.0291,0.343,0.884,0.0982,0.173
55,False,0.667,0.783,0,-5.885,1,0.0361,0.0606,1.17e-06,0.0418,0.564
65,False,0.875,0.539,3,-8.364,0,0.0367,0.0586,0.0047,0.116,0.305
40,False,0.685,0.969,2,-4.426,1,0.106,0.00177,0.294,0.0385,0.286
46,False,0.549,0.432,1,-9.741,0,0.0295,0.655,0.227,0.0907,0.229
11,False,0.777,0.547,11,-11.853,0,0.0509,0.000795,0.935,0.052,0.174
0,False,0.671,0.886,5,-4.79,1,0.0407,0.452,0.0,0.154,0.886
58,False,0.497,0.348,9,-10.593,1,0.0285,0.879,0.796,0.722,0.227
63,False,0.631,0.387,5,-11.529,1,0.0262,0.742,0.000406,0.0822,0.832
1,False,0.516,0.775,6,-6.409,1,0.0412,0.396,0.00129,0.21,0.858
20,False,0.0678,0.0831,6,-18.219,0,0.0436,0.985,0.89,0.0772,0.0394
0,False,0.351,0.827,6,-5.351,1,0.0412,0.000222,0.000118,0.0755,0.145
77,False,0.749,0.497,10,-12.609,0,0.105,0.41,0.0499,0.0504,0.585
31,False,0.607,0.518,5,-7.202,0,0.246,0.335,0.0,0.194,0.608
69,False,0.506,0.693,0,-7.265,0,0.0412,0.584,9.58e-05,0.0891,0.221
54,False,0.668,0.652,5,-5.89,0,0.04,0.0463,0.000396,0.141,0.712
24,True,0.713,0.494,9,-12.139,1,0.0373,0.329,0.00563,0.0985,0.462
30,False,0.647,0.744,0,-9.767,0,0.0415,0.595,0.0658,0.109,0.962
56,False,0.465,0.7,1,-4.888,1,0.0378,0.0214,0.0,0.112,0.235
0,False,0.625,0.0717,9,-15.101,1,0.0571,0.932,0.0,0.125,0.406
20,False,0.328,0.962,8,-5.435,0,0.237,0.00245,0.000152,0.177,0.13
21,False,0.712,0.0754,9,-22.393,1,0.054,0.937,0.73,0.112,0.349
43,False,0.539,0.851,6,-5.828,0,0.269,0.0222,0.349,0.428,0.565
40,False,0.604,0.907,7,-3.473,0,0.0319,0.00895,0.0,0.153,0.764
3,False,0.851,0.818,4,-4.637,1,0.0789,0.112,2.94e-06,0.0945,0.808
16,False,0.782,0.82,8,-8.402,1,0.0523,0.00036,0.717,0.119,0.306
58,False,0.73,0.705,5,-4.358,0,0.0328,0.286,0.0,0.113,0.655
35,False,0.51,0.564,0,-7.443,1,0.0284,0.1,0.0,0.318,0.328
70,False,0.786,0.727,9,-5.028,0,0.051,0.0818,0.0,0.0824,0.697
26,False,0.61,0.588,2,-8.9,1,0.0295,0.26,0.00118,0.23,0.0787
1,False,0.497,0.983,5,-5.19,0,0.109,8.3e-05,0.0145,0.119,0.0693
0,False,0.76,0.553,9,-8.097,1,0.0354,0.0255,0.000295,0.0782,0.787
61,True,0.766,0.793,4,-6.638,0,0.166,0.0303,8.09e-06,0.173,0.652
10,False,0.658,0.469,9,-14.909,1,0.0351,0.759,4.56e-06,0.148,0.969
54,False,0.198,0.0313,3,-26.69,1,0.0419,0.901,0.866,0.0924,0.189
87,False,0.912,0.774,0,-4.673,0,0.0455,0.121,0.0127,0.101,0.632
29,False,0.654,0.551,5,-10.2,1,0.0325,0.579,0.0,0.812,0.965
33,False,0.558,0.218,11,-9.23,1,0.0377,0.932,0.00477,0.102,0.302
48,False,0.345,0.976,8,-4.74,1,0.0487,0.000587,0.0507,0.487,0.818
16,False,0.458,0.4,6,-11.113,1,0.0334,0.755,0.0,0.156,0.505
28,False,0.656,0.775,10,-7.373,1,0.054,0.283,0.000744,0.0967,0.882
0,False,0.857,0.782,1,-5.633,1,0.0657,0.139,0.0357,0.0495,0.899
13,True,0.244,0.987,9,-2.335,1,0.172,0.0929,0.00526,0.408,0.0368
0,False,0.714,0.734,4,-7.125,0,0.0306,0.176,0.000618,0.115,0.68
46,False,0.603,0.756,5,-6.467,1,0.105,0.111,0.0,0.383,0.908
49,True,0.878,0.715,10,-2.069,0,0.0342,0.157,0.0,0.103,0.835
39,True,0.653,0.592,5,-8.515,0,0.545,0.31,0.0,0.151,0.57
0,False,0.535,0.661,9,-7.139,1,0.0304,0.46,0.0,0.142,0.596
17,False,0.265,0.932,5,-2.794,1,0.123,0.0302,0.434,0.112,0.175
51,False,0.539,0.353,3,-10.191,1,0.0464,0.571,0.626,0.0877,0.321
33,True,0.553,0.773,6,-11.262,0,0.94,0.863,0.0,0.755,0.364
15,False,0.518,0.891,1,-4.105,1,0.0608,0.00153,0.735,0.223,0.14
44,False,0.422,0.478,0,-12.796,1,0.229,0.626,2.61e-06,0.133,0.663
25,False,0.541,0.987,3,-0.918,1,0.0396,0.506,0.837,0.418,0.759
0,True,0.238,0.777,1,-5.98,1,0.151,0.0106,0.73,0.254,0.156
7,False,0.497,0.609,7,-8.684,0,0.06,0.149,0.0128,0.205,0.731
59,False,0.487,0.99,0,-2.282,1,0.094,0.000595,0.843,0.331,0.161
16,False,0.407,0.82,7,-9.037,1,0.0354,5.03e-05,0.925,0.0979,0.0348
56,False,0.542,0.659,8,-7.289,1,0.0389,0.00279,0.0,0.105,0.109
55,False,0.679,0.541,7,-5.132,1,0.0332,0.662,0.0,0.338,0.28
40,False,0.658,0.787,5,-8.825,0,0.408,0.683,0.0,0.379,0.9
84,False,0.372,0.537,9,-7.623,1,0.0305,0.937,0.873,0.287,0.228
34,False,0.783,0.743,2,-10.283,1,0.0471,0.000174,0.922,0.0763,0.1
62,True,0.341,0.661,10,-4.251,1,0.0335,0.00422,0.0,0.103,0.675
80,False,0.545,0.865,11,-5.708,0,0.0286,0.00664,1.1e-05,0.168,0.543
44,False,0.409,0.774,7,-4.716,0,0.122,0.606,1.63e-06,0.0821,0.734
47,False,0.633,0.696,7,-6.626,1,0.0296,0.0914,4.08e-05,0.266,0.714
17,False,0.477,0.7,2,-9.668,1,0.0412,1.73e-05,0.915,0.114,0.0395
14,False,0.801,0.677,10,-9.275,0,0.0799,0.0255,0.831,0.0629,0.538
28,False,0.383,0.251,1,-13.056,1,0.0442,0.826,0.0,0.115,0.14
23,False,0.355,0.94,10,-7.446,1,0.0781,1.83e-06,0.818,0.214,0.126
47,False,0.657,0.779,8,-10.357,1,0.0325,0.0914,0.882,0.142,0.569
0,False,0.449,0.886,8,-2.501,1,0.0624,0.00248,7.48e-05,0.0743,0.61
22,False,0.357,0.273,0,-16.756,1,0.0426,0.945,0.758,0.25,0.196
56,False,0.493,0.837,8,-5.405,1,0.0411,8.86e-05,4.58e-06,0.124,0.342
1,True,0.83,0.739,7,-5.395,0,0.0627,0.136,2.11e-06,0.162,0.631
37,True,0.693,0.514,7,-8.533,1,0.0836,0.357,0.0,0.109,0.228
21,False,0.321,0.0386,11,-24.641,0,0.0366,0.958,0.961,0.297,0.0917
53,False,0.533,0.678,1,-5.244,1,0.0256,0.663,0.0,0.145,0.683
47,True,0.708,0.475,1,-6.402,0,0.0403,0.229,1.17e-05,0.0465,0.162
20,False,0.556,0.319,2,-12.601,1,0.047,0.699,0.000155,0.198,0.446
22,False,0.362,0.493,10,-11.106,0,0.0881,0.485,1.84e-05,0.198,0.359
83,False,0.543,0.87,9,-6.514,1,0.0428,0.358,0.000939,0.792,0.754
20,False,0.337,0.323,7,-12.477,0,0.0318,0.909,0.765,0.166,0.157
29,False,0.591,0.784,10,-13.84,0,0.0521,0.0303,0.917,0.11,0.688
24,False,0.342,0.0338,3,-26.714,1,0.042,0.85,1.39e-06,0.158,0.428
31,False,0.684,0.181,1,-13.823,1,0.0346,0.852,1.12e-06,0.0985,0.325
80,False,0.393,0.858,4,-2.868,0,0.0729,0.00359,0.0,0.102,0.56
12,False,0.796,0.65,5,-11.458,0,0.348,0.0556,0.824,0.1,0.508
26,False,0.693,0.11,11,-12.204,0,0.137,0.948,0.944,0.108,0.441
0,False,0.501,0.795,4,-7.147,0,0.0298,0.00279,0.00028,0.105,0.544
13,False,0.131,0.981,6,-6.633,1,0.173,2.18e-06,0.734,0.201,0.0396
26,True,0.454,0.948,0,-4.149,1,0.08,0.00633,0.00181,0.188,0.302
23,False,0.283,0.842,5,-2.575,1,0.0465,0.0136,0.0,0.0588,0.0781
46,False,0.482,0.662,3,-6.08,0,0.0521,0.279,0.0,0.121,0.182
53,False,0.411,0.191,7,-10.178,1,0.0308,0.916,0.0,0.1,0.155
28,False,0.502,0.454,9,-6.811,1,0.0303,0.45,4.08e-05,0.142,0.464
0,False,0.477,0.459,5,-10.214,1,0.0261,0.715,0.000742,0.228,0.326
28,True,0.635,0.879,1,-5.102,1,0.0337,0.000188,0.00019,0.303,0.618
22,False,0.626,0.396,2,-9.019,1,0.0292,0.576,9.02e-05,0.059,0.304
47,False,0.643,0.34,2,-13.689,1,0.118,0.943,0.911,0.665,0.217
26,False,0.159,0.241,5,-23.687,1,0.049,0.973,0.925,0.809,0.146
20,False,0.451,0.938,10,-4.277,1,0.0636,0.000103,0.0109,0.316,0.861
47,False,0.494,0.789,6,-3.844,0,0.053,0.401,0.0527,0.0661,0.151
36,False,0.688,0.536,5,-12.154,1,0.0626,0.246,0.0,0.281,0.929
74,False,0.638,0.717,2,-4.722,1,0.0337,0.346,0.0,0.105,0.249
0,False,0.687,0.792,5,-2.749,1,0.0452,0.191,0.0,0.167,0.671
22,False,0.438,0.584,7,-12.989,1,0.0323,0.786,0.962,0.116,0.827
0,False,0.653,0.569,1,-5.018,0,0.0349,0.716,7.4e-06,0.135,0.44
20,False,0.641,0.699,0,-8.488,1,0.0292,0.568,0.000371,0.0944,0.934
58,False,0.435,0.828,0,-8.764,1,0.101,0.31,4.07e-05,0.667,0.743
56,False,0.511,0.367,3,-10.891,1,0.0319,0.642,0.0122,0.186,0.323
21,False,0.585,0.186,4,-15.896,0,0.0279,0.882,0.908,0.173,0.317
23,False,0.38,0.468,1,-4.245,1,0.0318,0.243,0.0,0.0973,0.303
43,False,0.579,0.999,11,-0.784,1,0.129,0.018,0.521,0.319,0.427
62,False,0.874,0.412,0,-5.746,0,0.0313,0.035,0.00684,0.102,0.56
61,False,0.481,0.795,8,-5.097,1,0.0408,0.0782,0.0,0.1,0.332
4,False,0.798,0.62,8,-7.079,0,0.232,0.414,0.0192,0.112,0.235
31,False,0.637,0.89,2,-2.738,1,0.034,0.0103,0.0,0.302,0.962
66,False,0.48,0.588,2,-10.773,1,0.0339,0.00213,0.712,0.319,0.305
3,False,0.664,0.659,10,-4.232,0,0.0873,0.0625,0.00024,0.0874,0.797
70,False,0.376,0.95,9,-4.067,1,0.0641,0.00021,0.0,0.0377,0.438
1,False,0.694,0.769,6,-4.665,1,0.0325,0.163,0.0,0.0976,0.663
0,False,0.638,0.0767,10,-13.98,1,0.0588,0.937,0.0,0.121,0.599
63,False,0.712,0.776,5,-7.424,0,0.213,0.541,2.17e-06,0.0896,0.96
50,False,0.67,0.708,6,-7.064,0,0.0613,0.0764,0.0,0.0565,0.246
36,False,0.486,0.941,7,-2.875,0,0.156,0.00504,0.0,0.811,0.645
36,False,0.0,0.657,3,-8.158,1,0.0,0.974,0.999,0.983,0.0
12,False,0.859,0.847,0,-3.026,1,0.338,0.104,0.0,0.118,0.594
23,False,0.343,0.716,6,-4.668,1,0.0455,0.0785,0.000314,0.274,0.226
68,False,0.359,0.972,7,-3.452,1,0.109,0.136,2.52e-06,0.14,0.595
63,False,0.757,0.525,5,-9.651,1,0.0428,0.519,0.0,0.11,0.97
62,False,0.525,0.85,9,-5.469,0,0.0678,0.0571,0.0,0.0555,0.275
32,False,0.537,0.163,0,-17.023,1,0.0511,0.981,0.888,0.111,0.0759
22,False,0.598,0.936,6,-3.423,0,0.0482,0.00866,1.82e-06,0.0368,0.722
17,False,0.275,0.991,8,-6.925,1,0.0841,1.13e-06,0.941,0.128,0.0618
19,False,0.914,0.775,11,-4.75,0,0.201,0.0532,0.0,0.0327,0.544
11,False,0.223,0.93,8,-3.491,1,0.125,0.000177,0.749,0.308,0.37
0,False,0.401,0.368,7,-10.511,1,0.0452,0.822,0.0,0.0674,0.681
26,False,0.75,0.48,1,-8.512,1,0.132,0.0272,1.64e-05,0.145,0.171
59,False,0.699,0.77,5,-7.658,0,0.036,0.0181,0.000138,0.0644,0.589
23,False,0.614,0.658,8,-13.187,1,0.0333,0.00933,0.711,0.104,0.25
67,False,0.612,0.78,1,-5.123,0,0.0814,0.0781,0.0,0.0593,0.554
66,False,0.454,0.65,4,-10.191,0,0.0437,0.407,0.0488,0.589,0.72
20,False,0.173,0.369,10,-13.554,1,0.0462,0.611,0.0215,0.141,0.0768
51,False,0.539,0.762,9,-6.525,0,0.0288,0.000867,0.455,0.133,0.682
5,False,0.804,0.647,4,-11.555,0,0.0705,0.00447,0.408,0.0733,0.399
68,False,0.217,0.92,8,-4.479,1,0.0628,2.86e-05,0.0,0.102,0.376
14,False,0.524,0.53,7,-7.287,1,0.0279,0.481,7.26e-06,0.317,0.796
21,False,0.699,0.986,8,-2.316,1,0.22,0.389,0.00208,0.0821,0.167
54,False,0.721,0.683,11,-6.577,0,0.0252,0.238,8.08e-06,0.092,0.901
51,False,0.407,0.254,5,-21.673,1,0.0583,0.992,0.933,0.0889,0.257
46,False,0.67,0.822,7,-6.227,1,0.0379,0.00201,1.15e-06,0.0915,0.348
8,False,0.604,0.95,11,-7.591,0,0.102,9.78e-05,0.89,0.103,0.182
0,False,0.342,0.979,11,-4.377,0,0.149,4.06e-06,0.911,0.171,0.241
32,False,0.488,0.675,4,-6.098,1,0.0266,0.116,0.000279,0.209,0.558
57,False,0.8,0.209,4,-12.652,1,0.0408,0.865,4.11e-05,0.252,0.74
1,False,0.876,0.673,8,-7.15,1,0.139,0.0524,0.00571,0.0813,0.462
15,False,0.786,0.646,7,-7.074,1,0.0557,0.000355,0.646,0.108,0.42
41,False,0.752,0.786,5,-7.913,0,0.045,0.189,0.0,0.157,0.555
35,True,0.232,0.966,9,-6.071,1,0.11,3.17e-05,0.00231,0.182,0.209
37,False,0.347,0.821,7,-4.925,1,0.0411,0.00344,0.0,0.391,0.257
20,False,0.233,0.949,6,-7.402,0,0.0701,9.83e-06,0.632,0.0732,0.535
0,False,0.503,0.582,0,-4.324,1,0.0253,0.472,0.0,0.103,0.326
22,False,0.288,0.726,2,-6.752,1,0.0333,0.00056,0.848,0.359,0.603
40,False,0.538,0.977,10,-5.511,0,0.138,0.00088,0.0792,0.112,0.0704
39,False,0.47,0.747,4,-6.162,0,0.0509,0.124,0.0,0.0826,0.187
0,False,0.747,0.537,4,-8.2,0,0.0423,0.583,2.04e-05,0.217,0.869
21,False,0.473,0.961,5,-4.265,1,0.0877,3.29e-05,0.0,0.463,0.483
45,False,0.401,0.452,2,-9.352,0,0.037,0.86,0.713,0.112,0.0431
43,False,0.702,0.69,10,-5.98,1,0.0373,0.447,0.0,0.131,0.764
31,False,0.486,0.391,0,-10.397,1,0.0408,0.927,0.000874,0.149,0.879
12,False,0.853,0.403,9,-10.004,0,0.0515,0.0801,0.424,0.0421,0.377
68,False,0.487,0.898,5,-4.436,1,0.038,0.00305,0.0,0.26,0.597
0,False,0.862,0.506,10,-8.651,0,0.267,0.0542,2.96e-05,0.117,0.512
0,False,0.339,0.67,5,-4.587,1,0.0405,0.511,0.0,0.208,0.494
62,True,0.756,0.589,0,-5.093,1,0.232,0.0812,0.0,0.176,0.811
62,False,0.419,0.0126,2,-30.76,1,0.038,0.992,0.936,0.0935,0.157
50,False,0.314,0.0352,7,-24.861,1,0.0352,0.99,0.854,0.0878,0.0757
75,False,0.713,0.452,1,-9.638,1,0.0295,0.841,0.0038,0.105,0.235
19,False,0.559,0.392,5,-12.873,1,0.027,0.573,0.0808,0.17,0.273
0,False,0.877,0.661,11,-6.254,0,0.0998,0.274,0.0,0.0854,0.434
57,False,0.548,0.596,2,-8.58,1,0.0343,0.773,2.39e-06,0.318,0.632
32,False,0.752,0.805,0,-5.825,1,0.035,0.212,0.0,0.193,0.838
31,False,0.556,0.571,2,-5.564,0,0.0309,0.107,0.0,0.115,0.0769
22,False,0.544,0.917,9,-4.439,1,0.065,4.07e-05,7.36e-05,0.247,0.468
17,False,0.783,0.487,8,-7.685,1,0.057,0.916,0.52,0.189,0.863
31,False,0.588,0.566,7,-8.671,1,0.355,0.255,0.0,0.276,0.719
0,False,0.831,0.471,5,-15.746,1,0.0519,0.343,0.768,0.0527,0.727
33,False,0.311,0.665,1,-3.044,1,0.0363,0.0293,0.0,0.0576,0.492
61,False,0.447,0.993,7,-3.022,1,0.111,1.56e-05,0.027,0.474,0.108
20,False,0.823,0.782,9,-4.546,0,0.198,0.391,0.0,0.138,0.939
65,False,0.357,0.549,11,-7.843,0,0.0698,0.000798,0.00485,0.22,0.531
8,False,0.97,0.92,10,-6.413,0,0.139,0.0067,0.0,0.0309,0.78
27,False,0.6,0.799,2,-3.51,1,0.0332,0.000252,0.0121,0.0932,0.647
16,False,0.641,0.473,11,-5.346,1,0.0677,0.0557,0.906,0.153,0.281
45,False,0.725,0.703,5,-4.948,1,0.0741,0.433,0.0,0.0632,0.561
1,True,0.71,0.522,11,-9.102,1,0.36,0.615,0.0,0.11,0.37
38,False,0.511,0.723,2,-4.243,1,0.0481,0.325,0.0,0.719,0.551
0,False,0.881,0.592,2,-4.898,1,0.0324,0.619,1.32e-05,0.0901,0.719
33,False,0.53,0.873,2,-4.789,0,0.0325,0.0083,0.0,0.224,0.706
49,False,0.583,0.946,2,-4.034,1,0.114,0.00328,0.39,0.148,0.262
19,False,0.775,0.974,0,-6.209,1,0.121,0.252,0.0896,0.568,0.34
39,False,0.79,0.814,9,-6.358,0,0.0268,0.243,0.0102,0.528,0.914
32,False,0.388,0.481,7,-6.353,1,0.0283,0.651,0.0,0.118,0.318
22,False,0.306,0.755,9,-6.832,1,0.0685,0.0104,0.0,0.0956,0.656
55,False,0.604,0.767,5,-5.235,1,0.0567,0.0724,0.0,0.315,0.662
25,False,0.344,0.146,9,-13.114,1,0.0335,0.971,0.127,0.118,0.435
51,False,0.385,0.257,8,-11.282,0,0.0315,0.892,3.35e-06,0.117,0.617
55,False,0.688,0.547,2,-8.754,1,0.0578,0.678,9.3e-05,0.111,0.0528
22,False,0.346,0.333,3,-13.772,1,0.0378,0.904,0.856,0.168,0.303
23,False,0.421,0.939,5,-3.896,0,0.053,0.000913,0.000746,0.29,0.669
22,True,0.532,0.674,11,-8.183,1,0.946,0.848,0.0,0.859,0.604
48,False,0.765,0.702,7,-7.879,0,0.0486,0.121,0.906,0.666,0.239
22,False,0.442,0.96,4,-2.885,1,0.103,3.37e-05,0.0252,0.207,0.161
24,False,0.403,0.727,6,-7.943,0,0.0372,0.000337,0.00218,0.199,0.141
43,False,0.207,0.127,1,-21.067,1,0.0385,0.754,0.943,0.128,0.0386
0,False,0.291,0.286,2,-9.854,1,0.0276,0.581,0.0,0.0876,0.081
47,False,0.759,0.17,4,-16.399,1,0.05,0.936,0.264,0.108,0.536
17,False,0.334,0.879,6,-5.614,1,0.124,3.14e-05,0.118,0.265,0.424
44,False,0.483,0.912,7,-7.164,0,0.0968,0.474,0.0,0.823,0.526
37,False,0.479,0.541,2,-12.393,1,0.0412,0.00824,0.00012,0.107,0.464
43,False,0.702,0.874,0,-5.881,0,0.0909,0.309,0.0,0.059,0.825
0,False,0.847,0.69,1,-7.877,0,0.0493,0.0127,6e-05,0.0526,0.692
53,False,0.225,0.0368,9,-23.039,0,0.0381,0.977,0.956,0.107,0.0388
3,True,0.652,0.577,7,-5.273,0,0.0373,0.00947,4.02e-05,0.0905,0.123
0,True,0.329,0.841,4,-4.82,0,0.0557,0.0374,0.00405,0.311,0.155
9,False,0.421,0.457,1,-12.745,1,0.115,0.0372,0.897,0.0562,0.516
0,True,0.905,0.563,8,-6.135,1,0.102,0.0254,9.71e-06,0.113,0.324
46,False,0.493,0.834,9,-6.97,1,0.0534,0.61,0.0,0.975,0.495
41,False,0.637,0.439,0,-15.998,1,0.0262,0.178,3.98e-05,0.0738,0.754
58,False,0.511,0.114,0,-16.031,1,0.0362,0.969,0.00038,0.0887,0.508
75,False,0.742,0.546,1,-7.694,1,0.0315,0.172,0.38,0.115,0.868
0,False,0.559,0.806,0,-2.461,1,0.05,0.0251,0.0,0.0433,0.633
46,False,0.706,0.772,10,-6.347,0,0.0288,0.214,0.0,0.723,0.735
31,False,0.583,0.229,9,-12.061,0,0.0658,0.882,0.00108,0.0837,0.302
67,True,0.717,0.712,0,-6.098,1,0.0765,0.00663,0.0,0.0756,0.825
8,False,0.538,0.866,4,-3.674,0,0.0827,0.000866,0.013,0.357,0.0355
19,False,0.371,0.938,7,-3.699,1,0.104,0.0184,0.0,0.307,0.448
56,False,0.868,0.656,7,-6.579,1,0.0351,0.0879,0.00316,0.14,0.793
48,False,0.565,0.892,3,-5.221,0,0.0672,0.144,0.801,0.0385,0.0764
25,False,0.235,0.53,7,-9.969,1,0.0353,0.00562,0.524,0.113,0.0634
40,False,0.525,0.721,6,-2.376,1,0.0413,0.743,0.0,0.078,0.342
0,False,0.598,0.833,2,-3.716,0,0.048,0.0196,0.0,0.292,0.406
1,False,0.904,0.817,8,-3.956,1,0.0871,0.0254,0.000141,0.232,0.753
52,False,0.808,0.66,5,-5.449,1,0.032,0.733,0.0,0.56,0.84
0,False,0.519,0.301,11,-10.756,0,0.047,0.968,0.000401,0.0625,0.187
33,False,0.729,0.65,1,-5.107,0,0.0928,0.0437,0.0,0.035,0.976
31,False,0.523,0.554,0,-8.572,1,0.0307,0.2,0.0,0.704,0.791
31,False,0.635,0.875,11,-6.818,0,0.0723,0.0247,0.00836,0.0794,0.541
49,False,0.743,0.6,7,-7.466,0,0.0998,0.126,0.0,0.107,0.601
66,False,0.372,0.426,11,-8.421,1,0.0339,0.687,0.00784,0.109,0.287
75,False,0.816,0.8,10,-5.705,0,0.0733,0.0283,6.03e-05,0.129,0.534
35,False,0.348,0.933,0,-4.959,1,0.0378,0.000469,0.0537,0.746,0.647
0,False,0.787,0.872,9,-2.117,1,0.143,0.0067,0.000193,0.136,0.696
52,False,0.717,0.57,0,-5.628,0,0.133,0.312,0.0,0.163,0.298
7,False,0.205,0.209,0,-16.351,1,0.037,0.848,0.479,0.132,0.117
43,False,0.564,0.944,9,-2.643,0,0.155,0.532,0.000101,0.0685,0.965
22,False,0.35,0.262,0,-14.021,0,0.0394,0.927,0.313,0.361,0.707
53,False,0.659,0.658,2,-3.928,1,0.0256,0.162,0.0,0.0467,0.538
0,False,0.689,0.705,0,-3.224,0,0.102,0.256,1.06e-06,0.108,0.456
37,False,0.77,0.851,11,-5.154,0,0.0607,0.0608,0.0348,0.069,0.748
1,False,0.474,0.916,8,-3.93,1,0.0624,0.00504,0.0,0.325,0.745
55,False,0.504,0.415,8,-19.308,0,0.121,0.879,0.494,0.35,0.626
27,False,0.659,0.721,0,-9.035,1,0.0523,0.531,0.000931,0.34,0.728
20,True,0.534,0.619,1,-15.233,1,0.942,0.618,0.0,0.7,0.137
5,False,0.784,0.73,10,-15.52,0,0.0436,0.0218,0.719,0.295,0.953
38,False,0.514,0.867,4,-5.822,0,0.036,0.000429,1.37e-06,0.0922,0.248
64,True,0.664,0.916,1,-3.888,1,0.473,0.17,1.67e-05,0.164,0.559
0,False,0.654,0.507,0,-9.359,1,0.0273,0.462,1.92e-06,0.109,0.611
2,False,0.639,0.791,10,-4.443,0,0.254,0.0275,0.0,0.362,0.933
35,False,0.703,0.746,6,-4.997,0,0.0447,0.591,2.62e-06,0.365,0.65
63,False,0.842,0.811,2,-6.476,1,0.109,0.00579,0.176,0.0702,0.594
21,False,0.61,0.432,2,-16.001,1,0.926,0.857,1.59e-06,0.981,0.88
19,False,0.914,0.481,1,-16.193,1,0.226,0.0235,2.35e-06,0.094,0.498
40,False,0.159,0.79,5,-4.829,0,0.0593,0.173,0.0,0.0986,0.149
0,False,0.15,0.3,3,-10.723,1,0.0407,0.973,0.00668,0.131,0.117
55,False,0.505,0.21,11,-11.349,1,0.0295,0.907,0.0,0.11,0.323
57,False,0.433,0.758,2,-5.736,1,0.662,0.0409,2.64e-05,0.102,0.22
33,False,0.322,0.925,4,-3.266,1,0.196,0.487,0.0,0.34,0.596
2,False,0.395,0.751,10,-8.547,0,0.0618,5.71e-05,0.838,0.0725,0.455
44,False,0.88,0.695,9,-2.531,1,0.463,0.443,0.0,0.0568,0.731
0,False,0.609,0.83,11,-3.229,0,0.0552,0.117,0.0,0.18,0.478
25,False,0.913,0.692,11,-9.203,0,0.0501,0.0636,3.55e-05,0.0585,0.947
33,False,0.519,0.874,2,-5.844,0,0.0884,0.0348,1.8e-05,0.32,0.883
24,False,0.483,0.71,9,-6.53,0,0.0325,0.605,1.51e-06,0.0789,0.858
67,False,0.574,0.833,8,-6.239,0,0.0563,0.0611,0.0,0.105,0.574
33,True,0.768,0.707,8,-6.718,1,0.136,0.0354,0.0,0.0516,0.668
38,False,0.657,0.992,0,-5.723,1,0.0726,0.000108,0.846,0.737,0.149
25,False,0.632,0.702,0,-4.496,0,0.0228,0.356,0.0,0.247,0.789
0,False,0.756,0.646,7,-5.795,1,0.319,0.152,1.81e-05,0.108,0.429
48,False,0.729,0.752,7,-4.1,0,0.0339,0.668,0.0,0.219,0.638
39,False,0.38,0.783,5,-7.356,1,0.0454,0.188,0.0,0.965,0.535
27,False,0.742,0.767,6,-5.069,0,0.0598,0.31,0.0,0.0877,0.339
51,False,0.545,0.903,10,-7.279,0,0.0485,0.0119,0.0647,0.0803,0.0398
79,False,0.519,0.441,4,-14.178,1,0.0353,0.0204,0.000453,0.076,0.25
33,False,0.727,0.815,1,-10.466,1,0.0736,0.781,0.746,0.0537,0.631
1,False,0.341,0.266,4,-17.251,1,0.146,0.831,0.0,0.113,0.388
0,False,0.298,0.942,11,-5.41,0,0.182,6.57e-05,0.666,0.0861,0.0384
57,False,0.661,0.609,2,-6.978,1,0.0281,0.157,0.0011,0.106,0.489
29,False,0.393,0.883,11,-7.131,1,0.0842,0.0144,0.0,0.921,0.363
35,True,0.465,0.971,8,-2.722,1,0.0932,0.289,0.0,0.912,0.649
0,False,0.886,0.708,4,-5.915,0,0.0911,0.107,0.0114,0.044,0.965
41,False,0.759,0.53,6,-11.286,1,0.0708,0.546,9.44e-06,0.131,0.522
62,True,0.753,0.502,1,-6.879,1,0.264,0.0439,1.54e-06,0.128,0.349
50,False,0.774,0.808,1,-3.492,1,0.063,0.0276,0.000553,0.0955,0.714
44,False,0.493,0.336,10,-9.053,1,0.0265,0.794,0.0057,0.0984,0.378
40,False,0.587,0.903,1,-3.688,1,0.0344,0.0568,1.8e-06,0.0397,0.954
21,False,0.283,0.428,7,-8.819,1,0.0427,0.912,0.0025,0.106,0.159
38,False,0.83,0.707,7,-8.122,0,0.109,0.578,2.19e-06,0.46,0.883
25,False,0.8,0.6,10,-8.052,0,0.0565,0.0211,1.49e-05,0.0404,0.923
32,False,0.476,0.23,11,-12.438,0,0.0345,0.924,0.0,0.56,0.556
36,False,0.772,0.75,1,-9.428,1,0.0829,0.0521,0.828,0.115,0.649
66,False,0.534,0.911,4,-3.086,0,0.0852,0.15,0.0,0.0986,0.624
23,False,0.714,0.832,4,-8.254,1,0.0409,0.396,0.00291,0.116,0.982
47,False,0.64,0.848,5,-4.172,1,0.0444,0.0103,0.0,0.176,0.639
44,False,0.55,0.214,0,-14.945,1,0.0308,0.662,0.000229,0.104,0.0752
20,False,0.138,0.969,7,-5.918,1,0.108,3.07e-06,0.797,0.267,0.161
0,False,0.129,0.169,7,-19.892,1,0.0408,0.916,0.942,0.124,0.0541
11,False,0.58,0.273,6,-9.658,1,0.0264,0.732,5.71e-05,0.256,0.586
71,True,0.716,0.972,7,-2.302,1,0.196,0.0145,3.22e-05,0.317,0.576
24,False,0.61,0.901,5,-3.961,1,0.0394,0.0342,0.000445,0.247,0.943
77,False,0.783,0.727,6,-3.454,0,0.389,0.185,2.46e-05,0.0626,0.558
57,False,0.532,0.878,7,-3.933,0,0.215,0.0102,0.201,0.169,0.385
20,False,0.639,0.365,4,-12.299,1,0.0495,0.722,7.64e-06,0.134,0.261
45,False,0.561,0.666,4,-5.268,1,0.0471,0.172,0.0,0.11,0.258
45,False,0.412,0.345,2,-9.411,1,0.0281,0.434,1.14e-05,0.36,0.101
33,False,0.709,0.742,5,-7.956,1,0.0269,0.00603,0.000813,0.174,0.817
0,False,0.49,0.863,0,-4.979,1,0.0386,0.465,1.58e-05,0.0715,0.942
45,False,0.582,0.863,5,-4.067,1,0.0356,0.0334,1.42e-05,0.371,0.333
28,False,0.548,0.805,9,-6.092,1,0.396,0.542,0.0,0.266,0.625
71,False,0.538,0.884,8,-3.251,1,0.031,0.000138,0.0,0.466,0.736
23,False,0.472,0.906,5,-2.177,1,0.0647,6.86e-05,3.25e-05,0.784,0.623
43,False,0.543,0.981,1,-2.699,0,0.0468,0.00488,0.755,0.0917,0.111
0,False,0.794,0.624,11,-6.024,0,0.0344,0.0575,2.08e-06,0.208,0.755
81,True,0.764,0.705,8,-3.463,1,0.0284,0.259,8.92e-05,0.12,0.781
80,False,0.396,0.293,2,-14.062,1,0.0275,0.941,0.000196,0.105,0.343
37,False,0.748,0.582,4,-9.801,1,0.0548,0.609,0.000129,0.124,0.917
9,False,0.151,0.0713,11,-19.015,1,0.0463,0.858,0.849,0.112,0.0304
19,False,0.739,0.397,2,-13.523,1,0.0346,0.125,0.871,0.157,0.57
54,False,0.739,0.659,0,-5.361,0,0.0967,0.242,2.21e-06,0.245,0.44
25,False,0.373,0.317,1,-13.921,1,0.0354,0.855,0.0549,0.2,0.111
21,False,0.47,0.966,4,-2.558,0,0.067,0.0128,0.0041,0.378,0.31
43,False,0.571,0.769,1,-4.676,1,0.0281,0.0528,0.00387,0.073,0.919
26,False,0.848,0.602,7,-6.52,0,0.0712,0.292,0.000414,0.648,0.792
53,False,0.418,0.489,6,-8.373,0,0.0323,0.287,0.0288,0.42,0.398
29,False,0.683,0.892,0,-6.147,1,0.035,0.699,0.00449,0.149,0.901
39,False,0.354,0.286,9,-7.432,0,0.0356,0.813,0.0,0.189,0.533
58,False,0.674,0.778,1,-5.341,1,0.0356,0.00123,0.224,0.0955,0.13
36,False,0.688,0.72,5,-6.827,0,0.0409,0.00545,0.0468,0.0832,0.355
24,True,0.432,0.921,2,-11.243,1,0.939,0.849,0.0,0.462,0.18
51,False,0.547,0.768,2,-4.882,1,0.0465,0.366,0.0,0.32,0.567
55,False,0.454,0.614,11,-10.41,1,0.0302,0.00223,1.16e-05,0.0936,0.343
43,True,0.808,0.666,7,-8.636,1,0.164,0.0144,5.36e-05,0.241,0.467
25,False,0.653,0.821,2,-4.715,1,0.0614,0.00419,0.0126,0.296,0.142
20,False,0.25,0.135,6,-19.923,0,0.0442,0.973,5.42e-06,0.128,0.21
33,False,0.245,0.845,11,-8.308,0,0.0728,0.00114,1.3e-05,0.225,0.372
20,False,0.728,0.608,0,-5.577,1,0.0244,0.2,1.82e-05,0.12,0.307
0,False,0.813,0.81,3,-5.382,0,0.0809,0.112,1.59e-06,0.377,0.632
34,False,0.587,0.842,4,-6.04,1,0.0268,0.278,0.0,0.163,0.693
28,False,0.397,0.491,0,-6.727,1,0.0338,0.212,8.46e-05,0.111,0.663
17,False,0.49,0.996,9,-3.529,0,0.0729,0.000427,0.000601,0.0432,0.0701
80,False,0.508,0.774,2,-5.973,1,0.0321,0.0586,4.87e-06,0.063,0.942
2,False,0.756,0.646,7,-5.795,1,0.319,0.152,1.81e-05,0.108,0.429
0,False,0.0965,0.2,10,-16.97,1,0.0393,0.967,0.958,0.169,0.238
35,False,0.617,0.688,0,-7.366,1,0.092,0.0337,0.205,0.556,0.663
5,False,0.752,0.732,2,-8.023,1,0.04,0.00413,0.859,0.629,0.356
17,False,0.855,0.558,10,-8.19,0,0.38,0.71,0.0,0.121,0.527
48,False,0.184,0.0315,0,-24.819,1,0.0418,0.989,0.911,0.123,0.0729
20,False,0.148,0.216,6,-22.944,1,0.0423,0.824,0.76,0.519,0.0545
0,False,0.817,0.72,5,-8.134,0,0.0809,0.172,0.000726,0.109,0.384
64,True,0.541,0.916,7,-5.964,0,0.0612,0.00326,2.04e-06,0.0967,0.627
18,True,0.52,0.883,11,-2.724,1,0.0798,0.32,3.05e-05,0.18,0.229
19,False,0.71,0.597,1,-9.329,0,0.286,0.0925,0.0136,0.132,0.602
50,False,0.66,0.729,6,-5.244,0,0.0529,0.000851,0.00679,0.108,0.439
9,False,0.807,0.674,1,-10.832,1,0.0512,0.0201,0.51,0.107,0.743
46,False,0.69,0.753,6,-3.83,1,0.0555,0.162,0.0,0.0718,0.931
71,False,0.533,0.905,2,-5.27,1,0.0754,0.00876,0.578,0.0698,0.486
56,False,0.608,0.886,0,-3.027,1,0.0773,0.0281,0.0,0.446,0.783
26,False,0.295,0.124,9,-15.806,1,0.0439,0.934,0.0163,0.0936,0.108
0,False,0.735,0.848,1,-5.285,0,0.0308,0.00312,1.15e-05,0.313,0.864
26,False,0.244,0.951,9,-4.938,1,0.104,0.00107,1.63e-05,0.361,0.153
24,False,0.642,0.9,5,-3.668,0,0.0619,0.0313,0.0,0.268,0.8
58,True,0.721,0.496,1,-9.805,0,0.0728,0.273,0.0,0.157,0.321
1,True,0.499,0.983,1,-3.662,0,0.0882,0.000123,0.000246,0.0728,0.0378
22,False,0.576,0.295,2,-17.219,1,0.278,0.685,2.73e-06,0.0729,0.182
54,False,0.444,0.961,6,-3.835,0,0.112,0.000715,0.00577,0.31,0.667
21,False,0.817,0.676,10,-5.619,0,0.312,0.0509,0.0,0.139,0.64
53,False,0.416,0.452,5,-11.233,0,0.0589,0.936,0.514,0.257,0.247
55,True,0.663,0.786,9,-5.325,1,0.0353,0.212,1.96e-06,0.0957,0.319
42,False,0.773,0.94,1,-5.303,0,0.0792,0.193,0.0,0.19,0.887
48,False,0.545,0.944,8,-6.114,1,0.0498,0.0168,0.032,0.162,0.119
31,False,0.689,0.818,7,-7.161,0,0.0432,0.711,0.0016,0.206,0.963
13,False,0.98,0.454,7,-7.141,1,0.0637,0.0312,0.00174,0.0835,0.285
56,False,0.651,0.465,4,-7.538,1,0.0328,0.503,0.0455,0.495,0.585
52,False,0.455,0.649,8,-10.444,1,0.0519,0.126,0.000353,0.155,0.0719
37,False,0.489,0.92,6,-3.257,0,0.11,0.00588,0.0,0.102,0.54
41,False,0.542,0.363,5,-12.565,1,0.04,0.884,0.00336,0.0922,0.537
58,False,0.777,0.827,5,-4.575,0,0.0453,0.00549,0.0127,0.214,0.861
52,False,0.671,0.299,0,-15.59,1,0.0228,0.317,0.00101,0.064,0.511
0,False,0.382,0.937,0,-9.01,1,0.0758,0.0172,0.0,0.271,0.0957
53,False,0.507,0.975,0,-3.346,0,0.182,1.03e-05,0.0118,0.133,0.14
51,False,0.637,0.756,7,-4.614,0,0.0314,0.0382,0.0,0.0508,0.334
47,True,0.84,0.438,2,-8.77,0,0.044,0.198,0.0,0.203,0.108
12,False,0.902,0.862,11,-4.252,0,0.17,0.372,0.0,0.105,0.654
50,False,0.573,0.7,4,-6.661,1,0.0271,0.267,0.0187,0.117,0.319
66,False,0.443,0.104,0,-17.042,1,0.101,0.913,0.0,0.191,0.394
0,True,0.766,0.674,4,-5.749,0,0.257,0.46,0.0,0.294,0.38
18,False,0.522,0.467,7,-6.932,0,0.0331,0.76,0.00385,0.194,0.435
20,False,0.788,0.809,4,-7.107,1,0.0351,0.312,6.38e-06,0.08,0.909
62,False,0.827,0.518,10,-8.156,0,0.343,0.164,0.375,0.61,0.584
15,False,0.378,0.611,5,-8.979,0,0.507,0.125,0.0023,0.078,0.159
60,False,0.752,0.702,10,-4.927,0,0.0378,0.296,0.0,0.103,0.324
60,False,0.696,0.587,4,-6.801,1,0.0353,0.678,0.0,0.102,0.422
47,False,0.724,0.646,11,-4.495,1,0.0658,0.0977,0.179,0.0647,0.824
46,False,0.871,0.481,10,-5.898,1,0.034,0.221,9.55e-05,0.107,0.732
25,False,0.333,0.96,4,-8.922,0,0.0773,7.36e-05,0.0319,0.787,0.566
21,False,0.279,0.13,5,-17.56,1,0.0435,0.981,0.865,0.101,0.276
0,False,0.657,0.817,0,-4.415,1,0.0554,0.262,0.00679,0.248,0.651
27,False,0.184,0.00874,9,-16.26,0,0.0414,0.991,0.734,0.103,0.0337
0,False,0.178,0.969,10,-4.624,0,0.13,0.0102,0.75,0.509,0.315
19,False,0.714,0.4,8,-13.521,1,0.036,0.538,3.65e-05,0.182,0.823
34,False,0.574,0.34,4,-10.104,1,0.0288,0.861,1e-05,0.0986,0.253
21,False,0.0821,0.396,5,-16.562,1,0.0446,0.817,0.986,0.871,0.0385
26,True,0.598,0.495,6,-8.242,0,0.375,0.148,0.0,0.158,0.233
24,False,0.634,0.806,9,-4.465,0,0.0406,0.116,5.87e-06,0.367,0.573
54,False,0.51,0.484,10,-6.942,1,0.038,0.784,0.0,0.306,0.683
22,False,0.408,0.964,5,-3.61,1,0.0474,1.01e-05,0.0225,0.273,0.685
21,False,0.35,0.12,11,-15.067,1,0.0477,0.946,6.45e-05,0.115,0.154
47,False,0.507,0.694,7,-5.092,1,0.0946,0.364,0.0,0.0579,0.581
37,False,0.676,0.874,2,-6.172,1,0.0601,0.0146,0.000489,0.214,0.748
21,True,0.218,0.995,8,-5.973,1,0.1,2.78e-05,0.536,0.34,0.204
43,False,0.515,0.997,2,-3.066,1,0.104,1.15e-05,0.715,0.287,0.129
0,False,0.457,0.768,9,-7.484,1,0.0316,0.000357,0.0098,0.141,0.554
40,True,0.887,0.513,5,-10.559,1,0.133,0.0951,0.00019,0.0904,0.394
46,False,0.716,0.712,4,-8.641,1,0.0305,0.0374,0.000215,0.121,0.872
0,False,0.604,0.225,1,-11.554,1,0.0344,0.566,0.0,0.148,0.674
39,False,0.633,0.685,9,-8.619,1,0.0269,0.0242,0.0,0.106,0.896
32,False,0.672,0.974,11,-2.799,1,0.081,0.038,0.0,0.964,0.803
12,False,0.528,0.943,5,-3.594,0,0.035,0.00219,0.0236,0.309,0.337
44,False,0.738,0.815,11,-4.228,0,0.0467,0.546,0.0,0.366,0.814
20,False,0.47,0.761,0,-5.017,0,0.0529,0.0175,0.0,0.575,0.191
0,False,0.724,0.744,7,-4.757,1,0.0398,0.00219,4.49e-06,0.116,0.645
29,False,0.455,0.455,10,-7.539,1,0.03,0.863,0.0,0.0686,0.466
2,False,0.658,0.791,8,-4.66,1,0.0512,0.102,0.0,0.139,0.744
60,False,0.491,0.677,11,-4.193,1,0.0269,0.152,4.78e-06,0.221,0.358
26,False,0.725,0.844,5,-5.165,1,0.0441,0.00807,0.0,0.131,0.628
0,False,0.525,0.205,0,-12.519,1,0.0457,0.84,0.0213,0.114,0.207
40,False,0.43,0.471,2,-9.883,1,0.0307,0.229,0.00106,0.156,0.255
48,False,0.71,0.519,1,-9.507,1,0.0348,0.709,0.000397,0.074,0.81
58,False,0.22,0.0174,0,-31.847,1,0.0608,0.983,0.806,0.0825,0.0717
18,False,0.423,0.321,3,-12.398,1,0.035,0.943,0.00803,0.256,0.705
37,False,0.759,0.53,7,-10.13,1,0.248,0.271,0.0,0.0597,0.853
27,False,0.523,0.585,5,-5.607,1,0.0765,0.0664,0.00127,0.117,0.385
35,False,0.839,0.848,2,-8.863,0,0.132,0.374,0.0,0.0495,0.647
49,False,0.77,0.767,6,-6.978,1,0.0335,0.00737,0.000894,0.0716,0.486
37,False,0.681,0.441,11,-11.442,0,0.0439,0.43,0.0636,0.117,0.0957
64,False,0.39,0.31,5,-14.545,1,0.0676,0.794,0.0,0.379,0.584
26,False,0.821,0.423,1,-11.869,1,0.0584,0.00459,0.0582,0.0458,0.866
44,False,0.703,0.391,9,-9.321,1,0.0448,0.267,6.57e-06,0.14,0.455
27,False,0.512,0.863,0,-5.068,0,0.04,7.19e-06,0.187,0.204,0.279
56,False,0.563,0.488,11,-7.314,1,0.0349,0.332,0.0,0.187,0.262
22,False,0.55,0.489,1,-8.932,1,0.507,0.413,0.0,0.106,0.306
45,False,0.618,0.641,5,-7.928,0,0.0539,0.0912,0.277,0.172,0.0554
26,False,0.642,0.988,7,-6.389,0,0.049,0.0413,0.000152,0.0885,0.629
37,False,0.461,0.858,4,-6.598,1,0.0364,0.0602,0.0,0.916,0.564
34,False,0.512,0.977,2,-4.72,1,0.0897,0.0176,0.000112,0.777,0.706
47,False,0.68,0.967,1,-2.38,1,0.084,0.00263,0.102,0.444,0.42
0,False,0.541,0.913,4,-8.03,1,0.0359,0.0681,0.0521,0.414,0.113
68,False,0.472,0.27,7,-11.649,1,0.027,0.729,0.0158,0.125,0.373
63,False,0.725,0.74,8,-5.08,1,0.0323,0.00156,0.000464,0.338,0.827
19,False,0.293,0.584,7,-7.605,1,0.0593,0.0611,0.929,0.11,0.0574
36,False,0.586,0.595,5,-8.91,0,0.345,0.835,0.0,0.0925,0.928
51,False,0.639,0.65,8,-9.875,1,0.0312,0.125,4.55e-06,0.114,0.444
45,True,0.561,0.4,6,-5.996,0,0.146,0.769,9.16e-06,0.1,0.359
55,False,0.67,0.834,0,-6.875,0,0.119,0.156,0.0,0.101,0.376
0,False,0.525,0.205,0,-12.519,1,0.0457,0.84,0.0213,0.114,0.207
34,False,0.0,0.998,11,-25.885,0,0.0,0.132,0.942,0.891,0.0
23,False,0.629,0.701,1,-11.94,1,0.0495,0.00205,3.88e-05,0.0692,0.753
21,False,0.402,0.938,0,-3.151,1,0.0809,0.00233,0.656,0.102,0.962
63,False,0.653,0.446,0,-7.867,1,0.0351,0.546,4.52e-05,0.109,0.472
0,False,0.578,0.182,8,-10.424,1,0.0444,0.825,5e-06,0.144,0.477
9,False,0.752,0.713,7,-15.904,0,0.0585,0.326,0.653,0.324,0.213
60,False,0.689,0.313,0,-10.073,1,0.0366,0.789,0.0,0.144,0.625
21,False,0.516,0.983,1,-2.377,1,0.0838,0.000186,0.92,0.361,0.212
1,False,0.403,0.903,1,-3.88,1,0.0664,0.574,0.305,0.287,0.498
45,False,0.358,0.568,11,-8.402,1,0.029,0.0719,0.0,0.746,0.23
0,False,0.647,0.876,10,-5.662,1,0.185,0.881,3.59e-05,0.26,0.949
0,False,0.252,0.738,7,-5.326,1,0.0446,0.0145,0.000497,0.375,0.256
53,False,0.816,0.739,4,-8.093,1,0.0605,0.0551,0.0373,0.108,0.496
42,False,0.698,0.769,7,-11.33,1,0.0554,0.283,0.0,0.264,0.846
55,False,0.498,0.92,5,-6.465,0,0.0497,0.00331,2.77e-06,0.142,0.346
0,False,0.562,0.808,0,-4.836,1,0.0462,0.0118,0.158,0.137,0.196
38,False,0.565,0.453,8,-12.038,0,0.0586,0.912,0.0,0.0885,0.244
39,False,0.541,0.52,0,-10.12,0,0.0314,0.372,0.0261,0.105,0.584
56,False,0.75,0.354,6,-16.664,1,0.165,0.416,0.791,0.119,0.21
40,False,0.123,0.708,0,-21.459,0,0.0888,0.129,0.991,0.784,0.0215
26,False,0.568,0.52,0,-5.808,1,0.0891,0.788,1.81e-06,0.112,0.733
0,False,0.691,0.741,4,-5.617,1,0.288,0.0868,0.0,0.109,0.318
0,False,0.569,0.85,4,-3.914,1,0.0369,0.0148,0.0,0.245,0.551
39,True,0.876,0.829,11,-3.381,0,0.131,0.0329,0.0028,0.127,0.825
8,False,0.763,0.88,1,-8.743,1,0.0478,0.0241,0.931,0.2,0.0531
54,False,0.747,0.855,0,-2.6,0,0.0288,0.186,2.61e-06,0.0885,0.6
0,True,0.709,0.56,4,-4.867,0,0.171,0.034,0.0,0.315,0.541
40,False,0.571,0.853,1,-4.733,0,0.0303,3.37e-05,0.126,0.0919,0.648
24,False,0.637,0.712,1,-8.331,1,0.953,0.903,0.0,0.698,0.369
42,False,0.462,0.968,0,-5.117,1,0.156,1.24e-05,0.603,0.0631,0.0418
45,False,0.424,0.751,9,-11.089,1,0.134,0.678,0.0,0.359,0.921
46,False,0.62,0.698,11,-6.358,1,0.0784,0.611,0.0,0.128,0.468
0,False,0.382,0.953,4,-2.252,0,0.121,0.00249,0.0,0.347,0.398
52,False,0.493,0.516,2,-13.071,1,0.0295,0.00072,0.229,0.121,0.621
69,False,0.434,0.939,4,-2.983,0,0.0593,0.0425,0.0,0.491,0.569
57,False,0.774,0.907,7,-5.919,0,0.0514,0.0865,0.0021,0.65,0.691
21,False,0.625,0.917,1,-6.109,1,0.757,0.775,0.0,0.916,0.623
0,False,0.16,0.465,5,-8.577,1,0.0337,0.939,0.229,0.383,0.14
62,False,0.767,0.547,7,-11.458,0,0.0474,0.0399,0.485,0.0949,0.66
45,False,0.728,0.827,8,-3.509,1,0.0485,0.1,0.0,0.735,0.723
10,False,0.668,0.473,10,-14.607,1,0.0583,0.443,0.0,0.224,0.888
9,False,0.581,0.709,2,-13.307,1,0.0436,0.0268,0.232,0.0398,0.816
4,True,0.888,0.622,1,-3.875,1,0.213,0.16,0.0,0.101,0.664
22,False,0.57,0.926,0,-5.929,1,0.0428,0.00245,0.0228,0.129,0.537
50,False,0.255,0.558,1,-7.974,1,0.0359,0.0169,2.17e-05,0.0879,0.183
60,False,0.601,0.591,5,-7.407,0,0.0337,0.0188,0.0766,0.126,0.37
28,False,0.591,0.4,6,-10.376,0,0.0281,0.152,0.00017,0.23,0.156
57,False,0.593,0.82,2,-2.631,1,0.176,0.00278,0.0,0.105,0.772
73,True,0.865,0.665,7,-6.289,1,0.073,0.0453,0.0,0.224,0.331
35,False,0.514,0.147,6,-16.931,1,0.0622,0.818,0.000883,0.11,0.339
0,False,0.754,0.763,7,-4.627,0,0.0435,0.0301,2.23e-05,0.0901,0.464
80,False,0.759,0.548,9,-6.049,0,0.029,0.0392,0.0,0.0828,0.749
56,False,0.538,0.386,11,-6.963,1,0.0309,0.797,0.0,0.119,0.653
32,False,0.188,0.966,9,-1.616,1,0.152,0.00693,0.000342,0.0483,0.43
39,False,0.683,0.38,0,-13.874,1,0.0393,0.702,0.0148,0.112,0.891
40,False,0.564,0.296,6,-18.489,1,0.179,0.99,0.883,0.492,0.931
0,False,0.248,0.303,11,-13.588,0,0.042,0.977,0.274,0.138,0.158
3,False,0.795,0.854,0,-5.462,1,0.0444,0.162,1.21e-06,0.0923,0.549
71,False,0.479,0.781,9,-6.344,0,0.124,0.221,0.55,0.0964,0.258
30,False,0.491,0.322,7,-11.724,1,0.0354,0.741,4.34e-05,0.134,0.523
30,False,0.363,0.119,5,-22.673,0,0.0456,0.176,0.708,0.218,0.0785
32,False,0.613,0.625,9,-7.825,0,0.0223,0.158,0.000223,0.14,0.712
0,False,0.851,0.799,8,-6.609,1,0.0776,0.00286,0.78,0.105,0.722
81,False,0.836,0.703,4,-3.554,0,0.0657,0.0845,0.0,0.138,0.902
24,True,0.529,0.608,6,-13.074,1,0.946,0.828,0.0,0.6,0.334
25,False,0.531,0.947,6,-3.903,1,0.0871,0.000102,0.0,0.126,0.285
43,False,0.474,0.703,8,-6.232,1,0.0342,0.0125,0.0,0.21,0.443
17,False,0.452,0.941,2,-2.859,1,0.0532,0.00134,0.464,0.599,0.186
50,True,0.823,0.694,9,-9.186,1,0.313,0.124,0.00023,0.147,0.657
33,False,0.0,8e-05,3,-15.066,1,0.0,0.00181,0.984,0.569,0.0
32,False,0.455,0.937,7,-1.689,1,0.0636,0.0259,0.0,0.335,0.766
41,False,0.769,0.905,2,-3.446,0,0.0684,0.157,3.73e-06,0.281,0.81
79,False,0.737,0.86,8,-2.652,0,0.0593,0.11,1.94e-06,0.0574,0.656
30,False,0.239,0.339,4,-9.327,1,0.0329,0.922,0.0,0.103,0.148
31,True,0.795,0.597,5,-9.068,0,0.0464,0.0303,0.000134,0.0994,0.262
42,False,0.589,0.618,0,-6.076,1,0.0442,0.676,0.0,0.143,0.47
54,False,0.3,0.212,6,-21.017,1,0.0333,0.847,0.861,0.062,0.0553
34,False,0.765,0.493,0,-9.015,1,0.0294,0.292,0.000414,0.0934,0.757
52,False,0.731,0.783,1,-4.364,1,0.257,0.00235,0.168,0.392,0.412
36,False,0.439,0.897,11,-5.845,0,0.0453,3.13e-05,0.0182,0.0712,0.426
40,False,0.389,0.516,5,-9.313,0,0.0328,0.835,0.00243,0.0818,0.434
31,False,0.36,0.745,9,-5.07,0,0.0347,0.00028,0.0713,0.212,0.695
39,False,0.467,0.761,9,-4.987,1,0.0342,0.21,1.06e-05,0.0626,0.123
35,False,0.629,0.437,4,-11.567,1,0.143,0.755,0.000552,0.247,0.608
24,False,0.326,0.171,5,-11.386,1,0.049,0.813,4.44e-06,0.109,0.32
47,False,0.633,0.189,5,-7.239,0,0.12,0.817,0.906,0.0997,0.435
60,False,0.252,0.729,2,-10.022,0,0.0646,0.0974,0.00881,0.045,0.689
51,False,0.611,0.672,8,-10.758,1,0.0345,0.0467,0.893,0.153,0.194
67,True,0.736,0.761,4,-5.449,0,0.0338,0.0966,0.0,0.0823,0.114
17,False,0.467,0.598,7,-12.503,1,0.2,0.132,0.919,0.101,0.133
24,True,0.447,0.964,0,-5.034,1,0.942,0.781,0.0,0.461,0.167
0,False,0.758,0.922,2,-5.427,1,0.0323,0.155,0.0,0.0465,0.97
34,False,0.435,0.872,1,-2.88,1,0.0531,0.753,0.0,0.144,0.636
0,False,0.673,0.712,11,-7.858,0,0.0273,0.159,0.0,0.183,0.912
44,False,0.561,0.485,9,-9.244,1,0.0427,0.832,0.00838,0.116,0.661
0,False,0.549,0.891,6,-4.044,1,0.0351,0.0141,0.00323,0.0661,0.508
22,False,0.358,0.35,0,-9.044,1,0.0444,0.929,0.634,0.0908,0.162
57,False,0.49,0.811,1,-2.524,0,0.044,0.0896,0.0,0.0898,0.547
19,False,0.179,0.982,1,-4.74,0,0.152,4.19e-06,0.688,0.737,0.148
15,False,0.439,0.949,11,-3.926,0,0.167,0.00012,0.778,0.147,0.484
44,False,0.624,0.366,4,-12.763,0,0.037,0.643,5.38e-05,0.684,0.677
0,False,0.64,0.644,1,-10.273,1,0.0283,0.273,0.0,0.0449,0.722
56,False,0.484,0.918,5,-4.684,0,0.0672,0.000391,0.0291,0.105,0.399
36,False,0.384,0.576,11,-9.801,1,0.0311,0.257,0.0,0.0868,0.324
11,False,0.618,0.342,0,-13.925,1,0.0292,0.345,0.000451,0.104,0.425
51,False,0.366,0.482,5,-7.9,1,0.0278,0.288,0.00655,0.117,0.278
1,False,0.503,0.506,0,-7.554,0,0.0332,0.0989,0.0,0.352,0.11
34,False,0.272,0.427,10,-12.556,1,0.032,0.613,0.0123,0.252,0.309
63,False,0.557,0.978,0,-3.965,1,0.0493,0.000393,4.42e-06,0.287,0.499
59,False,0.251,0.15,2,-15.076,1,0.0342,0.989,0.972,0.113,0.0727
46,False,0.61,0.744,4,-6.475,0,0.0392,0.00986,1.93e-06,0.186,0.635
23,False,0.711,0.811,2,-5.59,1,0.127,0.122,7.09e-06,0.0775,0.417
47,False,0.289,0.499,11,-7.966,1,0.0372,0.105,0.00126,0.13,0.172
42,False,0.636,0.705,7,-7.437,0,0.0436,0.75,1.15e-05,0.937,0.686
33,False,0.612,0.526,5,-8.388,0,0.0791,0.223,0.0,0.292,0.727
34,False,0.603,0.952,0,-3.877,1,0.0523,0.0037,0.000453,0.071,0.494
40,False,0.643,0.284,1,-15.849,0,0.0548,0.63,0.91,0.182,0.428
50,False,0.704,0.907,10,-3.95,0,0.0672,0.0292,0.0,0.195,0.657
41,False,0.556,0.428,2,-12.406,0,0.0556,0.791,0.0192,0.0899,0.366
59,False,0.163,0.084,9,-19.007,0,0.0329,0.433,0.95,0.102,0.0345
37,False,0.707,0.884,4,-5.455,1,0.036,0.0564,0.0,0.133,0.966
0,False,0.387,0.786,11,-4.127,1,0.0436,0.0195,0.0,0.123,0.462
0,False,0.62,0.309,5,-9.209,1,0.0495,0.788,0.0,0.146,0.664
45,False,0.601,0.324,10,-11.209,1,0.033,0.847,0.0,0.105,0.255
0,False,0.0676,0.125,6,-22.321,0,0.0406,0.831,0.978,0.102,0.0327
70,False,0.766,0.354,6,-9.486,1,0.0543,0.595,0.0,0.381,0.792
55,False,0.477,0.0489,4,-17.039,1,0.0611,0.929,0.0,0.0686,0.356
21,False,0.204,0.956,11,-6.306,0,0.116,1.87e-05,0.0147,0.105,0.318
10,False,0.592,0.362,11,-10.366,1,0.072,0.133,0.774,0.21,0.432
37,False,0.683,0.835,5,-10.584,1,0.0404,0.218,0.000584,0.254,0.784
0,False,0.569,0.526,9,-10.204,1,0.0285,0.709,0.00102,0.326,0.607
48,False,0.737,0.551,6,-11.398,1,0.0401,0.0078,0.812,0.17,0.0437
0,False,0.433,0.47,11,-11.853,1,0.0704,0.945,2.44e-06,0.469,0.319
0,False,0.314,0.238,0,-8.802,1,0.0389,0.741,0.00193,0.128,0.303
0,False,0.758,0.922,2,-5.427,1,0.0323,0.155,0.0,0.0465,0.97
68,False,0.424,0.437,2,-8.588,1,0.0355,0.962,0.336,0.664,0.131
11,False,0.326,0.564,11,-14.337,1,0.086,0.769,0.896,0.0958,0.489
25,False,0.438,0.823,4,-10.983,1,0.0567,0.25,0.0222,0.908,0.295
67,False,0.658,0.814,0,-4.631,1,0.0558,0.229,0.00676,0.216,0.69
54,False,0.601,0.372,3,-6.148,1,0.0292,0.835,0.0,0.129,0.444
19,True,0.567,0.366,9,-23.235,1,0.955,0.602,0.0,0.68,0.238
65,False,0.339,0.00572,11,-32.309,0,0.0378,0.986,0.923,0.103,0.0616
44,False,0.808,0.331,10,-13.345,1,0.0401,0.612,0.894,0.103,0.305
60,False,0.481,0.747,4,-6.937,1,0.0364,0.00698,0.0,0.0646,0.732
39,False,0.317,0.946,5,-4.81,0,0.0421,0.00304,3.81e-06,0.394,0.64
21,False,0.387,0.956,10,-3.923,1,0.0821,4.83e-06,0.811,0.384,0.155
0,False,0.69,0.373,8,-5.566,1,0.0286,0.618,0.0,0.128,0.473
20,False,0.834,0.668,11,-9.083,0,0.0453,0.215,0.000222,0.077,0.946
0,False,0.671,0.886,5,-4.79,1,0.0407,0.452,0.0,0.154,0.886
8,False,0.578,0.311,4,-8.767,0,0.0591,0.881,0.0,0.115,0.658
32,False,0.0961,0.0131,7,-35.122,0,0.0516,0.895,0.902,0.16,0.0099
26,False,0.696,0.649,7,-6.143,1,0.26,0.294,0.0,0.373,0.44
1,False,0.706,0.525,4,-8.879,0,0.0298,0.682,9.34e-05,0.175,0.73
13,False,0.632,0.976,11,-6.883,0,0.039,2.66e-05,0.91,0.265,0.476
5,False,0.428,0.146,4,-14.043,0,0.0351,0.867,0.0,0.116,0.227
0,False,0.758,0.677,4,-5.053,0,0.0592,0.0484,6.99e-05,0.337,0.448
24,False,0.627,0.978,8,-3.197,1,0.209,0.146,0.0,0.0743,0.557
56,False,0.334,0.915,11,-2.124,0,0.0848,0.000182,0.0,0.137,0.478
22,True,0.515,0.899,1,-7.393,1,0.0448,0.00808,0.479,0.0797,0.929
27,True,0.785,0.873,2,-4.742,1,0.132,0.0315,0.0,0.361,0.548
59,False,0.93,0.319,9,-12.852,1,0.0422,0.552,0.0,0.0907,0.732
50,False,0.484,0.248,6,-13.931,1,0.0466,0.386,1.66e-05,0.319,0.256
54,False,0.606,0.977,1,-3.642,1,0.06,0.0206,0.5,0.179,0.809
19,True,0.725,0.592,4,-9.655,0,0.199,0.012,0.000255,0.109,0.483
72,False,0.783,0.84,1,-3.416,1,0.051,0.174,0.0,0.412,0.839
10,False,0.849,0.854,0,-7.093,1,0.193,0.0669,0.0,0.076,0.757
25,False,0.121,0.875,11,-4.037,0,0.0617,6.88e-05,0.217,0.106,0.361
45,False,0.553,0.892,4,-4.039,1,0.0667,0.0639,0.0,0.426,0.479
27,False,0.825,0.459,11,-10.809,0,0.0502,0.0687,0.769,0.0998,0.323
55,False,0.708,0.434,1,-7.847,1,0.0389,0.481,0.0,0.102,0.589
0,False,0.359,0.573,9,-6.054,1,0.0326,0.665,0.000178,0.136,0.562
42,False,0.655,0.676,5,-6.554,1,0.039,0.622,0.0,0.127,0.923
29,False,0.492,0.598,10,-4.474,1,0.033,0.366,0.0,0.323,0.469
29,False,0.634,0.936,4,-4.681,1,0.0321,0.002,0.0,0.247,0.857
59,False,0.48,0.887,7,-4.91,1,0.0319,0.147,0.00011,0.33,0.69
75,False,0.81,0.793,6,-9.404,0,0.0403,0.0378,1.77e-06,0.072,0.863
63,False,0.86,0.541,1,-6.51,0,0.0325,0.165,0.163,0.0663,0.952
17,False,0.608,0.932,1,-4.064,1,0.0989,0.0278,4.95e-05,0.0507,0.825
39,False,0.78,0.541,0,-7.75,1,0.0282,0.0877,1.58e-05,0.573,0.83
19,False,0.723,0.449,10,-9.544,1,0.0272,0.747,0.000322,0.116,0.415
0,False,0.855,0.693,8,-5.662,0,0.0308,0.0165,0.0794,0.118,0.687
0,True,0.737,0.607,0,-3.599,1,0.0835,0.194,0.11,0.132,0.528
52,False,0.565,0.831,9,-3.102,0,0.113,0.000384,1.21e-05,0.245,0.498
66,False,0.722,0.716,8,-4.089,1,0.0696,0.132,1.05e-05,0.0997,0.626
64,False,0.512,0.933,1,-4.759,0,0.0738,0.000761,0.0,0.342,0.465
51,False,0.76,0.71,0,-5.054,0,0.0333,0.0644,0.282,0.0818,0.534
17,False,0.575,0.941,10,-3.548,0,0.0431,0.000586,0.00137,0.0465,0.637
60,False,0.751,0.344,6,-7.712,1,0.0379,0.528,1.62e-06,0.113,0.471
0,False,0.438,0.178,5,-9.402,1,0.0414,0.957,1.1e-06,0.316,0.344
19,False,0.571,0.388,3,-7.734,1,0.0299,0.737,0.0,0.0909,0.283
27,False,0.606,0.572,7,-5.257,1,0.0273,0.154,0.000639,0.108,0.423
50,False,0.593,0.755,1,-6.608,1,0.0333,0.00603,4.96e-05,0.0897,0.278
48,False,0.0912,0.224,0,-13.545,0,0.0393,0.0824,0.207,0.0928,0.0376
1,False,0.692,0.883,7,-4.698,1,0.0582,0.0512,0.0,0.228,0.614
44,False,0.648,0.85,8,-5.323,1,0.0401,0.0861,1.43e-05,0.122,0.878
29,False,0.463,0.685,5,-7.587,1,0.0324,0.114,0.6,0.0826,0.815
59,False,0.537,0.712,10,-5.342,0,0.207,0.131,0.0,0.174,0.432
84,False,0.505,0.71,3,-3.015,1,0.0321,0.19,0.00025,0.269,0.428
0,True,0.779,0.723,6,-7.098,1,0.48,0.339,0.0,0.149,0.922
10,False,0.937,0.389,8,-10.678,1,0.209,0.0254,4.41e-05,0.0807,0.428
39,False,0.477,0.852,9,-4.108,1,0.0368,0.00337,0.0,0.159,0.374
56,False,0.326,0.914,8,-3.895,1,0.0474,0.122,0.0,0.397,0.672
37,False,0.329,0.458,0,-7.671,0,0.0369,0.728,0.00533,0.115,0.299
21,False,0.387,0.966,2,-3.091,1,0.096,0.000971,0.0388,0.399,0.172
18,False,0.501,0.949,1,-5.592,0,0.151,0.0928,0.031,0.234,0.205
21,False,0.579,0.955,1,-4.146,0,0.128,0.043,0.0,0.0669,0.319
0,False,0.406,0.377,10,-11.717,1,0.0597,0.764,0.0,0.272,0.717
45,False,0.474,0.803,8,-3.183,0,0.0808,0.0918,0.0,0.244,0.24
0,False,0.543,0.886,9,-3.689,0,0.136,0.0278,1e-05,0.148,0.175
55,False,0.567,0.728,4,-6.421,1,0.0279,0.31,0.875,0.218,0.473
0,False,0.711,0.391,9,-6.593,0,0.0488,0.818,0.0,0.087,0.9
16,False,0.622,0.567,6,-5.4,0,0.139,0.623,4.45e-05,0.17,0.548
35,False,0.516,0.879,9,-8.289,1,0.0339,0.00789,7.35e-05,0.305,0.886
21,False,0.288,0.494,2,-17.096,1,0.0297,0.000433,0.108,0.243,0.468
0,False,0.62,0.788,7,-8.646,1,0.0276,0.018,0.0,0.369,0.856
0,False,0.406,0.377,10,-11.717,1,0.0597,0.764,0.0,0.272,0.717
80,True,0.61,0.624,2,-4.773,1,0.309,0.6,2.12e-06,0.243,0.244
47,False,0.44,0.472,6,-9.026,1,0.0596,0.86,0.0,0.968,0.548
0,False,0.755,0.792,6,-4.238,1,0.0483,0.028,0.0,0.0754,0.842
48,False,0.692,0.956,11,-3.951,1,0.178,0.000997,0.494,0.252,0.167
51,False,0.665,0.913,1,-2.301,1,0.0461,0.000148,0.412,0.384,0.439
32,False,0.384,0.88,6,-4.362,1,0.0687,0.01,0.0,0.175,0.348
22,False,0.787,0.601,7,-15.31,1,0.0415,0.127,0.44,0.13,0.634
2,False,0.526,0.365,1,-12.605,1,0.028,0.0775,1.37e-05,0.0618,0.254
66,False,0.588,0.841,0,-5.138,1,0.0932,0.026,0.0,0.33,0.871
3,False,0.37,0.861,4,-4.588,0,0.0625,0.00959,0.00449,0.107,0.16
50,True,0.833,0.826,5,-6.384,0,0.203,0.0958,0.0,0.263,0.565
44,False,0.714,0.891,6,-6.752,1,0.0381,0.0513,0.0837,0.152,0.0415
66,False,0.636,0.726,10,-8.205,0,0.0456,0.341,0.00727,0.105,0.542
0,False,0.5,0.71,3,-3.015,1,0.0339,0.19,0.00025,0.269,0.419
76,False,0.39,0.649,2,-5.163,1,0.0345,0.172,0.0,0.216,0.144
45,False,0.803,0.732,5,-11.881,1,0.0699,0.00015,0.855,0.109,0.313
35,False,0.584,0.539,6,-9.847,0,0.0569,0.731,0.000627,0.102,0.47
22,False,0.738,0.709,8,-6.431,1,0.0478,0.00267,0.0196,0.135,0.851
48,False,0.736,0.472,8,-10.373,0,0.0431,0.00437,0.0205,0.103,0.195
0,True,0.721,0.714,11,-5.436,0,0.234,0.107,0.0,0.562,0.506
46,False,0.661,0.53,7,-10.747,1,0.0974,0.187,0.0,0.142,0.661
56,False,0.421,0.476,0,-7.692,1,0.0298,0.268,0.0,0.0816,0.3
23,False,0.52,0.817,7,-5.367,1,0.044,0.00694,0.000536,0.32,0.152
75,False,0.612,0.884,5,-4.4,1,0.0459,0.00516,0.0,0.0997,0.626
65,False,0.641,0.892,0,-2.812,0,0.0303,0.255,1.01e-05,0.221,0.841
0,False,0.707,0.955,10,-4.593,0,0.222,0.127,0.0,0.203,0.575
76,False,0.466,0.823,2,-6.635,1,0.311,0.00237,0.000321,0.332,0.782
24,False,0.23,0.808,1,-5.713,0,0.0731,0.00768,0.00322,0.122,0.104
61,False,0.779,0.937,9,-6.269,0,0.0496,0.0443,0.101,0.0912,0.49
0,False,0.23,0.271,7,-16.592,1,0.0455,0.969,0.0412,0.108,0.15
18,False,0.671,0.928,8,-3.704,0,0.0732,0.000164,0.729,0.273,0.634
8,False,0.372,0.456,1,-9.516,0,0.0309,0.0965,0.921,0.0856,0.0637
57,False,0.5,0.85,2,-7.759,1,0.0493,0.000406,0.00515,0.121,0.434
71,False,0.656,0.551,8,-6.43,1,0.0299,0.721,1.26e-06,0.0947,0.329
21,True,0.368,0.88,5,-9.702,0,0.102,0.0079,0.623,0.112,0.372
34,False,0.657,0.995,0,-1.721,1,0.0376,0.0449,0.00265,0.35,0.977
0,False,0.231,0.158,7,-11.508,1,0.0297,0.745,0.0,0.123,0.204
67,False,0.686,0.92,2,-6.231,1,0.0566,0.301,0.27,0.0807,0.225
64,False,0.641,0.703,9,-10.434,1,0.0518,0.397,0.00546,0.104,0.722
51,False,0.369,0.231,9,-16.222,1,0.0315,0.852,0.096,0.108,0.0516
1,False,0.772,0.654,1,-11.573,1,0.0418,0.00428,0.146,0.0991,0.711
1,False,0.398,0.177,5,-10.277,1,0.0374,0.718,0.0,0.139,0.22
70,False,0.504,0.578,4,-9.302,1,0.031,0.408,0.0,0.321,0.654
58,False,0.571,0.775,3,-8.608,1,0.0477,0.00527,8.99e-06,0.156,0.384
42,False,0.259,0.544,7,-8.417,1,0.0543,0.0652,0.0,0.0624,0.286
76,False,0.526,0.862,2,-6.003,1,0.0905,0.0144,0.0597,0.229,0.528
57,False,0.61,0.856,0,-6.193,0,0.039,0.606,0.0,0.71,0.938
22,False,0.528,0.502,10,-6.797,0,0.0301,0.103,0.329,0.112,0.27
48,False,0.483,0.896,7,-5.206,1,0.0887,0.186,0.00019,0.965,0.392
49,False,0.584,0.436,5,-9.564,1,0.0365,0.827,4.38e-05,0.0848,0.316
38,False,0.668,0.701,9,-4.45,1,0.0451,0.152,0.0,0.108,0.894
73,False,0.56,0.674,10,-6.048,1,0.0446,0.698,0.0,0.123,0.421
54,False,0.592,0.392,4,-13.254,0,0.0292,0.0242,0.865,0.427,0.105
26,False,0.73,0.597,0,-8.671,1,0.0268,0.702,4.13e-06,0.0754,0.49
0,False,0.57,0.409,5,-7.555,0,0.0331,0.345,0.000188,0.219,0.304
54,False,0.767,0.624,7,-11.214,0,0.0876,0.097,0.000605,0.104,0.0629
26,False,0.562,0.835,7,-10.922,1,0.0575,0.0026,0.612,0.0957,0.0615
15,False,0.534,0.981,7,-3.963,1,0.0722,0.00264,0.00184,0.366,0.61
69,False,0.51,0.696,4,-10.83,1,0.0802,0.0157,0.000104,0.297,0.905
65,False,0.599,0.788,8,-6.25,0,0.0294,0.263,0.00525,0.155,0.581
71,True,0.599,0.957,11,-5.764,1,0.188,0.0129,7.06e-05,0.155,0.489
35,False,0.534,0.245,4,-14.9,1,0.0421,0.956,0.889,0.11,0.34
56,False,0.602,0.633,9,-9.756,1,0.0314,0.502,0.0,0.0614,0.931
43,False,0.665,0.53,0,-9.127,0,0.0437,0.0551,0.795,0.233,0.17
9,False,0.806,0.946,11,-4.447,1,0.0636,0.000354,0.88,0.058,0.444
28,False,0.498,0.894,7,-4.479,1,0.0458,0.00229,0.539,0.146,0.547
66,False,0.832,0.74,0,-4.862,1,0.214,0.101,0.0,0.339,0.714
0,False,0.793,0.617,7,-4.32,1,0.0766,0.0464,0.00402,0.165,0.418
28,False,0.493,0.552,3,-5.648,1,0.0289,0.234,2.77e-06,0.158,0.286
70,False,0.706,0.457,4,-8.667,0,0.0597,0.369,0.0,0.106,0.427
26,True,0.904,0.649,2,-6.019,1,0.139,0.352,0.0,0.666,0.769
37,False,0.754,0.561,8,-5.921,1,0.0502,0.245,2.84e-05,0.138,0.915
77,False,0.654,0.929,1,-5.906,1,0.0998,0.0468,0.0,0.0539,0.902
45,False,0.373,0.429,9,-7.992,1,0.0286,0.152,0.0,0.905,0.238
23,False,0.22,0.207,11,-22.469,0,0.0387,0.979,0.89,0.0755,0.665
38,True,0.311,0.889,9,-6.448,0,0.16,0.00428,0.0,0.447,0.668
21,False,0.519,0.55,8,-7.11,1,0.0397,0.234,9.34e-06,0.294,0.544
61,False,0.54,0.78,9,-5.872,1,0.0418,0.0263,7.12e-06,0.35,0.514
28,False,0.244,0.0513,9,-23.667,1,0.0772,0.733,4.11e-06,0.137,0.104
19,False,0.496,0.856,2,-4.196,1,0.218,0.287,0.0,0.524,0.307
44,False,0.651,0.123,5,-13.957,1,0.029,0.947,0.103,0.109,0.115
27,False,0.792,0.744,11,-4.744,1,0.0554,0.0766,4.55e-05,0.0548,0.65
62,False,0.702,0.524,7,-12.422,0,0.0393,0.453,0.89,0.111,0.283
0,True,0.758,0.664,7,-7.436,1,0.157,0.377,5.1e-06,0.219,0.308
21,False,0.066,0.0232,9,-29.646,1,0.0434,0.817,0.891,0.117,0.029
29,False,0.23,0.0545,10,-24.421,0,0.0357,0.967,0.849,0.878,0.0428
38,False,0.275,0.491,4,-6.95,0,0.0375,0.891,0.0149,0.295,0.32
19,False,0.566,0.778,9,-7.04,1,0.058,0.362,0.101,0.985,0.362
50,False,0.645,0.791,9,-7.275,1,0.0324,0.0064,0.00279,0.125,0.379
17,True,0.127,0.971,7,-6.834,0,0.0872,2.27e-06,0.931,0.0727,0.0244
42,False,0.337,0.562,4,-4.94,0,0.0292,0.321,6.16e-06,0.522,0.433
54,False,0.514,0.966,2,-4.854,1,0.0502,0.00677,0.0422,0.382,0.802
25,False,0.517,0.72,6,-7.322,1,0.911,0.861,0.0,0.822,0.502
20,False,0.364,0.497,5,-12.745,0,0.0305,0.836,0.384,0.117,0.0353
24,False,0.552,0.623,1,-5.303,1,0.0294,0.167,0.0,0.0842,0.395
52,False,0.585,0.369,7,-12.23,0,0.0278,0.663,1.62e-06,0.278,0.182
27,False,0.107,0.117,0,-23.472,1,0.0531,0.704,0.835,0.118,0.232
27,False,0.155,0.3,4,-13.669,1,0.0429,0.648,0.719,0.938,0.159
1,False,0.521,0.72,2,-7.699,1,0.0254,0.00352,0.0114,0.391,0.609
26,False,0.725,0.68,7,-7.345,1,0.0503,0.284,0.0105,0.171,0.679
32,False,0.377,0.0686,10,-25.15,1,0.0475,0.994,0.897,0.109,0.132
49,False,0.357,0.161,8,-10.667,1,0.0388,0.971,1.4e-05,0.358,0.325
20,False,0.274,0.62,5,-8.316,1,0.0323,4e-06,0.252,0.127,0.393
25,False,0.315,0.554,1,-9.072,0,0.0294,0.466,0.138,0.135,0.323
24,False,0.363,0.954,6,-2.641,1,0.0588,6.11e-05,0.264,0.125,0.678
41,False,0.607,0.96,5,-4.109,0,0.262,0.0809,0.0648,0.0711,0.16
39,False,0.383,0.358,3,-7.923,1,0.03,0.205,7.23e-05,0.301,0.0989
0,False,0.811,0.591,7,-3.62,0,0.128,0.315,0.0,0.126,0.754
53,False,0.392,0.423,7,-7.813,1,0.0348,0.27,0.0,0.117,0.288
20,False,0.491,0.962,3,-5.124,0,0.113,0.00347,0.0,0.0871,0.463
32,False,0.544,0.601,0,-7.057,1,0.035,0.0672,0.0,0.206,0.382
46,False,0.711,0.907,9,-3.267,1,0.0355,0.0611,0.000337,0.111,0.922
46,False,0.571,0.94,1,-3.637,1,0.0883,0.0114,0.0128,0.572,0.555
12,False,0.512,0.907,11,-7.629,0,0.0939,0.00801,0.0,0.0582,0.854
1,False,0.607,0.958,8,-1.131,1,0.0866,0.0412,0.0,0.259,0.404
49,False,0.506,0.609,5,-13.03,1,0.411,0.607,0.0,0.126,0.947
45,False,0.584,0.742,2,-7.829,1,0.0604,0.773,3.8e-06,0.224,0.729
46,False,0.637,0.626,11,-7.332,1,0.102,0.0245,0.00609,0.295,0.655
67,False,0.133,0.00225,9,-32.465,1,0.0387,0.989,0.929,0.108,0.144
28,False,0.737,0.552,0,-10.095,1,0.0472,0.31,0.274,0.186,0.875
37,False,0.442,0.572,10,-5.509,0,0.0362,0.293,3.69e-06,0.0978,0.108
35,False,0.618,0.945,4,-4.49,0,0.112,0.0372,0.00323,0.257,0.76
67,False,0.384,0.798,9,-6.439,0,0.434,0.115,0.0,0.181,0.146
62,True,0.67,0.823,1,-2.24,0,0.295,0.14,0.0,0.311,0.655
0,True,0.407,0.954,7,-3.753,1,0.0532,0.000629,0.186,0.0545,0.454
57,False,0.415,0.22,8,-17.47,1,0.0261,0.878,0.651,0.125,0.268
25,False,0.464,0.744,3,-5.597,1,0.0341,0.000636,0.0,0.191,0.136
37,False,0.488,0.917,7,-4.361,1,0.379,0.068,0.0,0.336,0.32
39,False,0.3,0.938,8,-5.062,0,0.0791,2.25e-05,0.65,0.0875,0.0723
60,False,0.673,0.486,5,-7.987,0,0.103,0.475,0.00022,0.0906,0.535
0,False,0.449,0.886,8,-2.501,1,0.0624,0.00248,7.48e-05,0.0743,0.61
45,False,0.762,0.774,11,-5.586,1,0.0805,0.00304,0.000126,0.0674,0.474
45,False,0.424,0.646,7,-9.433,0,0.0409,0.28,0.703,0.652,0.422
34,False,0.437,0.888,2,-4.586,1,0.0507,0.00446,0.0,0.203,0.182
19,False,0.315,0.948,8,-7.621,1,0.102,9.69e-05,0.198,0.326,0.318
78,False,0.699,0.713,9,-5.507,0,0.0594,0.04,3.11e-06,0.294,0.354
30,True,0.579,0.711,4,-6.387,1,0.234,0.0125,0.0,0.153,0.404
31,False,0.6,0.302,2,-8.577,1,0.0344,0.87,0.0,0.223,0.257
36,False,0.634,0.638,10,-13.904,1,0.0274,0.23,0.613,0.185,0.962
34,True,0.743,0.593,11,-8.458,0,0.204,0.0255,1.09e-06,0.102,0.155
0,False,0.524,0.487,6,-7.525,0,0.0299,0.253,0.0,0.0579,0.482
17,False,0.455,0.727,6,-11.574,0,0.177,0.00484,0.609,0.116,0.0442
51,False,0.603,0.93,7,-6.661,1,0.0509,0.0127,0.776,0.657,0.163
0,False,0.337,0.643,4,-7.122,1,0.041,0.467,1.86e-06,0.0857,0.167
0,False,0.72,0.839,7,-6.133,1,0.123,0.0876,0.00347,0.501,0.37
63,False,0.644,0.87,10,-4.816,1,0.0394,0.193,0.0,0.549,0.702
55,False,0.52,0.304,11,-15.255,0,0.0284,0.816,0.366,0.0948,0.0392
0,False,0.798,0.625,4,-6.83,1,0.13,0.383,3.33e-05,0.125,0.774
45,False,0.633,0.851,8,-3.524,1,0.213,0.424,0.0,0.459,0.726
63,False,0.717,0.624,1,-7.096,1,0.0381,0.0754,0.000762,0.0989,0.472
0,False,0.403,0.59,5,-5.941,1,0.0284,0.508,0.00548,0.272,0.393
18,False,0.737,0.0292,9,-31.514,0,0.0617,0.995,0.971,0.0863,0.185
64,False,0.637,0.53,4,-7.53,1,0.0301,0.529,0.0144,0.109,0.363
46,True,0.71,0.527,11,-6.385,1,0.0721,0.662,2.21e-06,0.0995,0.479
53,True,0.747,0.758,0,-5.524,1,0.105,0.0205,0.0,0.11,0.491
0,False,0.524,0.614,0,-8.05,1,0.0363,0.202,0.0,0.0802,0.751
46,False,0.662,0.324,11,-18.517,1,0.0645,0.312,0.864,0.108,0.0393
57,False,0.55,0.984,10,-1.11,0,0.0932,0.00103,0.103,0.105,0.0583
0,False,0.326,0.232,2,-13.969,1,0.222,0.969,2.83e-06,0.106,0.269
0,False,0.377,0.963,9,-1.076,1,0.108,0.119,0.909,0.115,0.239
0,False,0.5,0.982,1,-3.496,1,0.0727,4.72e-05,4.28e-05,0.0447,0.507
25,False,0.491,0.561,11,-7.225,1,0.0246,0.108,0.0,0.139,0.22
90,True,0.663,0.786,11,-3.51,0,0.195,0.229,0.0,0.219,0.579
31,False,0.693,0.763,0,-8.5,1,0.0396,0.0053,0.0144,0.0949,0.379
40,False,0.0,0.032,1,-30.704,1,0.0,0.916,0.202,0.103,0.0
33,True,0.716,0.572,9,-10.455,1,0.271,0.13,0.0324,0.113,0.405
0,False,0.231,0.158,7,-11.508,1,0.0297,0.745,0.0,0.123,0.204
16,False,0.615,0.397,0,-17.526,0,0.0859,0.301,0.886,0.0277,0.916
0,True,0.724,0.648,11,-6.522,0,0.0426,0.0551,3.33e-05,0.298,0.369
0,False,0.262,0.677,7,-5.645,1,0.0528,0.447,0.0,0.205,0.365
35,False,0.532,0.93,1,-2.522,1,0.0708,0.0026,0.0,0.342,0.259
36,False,0.552,0.798,11,-4.156,0,0.0511,0.0124,0.0,0.291,0.909
32,False,0.788,0.628,11,-7.652,1,0.0257,0.0808,0.0,0.113,0.515
14,False,0.683,0.271,2,-12.077,1,0.0359,0.919,0.0,0.371,0.608
68,False,0.35,0.775,11,-3.364,1,0.054,0.00433,0.283,0.0676,0.588
53,False,0.533,0.678,1,-5.244,1,0.0256,0.663,0.0,0.145,0.683
53,False,0.471,0.604,4,-6.014,0,0.0286,0.00161,0.154,0.166,0.187
1,False,0.471,0.625,3,-13.005,0,0.0357,0.043,0.921,0.0523,0.0515
44,True,0.399,0.694,1,-7.662,1,0.472,0.409,4.58e-05,0.123,0.649
3,True,0.636,0.708,6,-7.057,1,0.0512,0.0818,0.0,0.117,0.662
68,False,0.748,0.661,5,-6.702,1,0.0334,0.157,0.00102,0.101,0.743
59,False,0.676,0.424,9,-8.132,1,0.0329,0.947,0.000494,0.119,0.493
0,False,0.514,0.975,11,-4.433,0,0.0609,7.65e-05,0.561,0.457,0.309
28,False,0.641,0.262,2,-10.141,0,0.0277,0.892,0.0,0.178,0.46
24,False,0.47,0.907,2,-4.51,1,0.105,0.000223,0.0,0.323,0.381
47,False,0.559,0.448,8,-4.11,1,0.0275,0.537,1.85e-05,0.0915,0.354
62,False,0.517,0.443,9,-8.946,1,0.0529,0.88,0.000141,0.0989,0.538
38,False,0.582,0.703,11,-7.055,0,0.247,0.071,0.0,0.398,0.743
50,False,0.561,0.559,10,-6.026,1,0.174,0.766,0.0,0.342,0.504
46,False,0.435,0.902,7,-2.939,1,0.0505,0.00638,5.29e-06,0.199,0.273
36,False,0.736,0.846,10,-4.228,0,0.0398,0.00923,0.137,0.126,0.281
49,False,0.519,0.433,0,-9.192,1,0.0367,0.837,0.841,0.204,0.345
67,False,0.632,0.232,9,-12.326,1,0.0318,0.428,4.95e-06,0.215,0.673
0,False,0.739,0.723,5,-4.972,0,0.0338,0.288,0.0,0.119,0.429
0,False,0.289,0.424,2,-8.559,1,0.0329,0.826,3.02e-06,0.104,0.188
26,False,0.66,0.649,9,-11.285,1,0.0438,0.826,0.031,0.194,0.708
17,False,0.614,0.967,11,-3.779,0,0.0451,0.024,0.000207,0.247,0.77
57,False,0.55,0.979,8,-3.225,1,0.118,0.0223,0.221,0.107,0.325
23,False,0.487,0.0827,2,-24.461,1,0.0576,0.909,0.956,0.0984,0.335
0,False,0.795,0.565,3,-4.457,0,0.0948,0.131,0.0,0.0802,0.55
42,False,0.795,0.531,7,-3.679,0,0.0606,0.478,0.0,0.376,0.816
0,False,0.347,0.0312,5,-30.669,0,0.0532,0.992,0.00101,0.0767,0.0877
33,False,0.651,0.803,8,-4.749,0,0.0704,0.12,0.0,0.118,0.275
42,False,0.606,0.753,9,-7.92,0,0.0357,0.0638,0.0,0.19,0.894
67,False,0.546,0.98,9,-3.02,0,0.0619,0.0154,0.0,0.31,0.478
18,False,0.665,0.775,11,-5.905,1,0.0363,0.146,0.00309,0.153,0.877
21,False,0.207,0.474,1,-6.063,1,0.0304,0.772,0.000114,0.104,0.167
21,False,0.254,0.151,8,-15.31,1,0.0333,0.943,0.00415,0.13,0.12
39,False,0.655,0.332,5,-7.156,0,0.0643,0.217,0.0,0.107,0.304
0,False,0.584,0.803,1,-4.953,1,0.273,0.0392,4.71e-05,0.0973,0.339
0,False,0.792,0.703,0,-4.678,0,0.0391,0.0874,0.000129,0.225,0.472
33,False,0.429,0.919,1,-5.178,1,0.053,7.73e-05,0.0,0.445,0.741
0,False,0.503,0.582,0,-4.324,1,0.0253,0.472,0.0,0.103,0.326
23,True,0.217,0.695,11,-6.802,0,0.0596,0.00031,5.33e-06,0.221,0.216
67,False,0.816,0.72,1,-4.454,1,0.0684,0.206,0.0,0.277,0.78
44,False,0.771,0.551,4,-6.809,1,0.0309,0.569,6.93e-06,0.195,0.519
61,True,0.434,0.921,7,-4.656,1,0.0679,0.000314,0.0,0.89,0.626
0,True,0.71,0.522,11,-9.102,1,0.36,0.615,0.0,0.11,0.37
76,False,0.733,0.65,5,-3.539,1,0.0315,0.0703,6.59e-05,0.0829,0.348
40,True,0.749,0.671,9,-10.635,0,0.102,0.0558,0.0,0.0995,0.898
0,False,0.285,0.316,2,-7.842,1,0.0301,0.688,0.883,0.0708,0.177
79,True,0.801,0.91,2,-6.566,1,0.225,0.00239,0.000891,0.0737,0.805
44,False,0.754,0.804,10,-5.896,0,0.0557,0.0166,7.42e-06,0.0472,0.708
0,False,0.823,0.656,5,-6.141,0,0.11,0.257,0.0,0.329,0.713
28,True,0.689,0.332,2,-19.407,1,0.961,0.873,0.0,0.66,0.701
29,False,0.236,0.946,5,-7.077,0,0.0586,0.00328,0.632,0.189,0.174
40,False,0.739,0.287,6,-14.007,0,0.059,0.969,0.961,0.111,0.557
56,False,0.943,0.474,2,-7.321,0,0.0578,0.554,0.0,0.227,0.854
2,False,0.722,0.826,5,-5.464,0,0.108,0.227,4.06e-06,0.222,0.494
18,False,0.524,0.971,7,-3.72,1,0.0721,9.24e-05,0.899,0.349,0.35
0,False,0.123,0.907,0,-8.194,1,0.0869,0.192,0.936,0.234,0.0752
22,False,0.583,0.304,10,-9.511,1,0.0522,0.983,0.911,0.0971,0.913
53,False,0.849,0.378,0,-11.972,0,0.0455,0.324,0.583,0.293,0.229
27,False,0.577,0.788,2,-5.033,1,0.0332,0.173,0.0,0.089,0.339
50,False,0.602,0.426,10,-15.317,1,0.0404,0.306,0.0473,0.104,0.363
3,False,0.78,0.725,6,-6.032,1,0.0503,0.288,0.0,0.0851,0.431
30,False,0.783,0.491,5,-9.672,1,0.0351,0.044,0.000361,0.147,0.339
40,False,0.633,0.65,0,-9.687,1,0.205,0.692,0.0,0.272,0.909
61,False,0.674,0.932,11,-4.424,0,0.0859,0.0282,0.71,0.684,0.728
16,False,0.713,0.497,11,-11.6,1,0.0423,0.453,1.82e-05,0.683,0.894
50,False,0.214,0.22,8,-13.912,1,0.0319,0.955,0.897,0.11,0.0701
44,False,0.523,0.325,2,-14.126,1,0.0707,0.537,0.00444,0.0992,0.0794
42,False,0.216,0.618,0,-7.173,1,0.0312,0.0481,0.0,0.799,0.301
17,False,0.668,0.873,3,-3.887,0,0.0558,0.422,0.0,0.355,0.771
28,False,0.4,0.326,2,-10.721,1,0.0279,0.515,0.0,0.359,0.503
11,False,0.632,0.308,7,-10.242,1,0.0302,0.762,0.0,0.162,0.752
1,False,0.685,0.886,9,-10.653,1,0.0323,0.0328,0.0,0.0362,0.819
64,False,0.598,0.955,11,-5.219,1,0.244,0.11,0.000141,0.934,0.503
35,True,0.626,0.788,0,-5.674,0,0.0329,0.0764,8.91e-06,0.133,0.654
62,False,0.682,0.529,4,-9.862,1,0.0469,0.782,0.000294,0.102,0.39
39,False,0.351,0.304,2,-8.931,0,0.0342,0.929,0.0,0.673,0.312
3,False,0.594,0.935,0,-2.018,1,0.0357,0.243,2.36e-06,0.102,0.602
10,False,0.605,0.807,6,-10.032,0,0.0447,0.000157,0.728,0.0877,0.36
48,False,0.442,0.6,2,-5.845,1,0.0306,0.535,0.0,0.127,0.157
3,False,0.627,0.858,11,-2.824,0,0.386,0.263,0.0,0.21,0.342
0,False,0.533,0.831,5,-3.696,1,0.0609,0.00804,0.0,0.0975,0.741
49,False,0.807,0.808,7,-6.056,0,0.0547,0.0609,0.0029,0.0669,0.513
0,False,0.643,0.857,5,-4.218,1,0.0294,0.123,0.0,0.531,0.698
27,False,0.645,0.668,2,-9.509,1,0.0347,0.718,7.06e-06,0.136,0.843
40,False,0.556,0.275,7,-12.969,1,0.0619,0.686,0.0,0.696,0.384
51,False,0.741,0.853,4,-10.141,0,0.0406,0.00706,0.831,0.0757,0.124
0,False,0.598,0.833,2,-3.716,0,0.048,0.0196,0.0,0.292,0.406
67,False,0.58,0.695,6,-8.244,0,0.0671,0.00638,0.0,0.174,0.402
21,False,0.164,0.135,1,-19.969,1,0.0437,0.769,0.457,0.129,0.0557
11,False,0.563,0.699,3,-7.282,1,0.0327,0.384,0.813,0.12,0.0622
27,False,0.527,0.00841,5,-30.475,1,0.0705,0.993,0.908,0.0815,0.335
48,False,0.787,0.659,2,-8.894,1,0.0565,0.0553,0.899,0.0948,0.579
30,False,0.553,0.911,4,-4.771,1,0.038,1.75e-05,0.00837,0.13,0.276
33,False,0.707,0.59,4,-11.312,0,0.312,0.778,0.0,0.132,0.841
29,True,0.633,0.532,1,-8.257,1,0.493,0.446,0.0,0.183,0.417
43,False,0.468,0.657,7,-5.454,1,0.0233,0.09,5.65e-05,0.697,0.501
29,False,0.346,0.472,6,-6.8,0,0.0315,0.0238,0.0,0.889,0.286
22,False,0.778,0.842,4,-8.393,1,0.154,0.478,0.352,0.39,0.298
63,False,0.658,0.747,8,-6.567,0,0.0971,0.138,0.0,0.129,0.326
48,False,0.705,0.709,2,-9.171,1,0.042,0.00265,0.888,0.11,0.039
29,False,0.452,0.923,11,-4.04,0,0.0796,0.0225,0.0,0.117,0.711
57,True,0.771,0.912,1,-5.06,1,0.141,0.0136,1.38e-06,0.0632,0.616
0,False,0.671,0.801,10,-3.366,1,0.0322,0.247,0.0,0.328,0.473
67,False,0.364,0.607,2,-9.791,1,0.125,0.451,0.0,0.251,0.598
56,False,0.548,0.464,4,-7.877,1,0.0318,0.602,0.0,0.106,0.186
62,False,0.567,0.696,9,-5.416,1,0.301,0.456,0.0,0.113,0.544
33,False,0.699,0.955,11,-10.148,0,0.071,0.00128,0.00369,0.0392,0.569
21,False,0.513,0.925,4,-7.929,0,0.0756,0.000117,0.0525,0.334,0.347
23,False,0.355,0.94,10,-7.446,1,0.0781,1.83e-06,0.818,0.214,0.126
46,False,0.65,0.632,8,-8.374,1,0.037,0.388,0.00875,0.134,0.352
87,True,0.442,0.612,2,-7.222,1,0.112,0.584,5.7e-06,0.37,0.178
0,False,0.596,0.315,8,-9.175,1,0.0428,0.961,0.0,0.258,0.64
35,False,0.849,0.25,0,-12.598,1,0.137,0.523,0.0,0.075,0.718
0,False,0.593,0.287,1,-12.472,1,0.0469,0.764,0.0,0.153,0.639
0,False,0.585,0.274,5,-9.831,1,0.0717,0.791,0.0,0.109,0.471
48,False,0.663,0.582,6,-3.537,0,0.115,0.63,0.0,0.0932,0.674
30,False,0.703,0.606,2,-9.817,1,0.0355,0.243,0.000392,0.0396,0.652
20,False,0.249,0.112,7,-22.977,0,0.0348,0.975,0.971,0.0705,0.038
54,False,0.478,0.181,11,-8.731,1,0.0327,0.975,3.37e-06,0.0795,0.279
52,False,0.661,0.542,6,-18.465,0,0.0405,0.01,0.269,0.129,0.541
30,False,0.57,0.497,4,-5.709,0,0.0266,0.242,0.0,0.134,0.35
42,False,0.405,0.93,2,-5.573,1,0.0722,0.0187,0.000216,0.356,0.432
0,False,0.617,0.835,11,-5.384,0,0.0321,0.359,0.000698,0.118,0.833
43,False,0.661,0.409,1,-12.402,0,0.204,0.59,0.000929,0.268,0.128
22,False,0.583,0.537,1,-9.103,0,0.198,0.088,0.0,0.118,0.527
40,True,0.718,0.336,2,-17.55,1,0.302,0.894,0.000878,0.125,0.278
0,False,0.342,0.826,10,-23.318,0,0.0382,0.444,0.875,0.893,0.0192
52,False,0.823,0.576,6,-7.225,1,0.0907,0.0292,0.000109,0.0465,0.943
49,False,0.642,0.753,7,-5.064,1,0.0716,0.0269,2.76e-05,0.048,0.536
45,False,0.337,0.605,7,-7.84,1,0.0277,0.862,0.0031,0.944,0.424
0,False,0.597,0.527,10,-8.658,0,0.0412,0.127,0.0,0.14,0.535
41,False,0.529,0.935,7,-3.625,1,0.189,0.0598,6.5e-06,0.253,0.76
12,False,0.244,0.959,8,-11.897,1,0.0967,4.29e-06,0.51,0.103,0.0953
62,False,0.679,0.687,8,-5.522,1,0.0294,0.0779,0.0,0.704,0.424
40,False,0.541,0.197,9,-11.554,1,0.0366,0.633,1.95e-05,0.174,0.668
21,False,0.512,0.528,7,-6.366,0,0.0389,0.967,0.0191,0.68,0.767
56,False,0.775,0.832,1,-5.742,1,0.178,0.0064,0.0495,0.12,0.76
43,False,0.659,0.882,3,-4.304,1,0.0307,0.0424,2.03e-06,0.114,0.922
45,False,0.448,0.982,2,-4.533,0,0.114,0.000116,0.0371,0.049,0.15
0,False,0.524,0.614,0,-8.05,1,0.0363,0.202,0.0,0.0802,0.751
16,False,0.936,0.693,2,-5.298,1,0.166,0.309,0.0,0.142,0.611
24,False,0.706,0.62,4,-13.713,1,0.0636,0.059,0.0,0.0739,0.806
0,False,0.41,0.186,7,-15.958,0,0.0875,0.982,0.000379,0.128,0.339
44,False,0.51,0.838,9,-4.218,1,0.0551,0.0502,0.0,0.103,0.518
63,True,0.664,0.11,8,-21.273,1,0.0363,0.763,0.813,0.0913,0.281
10,False,0.298,0.984,2,-9.617,1,0.0702,0.000749,0.263,0.235,0.0322
67,False,0.655,0.89,5,-6.434,0,0.0611,0.101,0.0149,0.488,0.328
27,False,0.779,0.539,1,-13.277,1,0.197,0.0196,3.7e-05,0.12,0.41
55,False,0.643,0.11,6,-14.28,1,0.0294,0.876,1.38e-05,0.112,0.152
11,False,0.887,0.459,7,-11.047,1,0.105,0.0222,0.757,0.222,0.0577
2,False,0.573,0.913,5,-6.52,0,0.0409,0.00861,0.0273,0.114,0.795
65,False,0.709,0.446,0,-9.904,1,0.037,0.716,2.39e-05,0.11,0.843
40,False,0.721,0.732,7,-10.689,0,0.0749,0.3,0.0,0.108,0.955
13,False,0.899,0.914,9,-4.747,1,0.0898,0.213,0.0,0.0569,0.973
0,False,0.645,0.822,11,-3.679,1,0.212,0.0493,0.0,0.193,0.837
62,False,0.621,0.551,0,-6.871,0,0.0328,0.289,0.0,0.234,0.229
1,False,0.211,0.821,9,-5.423,0,0.0732,1.25e-05,0.0329,0.104,0.371
0,False,0.647,0.876,10,-5.662,1,0.185,0.881,3.59e-05,0.26,0.949
38,False,0.345,0.786,0,-7.922,1,0.0957,0.145,0.000618,0.914,0.425
33,False,0.726,0.419,0,-13.615,1,0.0586,0.323,0.89,0.107,0.73
20,False,0.684,0.904,11,-1.219,0,0.0711,0.0434,3.07e-06,0.363,0.75
8,False,0.858,0.644,8,-8.804,1,0.0737,0.0726,0.922,0.118,0.203
3,False,0.753,0.733,0,-3.715,1,0.056,0.253,0.0,0.398,0.156
28,False,0.605,0.383,0,-7.241,1,0.0643,0.801,0.0,0.154,0.364
62,False,0.594,0.533,10,-7.993,0,0.0438,0.153,1.49e-05,0.172,0.729
58,False,0.77,0.496,11,-8.45,1,0.0468,0.719,0.0,0.123,0.571
22,False,0.735,0.894,1,-3.601,1,0.128,0.261,0.00589,0.105,0.944
29,False,0.379,0.83,5,-11.786,1,0.0339,0.00114,0.000568,0.346,0.536
22,False,0.478,0.585,2,-8.447,1,0.0354,2.72e-05,0.0344,0.112,0.0458
41,False,0.663,0.621,0,-10.973,1,0.0347,0.786,0.0516,0.214,0.973
0,False,0.545,0.7,5,-6.961,1,0.0323,0.0982,0.0,0.1,0.799
43,False,0.733,0.799,2,-3.135,1,0.067,0.0214,0.155,0.0834,0.488
2,False,0.627,0.675,5,-7.125,0,0.212,0.125,0.0,0.0784,0.961
63,False,0.704,0.241,1,-13.258,1,0.0476,0.625,2.8e-05,0.0868,0.661
0,False,0.791,0.866,6,-4.236,1,0.0496,0.248,5.29e-06,0.0696,0.71
56,False,0.548,0.406,9,-8.946,1,0.029,0.114,5.63e-05,0.102,0.386
1,False,0.261,0.947,11,-3.031,1,0.0487,0.000193,0.00326,0.31,0.552
47,False,0.557,0.898,11,-5.109,0,0.25,0.551,0.0,0.81,0.827
21,False,0.646,0.505,9,-14.801,0,0.0344,0.00317,0.11,0.0762,0.776
14,False,0.752,0.715,5,-6.443,0,0.0791,0.459,0.0335,0.808,0.574
42,False,0.729,0.821,0,-2.986,0,0.0333,0.341,2.67e-05,0.0936,0.76
30,False,0.434,0.713,5,-7.055,1,0.306,0.112,0.0,0.143,0.277
31,False,0.191,0.923,6,-21.634,1,0.0479,0.155,0.947,0.72,1e-05
37,False,0.431,0.983,11,-3.97,0,0.0704,4.82e-05,5.9e-05,0.165,0.6
25,False,0.328,0.751,9,-5.957,1,0.0529,0.503,1.25e-05,0.103,0.13
50,False,0.554,0.326,9,-10.702,0,0.0361,0.902,1.39e-05,0.129,0.251
19,False,0.722,0.804,1,-9.63,0,0.055,0.052,0.228,0.315,0.748
0,True,0.905,0.563,8,-6.135,1,0.102,0.0254,9.71e-06,0.113,0.324
25,False,0.625,0.168,7,-17.091,1,0.312,0.912,0.0,0.0718,0.426
38,False,0.834,0.598,0,-9.558,0,0.0969,0.0293,0.769,0.062,0.379
23,False,0.706,0.194,7,-8.802,1,0.0745,0.941,0.000116,0.0627,0.538
21,False,0.735,0.293,1,-14.002,0,0.0594,0.459,7.25e-06,0.661,0.363
40,False,0.78,0.723,10,-7.884,1,0.0759,0.187,0.000676,0.0941,0.77
0,False,0.44,0.838,9,-6.196,1,0.0423,0.0956,0.0,0.473,0.619
62,False,0.244,0.896,6,-5.576,0,0.464,0.0614,2.83e-05,0.127,0.142
42,False,0.666,0.716,0,-4.598,0,0.0314,0.0219,2.95e-05,0.102,0.196
36,False,0.536,0.959,7,-5.31,1,0.0415,0.0136,5.96e-06,0.333,0.697
21,False,0.316,0.122,2,-17.92,1,0.0361,0.954,0.662,0.135,0.127
3,False,0.653,0.667,10,-6.764,0,0.0423,0.154,0.0,0.107,0.556
43,False,0.716,0.517,1,-7.717,1,0.0309,0.209,0.0,0.0837,0.552
68,True,0.76,0.615,5,-9.36,0,0.33,0.072,0.0,0.0571,0.351
70,False,0.573,0.441,6,-5.799,0,0.0758,0.186,0.0,0.61,0.389
54,False,0.556,0.537,7,-10.761,1,0.0282,0.377,0.0,0.757,0.313
0,False,0.655,0.678,6,-6.799,0,0.0382,0.0248,0.0901,0.116,0.32
31,False,0.752,0.659,7,-7.253,1,0.0973,0.144,5.63e-06,0.0999,0.307
15,False,0.498,0.263,4,-13.613,1,0.0308,0.835,8.41e-05,0.159,0.514
19,False,0.423,0.953,11,-2.232,1,0.0479,0.0735,0.0,0.341,0.472
53,False,0.78,0.155,4,-13.087,0,0.0532,0.94,0.903,0.626,0.214
64,False,0.732,0.864,3,-5.94,0,0.0378,0.161,1.34e-05,0.367,0.568
36,False,0.49,0.914,0,-5.655,1,0.0622,0.619,0.0,0.533,0.925
54,False,0.54,0.294,10,-12.181,1,0.0323,0.775,0.0,0.708,0.204
60,False,0.783,0.786,9,-7.044,1,0.0528,0.12,1.28e-05,0.13,0.678
0,False,0.452,0.267,8,-9.081,1,0.0407,0.856,0.129,0.114,0.148
25,False,0.497,0.952,7,-3.644,1,0.0389,0.000204,0.759,0.249,0.602
43,False,0.568,0.781,9,-9.307,1,0.0366,0.0784,0.023,0.293,0.84
45,False,0.616,0.995,7,-3.647,1,0.114,0.000372,0.952,0.112,0.772
50,False,0.66,0.729,6,-5.244,0,0.0529,0.000851,0.00679,0.108,0.439
84,False,0.413,0.881,11,-5.541,0,0.0367,5.99e-05,0.000308,0.0805,0.364
20,False,0.53,0.885,6,-3.802,0,0.0694,0.000536,1.25e-05,0.544,0.481
60,False,0.866,0.691,5,-4.371,0,0.0478,0.727,0.503,0.0737,0.87
0,False,0.578,0.182,8,-10.424,1,0.0444,0.825,5e-06,0.144,0.477
23,False,0.454,0.649,10,-4.018,1,0.0291,0.00024,2.53e-06,0.0851,0.225
67,False,0.374,0.778,5,-4.466,1,0.0363,0.1,0.199,0.107,0.484
48,False,0.39,0.792,0,-4.178,1,0.0593,0.558,0.0,0.888,0.496
23,True,0.511,0.947,0,-5.001,1,0.0719,0.000214,1.87e-05,0.385,0.488
39,False,0.0,2.03e-05,9,-8.327,1,0.0,0.112,0.331,0.663,0.0
0,True,0.856,0.721,7,-4.928,1,0.108,0.132,0.00471,0.182,0.642
44,True,0.91,0.374,8,-9.844,0,0.199,0.0757,0.00301,0.154,0.432
49,False,0.738,0.476,4,-5.721,1,0.0519,0.658,0.0,0.3,0.631
0,False,0.606,0.974,7,-2.406,1,0.0631,0.00422,0.0,0.299,0.668
74,False,0.712,0.549,5,-9.484,1,0.0254,0.011,0.0,0.118,0.552
57,False,0.746,0.782,6,-6.192,0,0.0397,0.277,4.7e-06,0.108,0.665
50,False,0.563,0.541,11,-8.458,0,0.0359,0.296,0.000352,0.104,0.165
40,False,0.473,0.938,10,-2.307,1,0.068,0.0171,0.000332,0.151,0.267
2,False,0.594,0.874,5,-3.598,1,0.0387,0.00166,0.0,0.148,0.646
48,False,0.828,0.769,5,-7.02,0,0.0982,0.443,0.49,0.115,0.389
23,False,0.174,0.0848,1,-21.297,1,0.044,0.957,0.0457,0.116,0.0511
20,False,0.799,0.606,0,-10.782,1,0.113,0.439,8.24e-06,0.168,0.845
0,False,0.47,0.499,1,-12.614,0,0.0367,0.123,0.288,0.109,0.267
22,False,0.653,0.948,9,-2.954,1,0.16,0.00517,0.0,0.378,0.869
31,False,0.441,0.895,10,-7.934,1,0.105,0.0281,2.04e-05,0.0827,0.205
10,False,0.5,0.618,1,-8.126,0,0.0611,0.93,0.00807,0.112,0.906
18,False,0.725,0.938,3,-4.497,0,0.0388,0.00659,0.923,0.0636,0.324
40,False,0.61,0.553,5,-8.132,0,0.0346,0.262,0.044,0.0867,0.554
1,False,0.32,0.21,6,-15.231,1,0.0345,0.92,8.01e-05,0.138,0.208
65,False,0.55,0.49,2,-10.732,1,0.0572,0.368,9.96e-05,0.917,0.609
32,False,0.517,0.817,7,-7.12,1,0.0398,0.434,0.0,0.0692,0.515
51,False,0.598,0.59,10,-11.465,0,0.103,0.0141,0.788,0.112,0.0639
51,False,0.214,0.808,6,-4.668,0,0.0586,0.00154,5.75e-05,0.0741,0.207
0,False,0.56,0.436,7,-8.761,1,0.491,0.918,0.0,0.093,0.402
35,False,0.467,0.526,8,-11.977,1,0.0366,0.476,0.0,0.0933,0.52
41,False,0.16,0.18,7,-19.587,0,0.0337,0.874,0.833,0.109,0.0361
48,False,0.397,0.907,3,-5.612,0,0.0605,0.00037,0.00193,0.058,0.367
65,False,0.807,0.835,9,-6.849,0,0.0631,0.00148,0.527,0.233,0.349
27,False,0.801,0.576,10,-4.795,0,0.134,0.297,0.949,0.0354,0.687
15,False,0.252,0.991,7,-2.723,1,0.541,7.8e-06,0.849,0.267,0.111
30,True,0.659,0.676,7,-5.452,1,0.101,0.0178,0.0,0.168,0.486
2,False,0.514,0.35,0,-19.948,0,0.077,0.778,1.73e-05,0.947,0.828
39,False,0.51,0.886,6,-6.94,0,0.0437,0.000862,0.00348,0.0577,0.89
24,True,0.525,0.584,1,-16.292,1,0.949,0.918,0.0,0.816,0.232
1,False,0.503,0.582,0,-4.324,1,0.0253,0.472,0.0,0.103,0.326
14,False,0.699,0.524,4,-12.183,0,0.0573,0.0622,0.845,0.0656,0.661
83,False,0.759,0.459,8,-5.187,1,0.0948,0.00323,0.0,0.0788,0.695
59,False,0.615,0.746,10,-5.196,0,0.0683,0.186,0.0,0.233,0.361
59,False,0.399,0.686,5,-7.112,1,0.0311,0.109,0.000874,0.112,0.377
40,False,0.688,0.667,10,-10.202,0,0.198,0.223,0.00371,0.0988,0.166
0,False,0.206,0.754,9,-4.594,1,0.0638,0.962,5.63e-06,0.267,0.627
24,False,0.216,0.153,1,-15.825,1,0.0423,0.982,0.0857,0.0952,0.134
21,False,0.652,0.742,11,-7.031,1,0.0328,0.386,0.000146,0.175,0.809
0,False,0.325,0.536,5,-6.04,1,0.0323,0.614,0.0,0.251,0.218
0,True,0.807,0.606,3,-8.871,0,0.0872,0.0946,0.0,0.119,0.304
35,False,0.457,0.893,6,-1.926,1,0.0567,5.01e-05,0.000195,0.336,0.614
43,False,0.467,0.309,3,-14.882,1,0.0962,0.977,0.00143,0.181,0.461
20,False,0.382,0.11,3,-21.227,1,0.035,0.981,0.971,0.139,0.186
0,False,0.525,0.99,4,-4.35,0,0.0695,1.26e-05,0.043,0.0706,0.457
29,False,0.591,0.623,0,-5.344,1,0.0316,0.392,5.94e-05,0.0737,0.646
43,False,0.565,0.505,5,-6.019,1,0.0301,0.668,0.0,0.153,0.454
21,True,0.658,0.733,0,-3.621,1,0.232,0.0426,0.0,0.226,0.285
56,False,0.537,0.944,7,-4.406,1,0.0988,0.00634,0.0,0.0233,0.36
14,False,0.633,0.508,9,-13.031,0,0.0485,0.0144,0.943,0.101,0.0529
18,True,0.801,0.946,1,-1.02,1,0.364,0.0833,0.0,0.171,0.39
1,False,0.378,0.934,11,-3.702,0,0.107,0.0013,0.0149,0.322,0.602
55,False,0.464,0.868,6,-5.051,0,0.0502,0.000249,0.00042,0.248,0.512
72,False,0.423,0.845,11,-3.509,0,0.0559,0.143,5.07e-06,0.213,0.317
0,False,0.607,0.912,8,-3.449,1,0.0611,0.124,0.0,0.332,0.722
9,False,0.651,0.824,7,-4.074,1,0.0421,0.171,0.76,0.14,0.956
30,False,0.71,0.89,3,-4.347,0,0.0535,0.192,0.0,0.193,0.94
66,False,0.637,0.813,7,-5.199,1,0.0544,0.0289,0.0,0.0906,0.429
23,False,0.477,0.736,7,-8.957,1,0.0292,0.00432,0.0295,0.145,0.282
0,False,0.804,0.786,10,-3.837,0,0.0735,0.144,0.0,0.0928,0.575
56,False,0.453,0.965,8,-3.388,1,0.141,0.000857,0.00275,0.0741,0.743
61,False,0.5,0.588,4,-7.66,0,0.0362,0.641,4.52e-05,0.327,0.35
22,False,0.548,0.859,5,-5.447,0,0.261,0.101,7.2e-06,0.407,0.262
41,False,0.571,0.839,10,-6.118,0,0.0314,0.029,0.484,0.0994,0.292
40,False,0.499,0.978,10,-4.219,0,0.108,0.254,1.08e-06,0.866,0.479
0,True,0.799,0.847,5,-7.808,1,0.0956,0.254,2.14e-05,0.339,0.529
42,False,0.603,0.789,10,-4.918,0,0.029,0.000244,1.52e-06,0.101,0.506
39,False,0.633,0.399,9,-10.876,1,0.0298,0.617,0.0,0.168,0.58
9,False,0.146,0.127,0,-18.645,1,0.0378,0.97,0.912,0.0931,0.0339
66,False,0.545,0.517,0,-8.681,0,0.0359,0.0459,0.00724,0.15,0.115
27,False,0.51,0.97,2,-1.239,1,0.124,0.000118,0.698,0.102,0.0593
24,True,0.633,0.977,1,-3.03,0,0.0621,0.00166,5.77e-05,0.649,0.39
50,False,0.716,0.807,1,-6.847,0,0.0389,0.632,0.0,0.386,0.745
56,False,0.651,0.783,0,-6.162,1,0.0501,0.045,0.0,0.0628,0.311
27,False,0.857,0.626,4,-5.906,1,0.159,0.0833,0.0,0.0566,0.78
3,False,0.821,0.602,9,-6.628,1,0.168,0.108,0.0,0.246,0.628
28,False,0.819,0.338,8,-11.797,0,0.0577,0.0379,8.33e-06,0.0756,0.706
24,True,0.601,0.709,7,-6.209,0,0.388,0.309,0.0,0.105,0.237
16,False,0.115,0.901,7,-6.318,1,0.0751,4.28e-05,0.000649,0.126,0.0795
45,False,0.214,0.162,3,-22.062,0,0.0384,0.918,0.298,0.112,0.0386
73,False,0.692,0.809,2,-4.198,1,0.0602,0.524,0.0,0.147,0.864
39,False,0.821,0.355,5,-7.15,0,0.0392,0.854,0.0,0.104,0.588
22,False,0.638,0.907,4,1.416,0,0.0487,0.284,0.0,0.368,0.594
13,False,0.341,0.903,1,-14.599,1,0.0741,0.000163,0.89,0.606,0.285
27,False,0.371,0.0167,0,-27.095,1,0.0481,0.983,0.945,0.102,0.244
1,False,0.824,0.681,6,-5.473,0,0.315,0.0107,0.0,0.15,0.516
0,False,0.709,0.871,5,-4.126,0,0.175,0.134,0.0,0.316,0.667
21,False,0.633,0.346,10,-16.4,0,0.947,0.876,0.0,0.721,0.512
24,False,0.669,0.198,9,-13.89,1,0.0305,0.852,0.0,0.108,0.377
21,False,0.562,0.987,6,-2.243,0,0.0412,0.00836,0.0343,0.0964,0.66
63,False,0.577,0.647,2,-7.647,1,0.0569,0.00165,0.806,0.154,0.236
15,False,0.347,0.402,2,-7.059,0,0.131,0.966,0.0102,0.287,0.421
30,False,0.637,0.984,0,-6.352,1,0.0577,0.00125,0.774,0.616,0.486
22,False,0.455,0.626,0,-7.092,1,0.0884,0.879,0.0,0.401,0.723
57,True,0.647,0.341,0,-8.51,1,0.0382,0.752,0.0,0.102,0.337
48,False,0.434,0.904,1,-3.994,1,0.0387,0.00142,0.635,0.931,0.349
45,False,0.702,0.0861,10,-11.942,1,0.11,0.991,0.926,0.11,0.348
0,False,0.511,0.675,0,-6.718,0,0.146,0.199,0.0,0.35,0.442
48,False,0.589,0.432,10,-14.089,0,0.0361,0.00919,0.195,0.0949,0.605
26,False,0.473,0.141,3,-19.192,0,0.0354,0.932,0.144,0.0525,0.345
12,False,0.246,0.985,9,-3.361,1,0.227,4.99e-06,0.479,0.316,0.219
59,False,0.776,0.601,5,-9.553,1,0.0848,0.127,0.611,0.127,0.347
51,False,0.396,0.0373,9,-18.642,1,0.0416,0.907,4.41e-05,0.111,0.302
56,False,0.0633,0.0976,5,-20.081,1,0.0496,0.72,0.792,0.108,0.0344
77,False,0.447,0.848,2,-6.175,1,0.222,0.033,7.46e-05,0.65,0.485
23,False,0.568,0.792,6,-12.541,1,0.938,0.828,0.0,0.671,0.191
44,False,0.708,0.884,7,-3.427,1,0.12,0.0421,0.0,0.288,0.498
31,False,0.563,0.696,6,-6.638,1,0.0316,0.517,0.186,0.346,0.0759
42,False,0.517,0.742,4,-6.067,0,0.0725,0.0995,0.0125,0.0947,0.0637
18,False,0.594,0.954,8,-0.943,0,0.256,0.00221,0.49,0.444,0.231
0,False,0.463,0.55,1,-9.513,1,0.0394,0.459,0.0004,0.0667,0.452
45,False,0.47,0.0485,4,-16.931,1,0.0516,0.973,0.923,0.109,0.181
0,False,0.738,0.869,9,-5.118,1,0.0401,0.123,0.0,0.277,0.92
17,False,0.638,0.689,8,0.777,1,0.0673,0.00158,0.789,0.0795,0.891
46,False,0.618,0.777,8,-5.954,1,0.0347,0.253,0.0,0.0665,0.708
53,False,0.56,0.859,5,-2.747,1,0.0694,0.00802,0.0,0.0541,0.768
78,False,0.668,0.727,7,-6.55,0,0.027,0.514,1.9e-05,0.1,0.939
48,False,0.436,0.674,10,-12.834,1,0.0368,0.664,0.0044,0.266,0.752
54,False,0.504,0.945,2,-4.585,1,0.175,0.00437,0.000636,0.158,0.37
21,False,0.371,0.22,0,-17.693,1,0.0361,0.947,0.94,0.108,0.209
41,False,0.722,0.339,5,-11.72,1,0.0392,0.741,3.93e-06,0.0805,0.626
0,True,0.428,0.704,6,-8.018,0,0.0808,0.000156,0.00223,0.0933,0.703
55,False,0.663,0.822,9,-2.909,1,0.0557,0.00413,0.00318,0.234,0.567
62,False,0.633,0.976,8,-5.362,1,0.0519,0.00281,1.29e-05,0.382,0.493
26,True,0.605,0.865,1,-6.71,1,0.262,0.00407,0.000261,0.958,0.785
0,False,0.654,0.898,7,-5.964,1,0.0413,0.0844,0.0347,0.316,0.722
19,False,0.79,0.895,6,-0.654,1,0.198,0.122,0.000173,0.636,0.516
29,False,0.762,0.887,2,-5.103,1,0.0691,0.0908,6.9e-06,0.103,0.655
22,False,0.564,0.982,1,-1.992,0,0.0455,0.0386,0.844,0.129,0.868
33,False,0.676,0.86,9,-5.349,1,0.0446,0.214,0.000233,0.106,0.552
25,False,0.441,0.877,10,-4.764,0,0.19,0.105,0.000159,0.12,0.755
77,False,0.64,0.533,0,-6.596,1,0.0706,0.119,0.0,0.0864,0.515
61,True,0.213,0.957,3,-2.967,1,0.235,0.00156,0.0,0.394,0.157
18,False,0.853,0.576,11,-9.167,0,0.157,0.0218,0.00219,0.0906,0.642
54,False,0.776,0.814,0,-5.86,0,0.0737,0.0336,0.0,0.109,0.831
41,False,0.629,0.875,5,-7.806,1,0.0662,0.00381,0.0,0.152,0.92
26,False,0.792,0.164,10,-12.847,0,0.057,0.826,0.893,0.0982,0.354
0,False,0.677,0.744,10,-6.806,0,0.0296,0.0405,0.000153,0.074,0.631
36,False,0.743,0.796,1,-8.375,1,0.0428,0.0806,0.88,0.0951,0.245
29,False,0.583,0.924,2,-8.277,1,0.0314,0.042,0.00531,0.355,0.817
47,False,0.452,0.659,11,-9.614,0,0.0682,0.0881,0.0183,0.0907,0.355
19,False,0.158,0.281,3,-8.069,1,0.0376,0.957,0.0062,0.104,0.0485
32,False,0.685,0.537,7,-10.02,1,0.0593,0.308,1.41e-05,0.131,0.923
45,False,0.485,0.659,0,-10.508,1,0.0321,0.0133,0.000195,0.166,0.66
28,False,0.535,0.863,7,-2.659,1,0.0365,0.089,0.0547,0.103,0.96
32,False,0.106,0.061,7,-26.636,1,0.0434,0.939,0.924,0.107,0.0818
48,False,0.826,0.793,6,-3.645,0,0.047,0.00518,0.00347,0.05,0.261
1,False,0.533,0.426,9,-9.525,0,0.0297,0.46,0.0,0.1,0.152
1,False,0.448,0.606,3,-4.565,1,0.0609,0.577,0.0,0.217,0.483
3,True,0.779,0.705,6,-5.891,0,0.163,0.00471,0.0,0.0971,0.196
56,False,0.573,0.549,0,-4.448,0,0.0269,0.269,8.97e-05,0.383,0.311
53,True,0.791,0.89,6,-4.845,1,0.0906,0.166,0.00319,0.489,0.256
38,False,0.842,0.693,6,-4.895,1,0.0381,0.307,0.00241,0.159,0.929
41,True,0.731,0.943,4,-5.043,1,0.0688,0.00305,0.586,0.732,0.0335
21,False,0.591,0.429,9,-8.8,0,0.0331,0.739,0.0,0.219,0.324
44,False,0.594,0.651,9,-5.484,0,0.0394,0.62,0.0,0.0782,0.397
39,False,0.404,0.979,9,-5.348,0,0.0551,0.00148,1.41e-05,0.0818,0.686
8,False,0.809,0.762,6,-7.206,1,0.121,0.00801,0.73,0.0663,0.507
49,False,0.32,0.923,6,-2.581,0,0.199,0.00666,0.00183,0.0823,0.329
44,False,0.497,0.442,3,-11.106,1,0.0337,0.728,7.03e-05,0.116,0.158
0,False,0.579,0.502,8,-7.57,1,0.0513,0.733,0.0,0.281,0.836
20,False,0.759,0.927,7,-3.969,1,0.051,0.0145,0.39,0.0639,0.655
47,False,0.731,0.403,2,-13.776,1,0.303,0.536,0.000443,0.126,0.15
36,False,0.216,0.477,11,-8.637,1,0.0313,0.326,0.0,0.893,0.163
32,False,0.616,0.757,9,-6.048,0,0.028,0.00033,1.14e-05,0.279,0.831
65,False,0.68,0.701,0,-10.46,1,0.0275,0.0341,0.00479,0.114,0.824
55,False,0.537,0.211,6,-13.477,0,0.0312,0.557,0.804,0.101,0.0399
23,False,0.841,0.647,0,-7.153,0,0.0525,0.579,0.000482,0.204,0.783
21,False,0.574,0.707,9,-5.527,1,0.0311,0.67,0.0267,0.295,0.829
2,False,0.765,0.833,10,-5.162,0,0.0873,0.0376,0.268,0.0824,0.837
8,False,0.885,0.438,1,-14.672,1,0.441,0.192,0.0,0.404,0.843
62,False,0.63,0.655,7,-9.725,1,0.0241,0.221,0.00124,0.114,0.91
0,False,0.302,0.096,2,-28.927,0,0.0309,0.972,0.903,0.098,0.382
22,False,0.734,0.305,2,-11.646,1,0.0484,0.87,0.888,0.1,0.273
63,False,0.452,0.866,1,-4.431,1,0.04,0.0041,0.0,0.134,0.291
50,False,0.657,0.63,7,-8.885,1,0.0449,0.149,0.834,0.406,0.106
37,False,0.413,0.918,9,-6.683,1,0.0414,0.0292,0.0,0.305,0.898
43,False,0.358,0.677,5,-12.191,1,0.0807,0.215,0.0,0.508,0.442
44,False,0.299,0.416,0,-9.065,1,0.0318,0.662,0.0,0.707,0.131
40,False,0.639,0.886,1,-4.982,1,0.387,0.0413,0.0,0.212,0.837
37,False,0.298,0.963,1,-3.105,1,0.0473,0.0108,0.0,0.178,0.407
62,False,0.498,0.628,7,-5.709,0,0.0317,0.00686,0.0,0.362,0.218
20,False,0.509,0.983,6,-2.235,0,0.0613,0.0603,0.401,0.0675,0.375
52,False,0.33,0.0295,3,-27.731,1,0.0419,0.961,0.918,0.122,0.0547
78,False,0.72,0.808,6,-5.627,1,0.0379,0.00793,0.0293,0.0634,0.869
38,False,0.512,0.75,8,-7.668,1,0.0568,0.342,0.0,0.162,0.395
66,False,0.466,0.67,8,-4.701,1,0.0297,0.155,0.0,0.145,0.395
0,False,0.402,0.942,9,-8.659,1,0.11,0.00178,0.00183,0.869,0.209
59,False,0.338,0.668,4,-8.963,0,0.031,0.00275,1.15e-06,0.192,0.358
53,True,0.752,0.595,9,-6.763,0,0.121,0.18,0.0,0.291,0.746
1,False,0.439,0.196,0,-16.093,1,0.0601,0.88,0.0,0.0513,0.525
50,False,0.452,0.484,2,-5.88,0,0.031,0.75,0.0,0.141,0.198
51,False,0.428,0.972,2,-1.998,0,0.0666,7.16e-05,0.0736,0.0787,0.225
0,False,0.474,0.771,10,-5.719,1,0.0571,0.115,0.0,0.0712,0.898
53,False,0.428,0.512,0,-10.527,1,0.0489,0.77,2.37e-05,0.103,0.186
0,False,0.786,0.859,0,-3.744,1,0.0331,0.261,0.00016,0.11,0.964
33,False,0.613,0.425,9,-10.678,1,0.0676,0.844,1.08e-05,0.149,0.491
35,False,0.454,0.766,10,-6.856,0,0.0564,0.0194,0.433,0.366,0.0386
20,False,0.547,0.874,7,-6.505,1,0.0423,0.00151,0.331,0.282,0.124
24,True,0.351,0.857,8,-5.539,1,0.0379,4.36e-05,2.68e-05,0.0857,0.382
53,False,0.647,0.93,4,-1.725,0,0.0436,0.000956,0.241,0.271,0.185
57,True,0.73,0.61,8,-7.784,0,0.238,0.373,0.0,0.144,0.8
0,False,0.446,0.814,9,-3.421,1,0.0306,0.000682,0.000814,0.101,0.554
22,False,0.808,0.841,8,-5.99,1,0.048,0.402,0.00048,0.185,0.891
56,False,0.67,0.956,1,-4.381,1,0.16,0.177,3.65e-05,0.726,0.337
0,False,0.627,0.704,0,-8.415,1,0.0497,0.0458,0.0859,0.113,0.781
48,False,0.905,0.676,10,-4.349,0,0.0518,0.219,0.0774,0.116,0.776
77,False,0.736,0.569,8,-3.559,0,0.0779,0.144,5.27e-05,0.112,0.433
39,False,0.629,0.732,9,-4.179,1,0.0497,0.605,5.72e-05,0.193,0.449
37,False,0.591,0.765,2,-2.949,0,0.0519,0.0671,0.0,0.0677,0.495
1,False,0.598,0.95,2,-3.358,1,0.0848,0.00167,0.000388,0.154,0.577
23,False,0.587,0.932,3,-5.204,1,0.0654,0.0439,0.958,0.0591,0.274
0,False,0.886,0.708,4,-5.915,0,0.0911,0.107,0.0114,0.044,0.965
16,True,0.283,0.832,1,-12.433,0,0.106,7.87e-06,0.482,0.15,0.347
0,False,0.364,0.11,4,-18.897,1,0.0771,0.985,0.924,0.111,0.15
54,False,0.462,0.905,0,-3.825,0,0.0438,0.00066,0.0402,0.0839,0.253
53,False,0.418,0.79,4,-6.599,0,0.0506,0.0284,9.96e-06,0.117,0.197
63,False,0.479,0.733,0,-8.753,1,0.0256,0.306,2.4e-05,0.414,0.806
55,False,0.726,0.357,10,-8.727,1,0.044,0.862,0.915,0.134,0.644
57,False,0.391,0.871,1,-3.196,0,0.0397,8.25e-05,0.0,0.137,0.552
20,False,0.615,0.694,0,-10.525,1,0.0312,0.287,0.826,0.121,0.745
0,False,0.682,0.838,7,-5.124,1,0.0861,0.377,0.000414,0.12,0.461
54,False,0.721,0.239,7,-21.909,1,0.0805,0.455,0.658,0.283,0.217
23,False,0.41,0.356,5,-9.666,1,0.0234,0.657,1.35e-05,0.266,0.196
26,False,0.498,0.702,5,-7.934,0,0.0366,0.354,0.0,0.684,0.291
2,False,0.791,0.534,9,-13.261,0,0.0355,0.0749,1.99e-06,0.156,0.963
46,False,0.648,0.893,2,-3.166,1,0.204,0.486,0.0,0.952,0.71
33,False,0.837,0.878,4,-5.509,0,0.19,0.186,0.0,0.0678,0.774
42,False,0.685,0.755,1,-6.231,0,0.0912,0.727,0.0,0.271,0.889
0,False,0.537,0.884,0,-4.088,0,0.0428,0.0121,1.71e-06,0.113,0.397
0,False,0.726,0.779,1,-7.057,0,0.0251,0.0178,0.00178,0.104,0.841
53,True,0.949,0.554,0,-5.678,1,0.28,0.00602,0.0,0.104,0.518
60,False,0.292,0.766,11,-5.206,1,0.0563,0.197,0.0,0.243,0.468
24,False,0.252,0.824,1,-7.813,1,0.0842,3.33e-05,0.454,0.401,0.104
21,False,0.349,0.538,1,-13.164,1,0.0385,0.989,0.911,0.127,0.242
49,False,0.416,0.559,0,-10.751,0,0.0349,0.00346,0.0831,0.148,0.152
78,True,0.495,0.856,0,-5.123,0,0.0311,0.000219,0.0,0.103,0.609
0,False,0.628,0.683,7,-5.565,0,0.0467,0.246,0.0,0.176,0.462
5,False,0.825,0.807,6,-5.753,1,0.095,0.0741,4.79e-06,0.138,0.816
22,False,0.534,0.0106,1,-21.413,1,0.0738,0.989,0.942,0.0961,0.17
0,False,0.282,0.478,9,-6.411,1,0.0322,0.835,0.186,0.166,0.127
43,False,0.471,0.941,7,-7.538,1,0.0826,7.31e-05,0.911,0.348,0.392
48,False,0.596,0.814,0,-10.054,1,0.03,0.00129,0.776,0.467,0.177
62,False,0.643,0.268,11,-15.073,0,0.09,0.593,2.06e-06,0.316,0.62
21,True,0.594,0.644,4,-4.63,0,0.358,0.115,0.0,0.194,0.695
34,False,0.583,0.821,5,-6.576,0,0.0571,0.00348,0.918,0.352,0.244
0,True,0.766,0.693,11,-7.832,0,0.272,0.281,0.0,0.123,0.771
0,False,0.519,0.552,2,-5.023,1,0.0259,0.18,0.0,0.149,0.331
31,False,0.645,0.809,6,-7.242,1,0.0334,0.00501,0.0343,0.105,0.0774
23,False,0.548,0.0562,2,-21.065,1,0.0357,0.924,2.54e-05,0.0955,0.198
47,False,0.72,0.334,2,-9.754,1,0.0373,0.814,0.0,0.154,0.395
50,False,0.47,0.962,2,-3.51,1,0.121,5.24e-05,0.0,0.204,0.189
11,False,0.479,0.271,7,-10.347,1,0.0334,0.841,0.0,0.533,0.621
18,True,0.348,0.99,0,-3.323,1,0.142,0.00572,4.84e-06,0.375,0.0664
53,False,0.689,0.516,10,-7.484,1,0.0259,0.616,0.0,0.291,0.767
70,False,0.598,0.571,8,-12.616,0,0.139,0.704,0.0,0.513,0.962
51,False,0.365,0.806,8,-8.948,1,0.0849,0.0518,0.52,0.135,0.388
32,False,0.732,0.83,0,-6.63,1,0.0309,0.201,3.04e-05,0.0802,0.871
27,False,0.424,0.746,4,-2.904,0,0.0651,0.455,0.0,0.565,0.239
0,False,0.696,0.448,8,-9.099,1,0.0333,0.452,2.43e-05,0.0904,0.569
14,False,0.39,0.22,9,-12.234,1,0.0286,0.833,2.29e-05,0.0978,0.335
43,False,0.488,0.762,4,-9.237,1,0.11,0.193,0.0,0.202,0.707
17,False,0.211,0.969,4,-4.581,1,0.0972,0.00014,0.00545,0.347,0.0503
35,False,0.374,0.65,7,-6.014,1,0.0421,0.145,0.0,0.327,0.391
62,False,0.631,0.643,0,-5.656,1,0.053,0.0658,0.0,0.0937,0.528
36,False,0.5,0.943,6,-3.204,1,0.0472,0.0292,0.0,0.0349,0.563
65,False,0.76,0.401,1,-9.537,0,0.0674,0.564,0.259,0.0977,0.619
0,False,0.693,0.287,0,-12.554,0,0.0453,0.669,2.03e-06,0.138,0.368
39,False,0.727,0.543,10,-9.773,0,0.0549,0.0264,0.496,0.0957,0.423
32,False,0.64,0.664,0,-4.73,1,0.0289,0.196,0.0,0.31,0.879
53,False,0.606,0.304,0,-11.546,1,0.22,0.739,0.265,0.117,0.744
62,False,0.954,0.777,2,-7.935,0,0.0422,0.0541,0.786,0.111,0.952
35,False,0.552,0.5,8,-6.997,1,0.0272,0.695,0.0,0.296,0.608
47,False,0.674,0.936,11,-4.477,0,0.0832,0.0302,0.661,0.556,0.75
54,False,0.463,0.192,9,-13.229,1,0.0338,0.706,8.46e-05,0.105,0.135
62,False,0.461,0.961,8,-3.011,1,0.0479,6.39e-06,0.14,0.308,0.416
34,False,0.34,0.906,9,-5.636,0,0.0569,0.00192,0.0103,0.938,0.357
34,False,0.586,0.552,0,-6.582,1,0.0406,0.0414,0.0,0.0949,0.193
16,False,0.397,0.978,10,-2.837,0,0.0684,0.000577,0.9,0.155,0.392
70,True,0.711,0.906,8,-2.671,1,0.0284,0.00952,1.64e-05,0.153,0.824
23,False,0.465,0.966,0,-2.372,0,0.0999,0.00206,0.00907,0.143,0.542
48,False,0.61,0.672,0,-7.803,1,0.0883,0.107,0.0,0.182,0.785
41,False,0.631,0.802,11,-7.339,0,0.0764,0.284,0.0,0.823,0.836
54,False,0.381,0.982,7,-2.865,1,0.271,0.00071,0.172,0.36,0.23
1,False,0.795,0.565,3,-4.457,0,0.0948,0.131,0.0,0.0802,0.55
50,False,0.497,0.656,7,-6.716,1,0.0374,0.0141,0.0,0.0577,0.0884
1,False,0.609,0.801,1,-8.483,0,0.0694,0.0246,0.00255,0.37,0.202
46,True,0.654,0.754,5,-8.915,0,0.292,0.196,0.0,0.098,0.476
43,True,0.94,0.544,10,-7.326,0,0.112,0.0306,0.00414,0.251,0.722
30,False,0.781,0.755,7,-7.015,1,0.0395,0.564,0.00267,0.126,0.597
66,False,0.633,0.723,8,-5.733,0,0.143,0.107,0.0,0.0818,0.688
22,False,0.396,0.869,0,-5.152,1,0.0831,0.124,0.00103,0.276,0.811
42,False,0.424,0.272,9,-11.402,0,0.0295,0.596,4.64e-06,0.216,0.171
2,True,0.604,0.704,5,-6.564,1,0.0477,0.241,0.0,0.137,0.399
34,False,0.517,0.981,9,-1.222,1,0.11,0.069,0.0,0.061,0.654
0,False,0.546,0.971,5,-3.451,0,0.0636,0.000132,0.0,0.0731,0.473
1,True,0.548,0.808,10,-5.484,1,0.0398,7.19e-05,0.00341,0.114,0.475
37,False,0.833,0.497,2,-9.487,0,0.0516,0.783,5.53e-05,0.12,0.722
76,False,0.818,0.913,4,-3.06,0,0.0426,0.093,3.69e-05,0.161,0.536
0,False,0.636,0.67,9,-10.958,1,0.257,0.582,0.0,0.0453,0.572
0,False,0.516,0.217,4,-18.26,0,0.0445,0.989,0.916,0.0761,0.461
0,False,0.554,0.757,11,-8.653,0,0.0705,0.00543,0.0541,0.258,0.907
58,False,0.847,0.934,9,-5.381,1,0.0442,0.00783,0.494,0.0797,0.863
41,False,0.61,0.865,5,-4.307,0,0.0375,0.0154,0.000232,0.278,0.212
35,False,0.477,0.798,0,-4.41,1,0.0337,0.00357,0.0,0.0745,0.658
32,False,0.317,0.94,10,-3.547,0,0.0873,4.05e-05,0.0956,0.423,0.667
28,False,0.822,0.0644,1,-19.105,0,0.112,0.961,0.888,0.109,0.219
19,False,0.236,0.206,5,-11.5,1,0.0332,0.482,0.0,0.0753,0.144
70,True,0.769,0.688,7,-4.378,1,0.0501,0.00215,0.107,0.088,0.387
24,False,0.561,0.284,1,-15.309,0,0.0491,0.791,0.86,0.107,0.825
52,False,0.512,0.738,6,-9.004,0,0.0356,0.576,0.0418,0.238,0.791
60,False,0.54,0.0674,9,-13.778,1,0.0368,0.888,0.000382,0.109,0.12
20,False,0.324,0.584,10,-10.741,1,0.0325,0.000958,0.000308,0.144,0.334
63,False,0.697,0.829,9,-8.869,0,0.0399,0.0314,0.283,0.307,0.0398
58,False,0.694,0.695,4,-5.035,0,0.0276,0.324,0.0,0.177,0.668
16,False,0.242,0.927,7,-7.412,1,0.19,0.00536,0.585,0.531,0.28
54,False,0.673,0.894,9,-5.587,0,0.0355,0.0287,0.000247,0.16,0.558
0,True,0.378,0.664,1,-6.698,1,0.0407,0.542,0.00397,0.11,0.0941
1,False,0.741,0.787,5,-6.228,1,0.0525,0.217,0.0179,0.0835,0.771
39,False,0.805,0.609,7,-5.761,1,0.0298,0.521,0.0,0.957,0.438
35,False,0.538,0.143,9,-17.986,1,0.0345,0.728,6.58e-06,0.234,0.323
45,False,0.566,0.576,6,-7.652,0,0.121,0.629,0.0,0.534,0.3
27,False,0.718,0.911,2,-4.477,1,0.0463,0.0581,3.45e-05,0.103,0.872
0,False,0.449,0.571,4,-7.119,1,0.0492,0.00604,0.701,0.0748,0.448
36,False,0.677,0.879,8,-5.342,0,0.0436,0.222,0.0,0.385,0.797
28,False,0.383,0.208,4,-13.747,1,0.0286,0.714,0.0,0.319,0.3
40,False,0.796,0.587,4,-11.021,0,0.0303,0.49,8.37e-06,0.0977,0.837
40,False,0.547,0.691,7,-7.868,1,0.0394,0.693,0.0,0.297,0.848
31,False,0.635,0.495,2,-11.321,1,0.0234,0.000228,0.00047,0.241,0.332
50,False,0.662,0.873,11,-3.927,1,0.0489,0.043,1.71e-06,0.338,0.532
37,False,0.794,0.58,7,-12.992,1,0.111,0.153,0.0,0.137,0.889
5,False,0.71,0.598,0,-12.083,1,0.0361,0.0268,0.451,0.111,0.294
22,True,0.618,0.994,11,-2.033,0,0.344,0.0208,0.00158,0.717,0.0943
15,False,0.725,0.173,3,-18.364,0,0.105,0.99,0.00823,0.155,0.726
1,True,0.863,0.666,1,-4.158,0,0.152,0.212,0.000493,0.103,0.838
21,False,0.471,0.847,11,-7.813,0,0.0361,1.52e-05,0.379,0.305,0.507
18,False,0.789,0.682,2,-7.472,0,0.0262,0.432,0.000179,0.253,0.905
54,False,0.417,0.377,3,-8.726,1,0.0281,0.63,0.000202,0.108,0.383
60,False,0.552,0.864,8,-6.523,0,0.0375,0.000931,0.0199,0.0856,0.898
56,False,0.694,0.295,9,-8.672,1,0.0611,0.843,1.42e-06,0.0856,0.729
12,False,0.651,0.615,8,-14.533,1,0.0292,0.00183,0.844,0.247,0.757
7,False,0.782,0.97,4,-7.723,0,0.0773,0.0836,0.936,0.0947,0.47
0,False,0.666,0.423,0,-8.012,1,0.0429,0.494,0.0,0.106,0.154
21,False,0.747,0.729,10,-3.705,1,0.0529,0.448,0.0,0.0891,0.773
43,False,0.666,0.896,7,-8.386,1,0.12,0.67,2.99e-06,0.149,0.633
55,False,0.387,0.914,9,-10.101,1,0.0862,2.7e-06,0.0,0.258,0.556
58,False,0.826,0.72,9,-9.582,0,0.119,0.103,0.773,0.11,0.287
0,False,0.634,0.724,5,-4.564,1,0.0431,0.129,0.0,0.09,0.302
63,False,0.509,0.778,11,-3.608,1,0.0295,0.00998,0.0,0.19,0.216
54,False,0.74,0.589,10,-5.33,0,0.0368,0.325,0.00766,0.108,0.893
71,False,0.84,0.656,6,-5.162,0,0.0401,0.0287,4.38e-06,0.0714,0.783
27,False,0.361,0.927,8,-4.428,0,0.12,0.062,1.38e-06,0.0564,0.344
50,False,0.688,0.682,10,-6.345,0,0.0709,0.101,0.0,0.297,0.506
18,False,0.422,0.603,9,-8.537,1,0.0315,0.117,0.0,0.206,0.46
55,False,0.498,0.878,2,-1.025,1,0.0738,0.0129,6.89e-06,0.544,0.563
82,False,0.559,0.345,4,-13.496,1,0.0459,0.0576,0.000105,0.141,0.458
48,False,0.765,0.534,2,-6.867,1,0.101,0.258,4.82e-06,0.102,0.512
41,False,0.757,0.444,1,-16.821,1,0.25,0.186,9.23e-06,0.0915,0.382
22,False,0.455,0.66,7,-7.92,1,0.0283,0.744,0.91,0.159,0.607
22,False,0.508,0.795,9,-12.021,1,0.961,0.708,0.0,0.872,0.0798
83,False,0.687,0.792,5,-2.749,1,0.0452,0.191,0.0,0.167,0.671
52,False,0.233,0.0549,9,-26.117,1,0.0438,0.918,0.124,0.0509,0.138
22,False,0.429,0.202,4,-11.807,1,0.0595,0.896,0.000377,0.705,0.185
23,False,0.636,0.945,9,-4.814,1,0.0598,0.106,0.0,0.0729,0.691
0,False,0.673,0.712,11,-7.858,0,0.0273,0.159,0.0,0.183,0.912
12,False,0.26,0.848,1,-9.39,1,0.0747,2.61e-05,0.796,0.131,0.376
63,False,0.518,0.679,11,-5.406,0,0.0355,0.079,4.85e-05,0.0588,0.106
40,False,0.501,0.969,7,-2.011,1,0.353,0.0132,5.15e-06,0.139,0.17
51,False,0.602,0.547,0,-6.954,1,0.0304,0.011,0.0,0.117,0.508
24,False,0.373,0.142,7,-14.455,1,0.0357,0.74,2.35e-06,0.0705,0.16
23,False,0.427,0.937,11,-2.867,0,0.251,0.00578,1.62e-05,0.326,0.0715
0,False,0.677,0.432,0,-8.805,1,0.033,0.285,0.0,0.12,0.553
55,False,0.477,0.0489,4,-17.039,1,0.0611,0.929,0.0,0.0686,0.356
10,False,0.708,0.895,1,-5.795,1,0.044,9.54e-05,0.896,0.106,0.372
41,False,0.682,0.915,9,-3.633,1,0.0454,0.00193,0.00793,0.096,0.789
25,False,0.602,0.933,10,-4.886,1,0.0471,0.00172,0.0325,0.372,0.519
2,True,0.709,0.56,4,-4.867,0,0.171,0.034,0.0,0.315,0.541
43,True,0.534,0.403,5,-12.384,1,0.0343,0.0166,0.0697,0.213,0.227
24,True,0.685,0.489,10,-6.32,0,0.0316,0.0122,0.254,0.0734,0.791
41,False,0.579,0.389,11,-6.598,1,0.0437,0.846,6.99e-05,0.128,0.316
2,False,0.786,0.764,11,-2.935,1,0.0798,0.121,0.0,0.102,0.913
0,False,0.378,0.934,11,-3.702,0,0.107,0.0013,0.0149,0.322,0.602
58,False,0.68,0.534,7,-7.001,1,0.08,0.0535,0.0,0.438,0.411
6,False,0.202,0.164,0,-19.458,0,0.0464,0.299,0.927,0.0897,0.0388
0,False,0.631,0.569,5,-5.956,0,0.0438,0.728,0.0,0.27,0.874
0,False,0.223,0.91,7,-7.097,1,0.08,0.0116,0.000518,0.212,0.364
74,False,0.435,0.658,7,-5.949,0,0.0368,0.699,0.0,0.125,0.524
33,False,0.428,0.564,0,-6.179,1,0.038,0.153,0.0,0.0532,0.452
61,False,0.262,0.867,8,-4.472,1,0.0481,0.00216,0.00173,0.0858,0.485
54,False,0.69,0.306,9,-9.193,1,0.0356,0.805,0.0,0.0968,0.424
51,False,0.582,0.538,2,-9.395,0,0.0353,0.636,2.23e-06,0.868,0.355
13,False,0.5,0.166,11,-18.129,0,0.0439,0.818,0.836,0.262,0.25
22,False,0.583,0.193,0,-18.591,1,0.0344,0.534,3.16e-06,0.332,0.445
33,False,0.467,0.914,7,-7.315,1,0.0883,0.0035,0.0,0.349,0.672
21,False,0.15,0.771,10,-10.871,1,0.0474,0.00056,0.00024,0.491,0.333
52,False,0.814,0.43,7,-13.563,1,0.263,0.824,0.647,0.108,0.742
0,False,0.534,0.533,5,-6.161,0,0.047,0.5,0.0,0.0875,0.478
21,False,0.655,0.62,10,-7.736,1,0.0394,0.75,0.615,0.191,0.763
0,False,0.78,0.788,1,-7.476,1,0.0661,0.00332,0.0865,0.101,0.289
46,False,0.457,0.812,2,-3.795,1,0.0343,0.00497,1.79e-06,0.64,0.37
29,False,0.606,0.701,0,-4.752,1,0.0266,0.238,0.0,0.128,0.771
56,False,0.48,0.39,5,-14.253,1,0.149,0.743,1.75e-05,0.137,0.642
49,False,0.49,0.835,4,-6.323,0,0.0332,8.38e-05,0.00373,0.0908,0.519
0,False,0.618,0.439,9,-5.63,1,0.0269,0.424,0.0,0.127,0.242
44,False,0.726,0.761,9,-5.036,0,0.0432,0.162,0.00122,0.0879,0.558
55,False,0.428,0.442,7,-10.485,1,0.0303,0.775,0.000132,0.0818,0.687
13,False,0.624,0.78,5,-9.417,0,0.046,0.784,0.905,0.101,0.525
74,False,0.657,0.768,8,-4.628,1,0.0507,0.108,0.0,0.144,0.759
77,False,0.781,0.768,11,-5.991,1,0.0394,0.0119,4.91e-06,0.325,0.486
0,False,0.609,0.485,8,-11.166,1,0.091,0.112,2.08e-05,0.0967,0.736
0,False,0.691,0.901,4,-6.429,0,0.0546,0.0533,0.684,0.617,0.332
62,False,0.715,0.744,9,-4.963,1,0.0487,0.233,0.000159,0.122,0.746
0,False,0.633,0.742,2,-5.686,1,0.0583,0.196,0.000939,0.0817,0.557
23,False,0.295,0.757,2,-6.949,1,0.0527,0.000883,1.17e-06,0.124,0.329
25,False,0.574,0.977,9,-3.274,1,0.0701,0.0294,0.0,0.0816,0.778
60,False,0.564,0.613,11,-5.055,1,0.0318,0.111,3.22e-06,0.0825,0.48
26,False,0.319,0.257,11,-13.782,1,0.0328,0.786,0.713,0.109,0.063
16,False,0.33,0.357,11,-8.439,0,0.0334,0.918,0.0194,0.0983,0.139
1,False,0.288,0.955,7,-4.424,1,0.171,4.65e-05,0.139,0.394,0.0916
36,False,0.39,0.919,7,-4.311,1,0.0908,0.00396,0.000415,0.305,0.616
68,False,0.549,0.619,4,-6.924,0,0.0344,0.372,7.67e-06,0.146,0.407
0,False,0.74,0.892,11,-2.756,0,0.0664,0.025,0.0,0.188,0.826
48,True,0.885,0.869,6,-4.939,1,0.0552,0.00211,7.85e-06,0.0325,0.702
42,False,0.703,0.57,10,-7.556,0,0.0723,0.131,1.28e-05,0.116,0.583
37,False,0.439,0.803,2,-5.073,1,0.0414,0.000445,0.0,0.0556,0.543
0,False,0.635,0.393,9,-10.889,1,0.0394,0.652,0.0,0.0845,0.97
43,False,0.741,0.894,1,-7.648,1,0.0955,0.33,0.000149,0.109,0.964
46,False,0.605,0.727,7,-4.831,0,0.096,0.0936,0.000156,0.0526,0.865
22,False,0.709,0.922,10,-4.518,0,0.364,0.104,0.0,0.176,0.962
67,False,0.84,0.344,5,-8.613,0,0.0374,0.456,3.36e-05,0.35,0.526
22,False,0.573,0.993,3,-2.806,1,0.196,0.426,2.53e-06,0.308,0.425
20,False,0.363,0.741,7,-2.763,1,0.358,0.207,0.00016,0.434,0.47
53,False,0.85,0.071,7,-15.977,1,0.0805,0.976,9.42e-05,0.109,0.601
53,False,0.463,0.638,2,-4.37,1,0.0693,0.0299,3.19e-05,0.0876,0.278
48,False,0.619,0.0327,10,-20.273,0,0.0371,0.995,0.712,0.0865,0.0785
33,False,0.486,0.89,9,-7.16,1,0.0416,0.104,0.000342,0.127,0.872
51,False,0.739,0.39,11,-12.118,0,0.0918,0.0475,0.132,0.0732,0.285
25,False,0.279,0.343,10,-12.315,1,0.0401,0.875,3.89e-06,0.109,0.14
0,False,0.532,0.989,0,-4.025,0,0.101,0.000525,0.656,0.271,0.462
42,False,0.42,0.567,1,-7.933,1,0.0351,0.11,0.0,0.123,0.156
70,False,0.649,0.798,2,-4.346,1,0.178,0.226,0.0,0.0711,0.857
43,False,0.54,0.705,8,-4.046,1,0.053,0.0618,0.000849,0.111,0.131
0,True,0.737,0.607,0,-3.599,1,0.0835,0.194,0.11,0.132,0.528
28,False,0.484,0.954,1,-3.773,1,0.0551,0.0138,2.31e-06,0.355,0.622
75,True,0.461,0.897,3,-3.982,0,0.092,0.00821,0.0,0.0965,0.358
32,False,0.253,0.988,9,-5.477,0,0.0936,0.0034,0.0118,0.071,0.436
33,False,0.42,0.75,11,-4.926,0,0.102,0.0731,0.0211,0.0562,0.622
70,False,0.448,0.61,3,-2.695,0,0.0342,0.0102,0.000491,0.135,0.214
84,False,0.748,0.841,7,-5.08,1,0.177,0.00445,1.33e-06,0.0413,0.717
50,False,0.728,0.579,5,-9.778,0,0.0525,0.017,0.682,0.0654,0.0367
41,False,0.674,0.46,7,-9.525,1,0.0284,0.0104,1.03e-05,0.0745,0.266
21,False,0.626,0.557,7,-10.568,0,0.0414,0.408,0.149,0.165,0.276
48,False,0.652,0.969,1,0.074,1,0.333,0.00211,0.00252,0.337,0.361
66,False,0.788,0.605,1,-5.586,1,0.0578,0.00899,0.00275,0.318,0.427
12,False,0.619,0.936,0,-6.25,1,0.0441,0.000101,0.813,0.0925,0.432
57,False,0.724,0.6,11,-12.024,0,0.4,0.636,0.0,0.133,0.731
79,False,0.56,0.936,3,-5.835,1,0.0439,0.00847,0.0,0.161,0.371
0,True,0.775,0.55,9,-3.765,1,0.0345,0.183,0.0,0.0434,0.72
68,False,0.246,0.991,9,-3.903,1,0.087,0.00944,0.0753,0.867,0.415
56,False,0.578,0.826,0,-4.577,0,0.0796,0.0668,0.00074,0.367,0.216
4,False,0.795,0.229,9,-16.01,0,0.248,0.429,0.000576,0.623,0.383
45,False,0.582,0.5,2,-8.698,0,0.0429,0.697,0.000452,0.958,0.356
52,False,0.718,0.385,3,-11.405,0,0.398,0.963,0.000156,0.32,0.466
39,False,0.32,0.614,3,-5.054,1,0.0319,0.515,0.000681,0.144,0.171
0,False,0.651,0.783,0,-6.162,1,0.0501,0.045,0.0,0.0628,0.311
71,False,0.414,0.486,6,-6.431,0,0.0311,0.0129,0.0,0.111,0.368
24,False,0.2,0.00571,5,-27.969,1,0.0386,0.961,0.825,0.0917,0.154
61,False,0.837,0.708,1,-5.606,1,0.0722,0.128,0.761,0.386,0.827
21,False,0.647,0.459,0,-7.426,1,0.0257,0.157,0.0,0.0917,0.508
62,False,0.527,0.242,6,-13.546,1,0.0313,0.939,0.0435,0.114,0.112
23,False,0.498,0.948,6,-5.832,1,0.0776,7.17e-05,0.0348,0.0775,0.509
22,True,0.523,0.81,6,-5.265,1,0.294,0.00184,1e-06,0.0744,0.738
19,False,0.572,0.92,10,-2.708,1,0.0831,0.00588,0.00124,0.142,0.588
29,False,0.705,0.837,4,-5.282,0,0.229,0.182,2.03e-06,0.195,0.831
27,True,0.359,0.991,9,-4.225,1,0.257,0.000132,0.000166,0.505,0.141
38,False,0.742,0.514,6,-10.919,1,0.0504,0.411,0.0,0.385,0.79
26,False,0.393,0.979,0,-3.104,1,0.0452,7.18e-06,1.44e-05,0.319,0.44
22,False,0.546,0.191,0,-19.721,1,0.0347,0.888,0.00285,0.154,0.598
70,False,0.455,0.487,7,-7.112,1,0.0264,0.114,2.43e-06,0.358,0.139
67,False,0.359,0.955,4,-2.323,0,0.12,0.00116,0.0,0.349,0.446
40,False,0.59,0.705,0,-8.631,1,0.0324,0.0081,1.94e-05,0.716,0.307
36,False,0.535,0.967,7,-4.333,0,0.0528,0.00711,1.31e-06,0.288,0.422
9,False,0.541,0.504,9,-8.12,0,0.0529,0.785,0.323,0.107,0.435
12,False,0.694,0.768,0,-4.971,1,0.238,0.00199,0.00225,0.0412,0.435
1,False,0.591,0.518,10,-8.632,1,0.0303,0.498,0.0,0.034,0.777
63,False,0.787,0.537,1,-6.827,0,0.204,0.594,6.26e-05,0.114,0.346
55,False,0.392,0.936,5,-6.532,1,0.0849,0.000221,0.839,0.407,0.564
66,False,0.59,0.632,7,-7.996,1,0.0376,0.301,0.0,0.169,0.345
68,False,0.579,0.714,0,-4.455,1,0.0347,0.00258,0.0269,0.111,0.299
43,False,0.48,0.976,2,-3.24,1,0.0552,0.0224,0.0,0.145,0.941
36,False,0.418,0.965,10,-4.033,0,0.102,2.6e-05,0.000236,0.083,0.76
51,False,0.518,0.48,3,-8.115,1,0.0305,0.444,0.0,0.0876,0.197
0,False,0.296,0.0817,0,-22.717,0,0.0661,0.959,0.00176,0.69,0.219
47,False,0.595,0.526,9,-6.173,1,0.0255,0.487,0.0,0.373,0.489
19,False,0.378,0.0126,0,-31.024,0,0.0396,0.966,0.85,0.109,0.068
39,False,0.669,0.967,9,-3.814,1,0.128,0.142,0.0,0.0528,0.6
51,False,0.168,0.475,2,-5.732,1,0.0349,0.911,0.929,0.124,0.0523
71,False,0.54,0.11,8,-19.885,1,0.0328,0.498,0.000614,0.0781,0.172
35,False,0.686,0.875,1,-3.705,0,0.0784,0.0327,0.000118,0.279,0.499
46,False,0.481,0.379,2,-10.612,1,0.0449,0.899,2.24e-06,0.13,0.401
46,False,0.399,0.604,2,-4.325,1,0.0288,0.00426,0.00126,0.386,0.146
27,False,0.478,0.827,0,-6.023,1,0.0722,0.00739,8.83e-06,0.322,0.313
24,False,0.513,0.37,8,-17.108,1,0.032,0.0131,0.0124,0.0991,0.509
37,False,0.369,0.521,2,-8.896,1,0.0477,0.302,5.81e-05,0.31,0.664
41,False,0.522,0.857,4,-4.941,0,0.0308,0.000157,9.58e-05,0.354,0.538
40,False,0.83,0.618,1,-8.374,0,0.104,0.087,0.0,0.0512,0.849
19,False,0.655,0.596,0,-8.145,1,0.062,0.54,4.36e-06,0.0817,0.543
44,False,0.525,0.138,5,-23.333,0,0.0433,0.971,0.858,0.105,0.267
73,False,0.694,0.496,9,-14.222,1,0.0329,0.0139,0.00356,0.0644,0.799
41,False,0.721,0.644,6,-7.77,1,0.0358,0.162,0.914,0.157,0.45
18,False,0.487,0.183,6,-9.303,1,0.0343,0.844,0.0,0.125,0.394
0,True,0.603,0.744,5,-4.668,0,0.364,0.128,0.0,0.127,0.536
63,False,0.723,0.646,5,-7.973,0,0.102,0.0206,0.352,0.0994,0.443
52,False,0.325,0.855,8,-4.603,1,0.0755,0.0563,0.000299,0.298,0.497
21,False,0.707,0.769,8,-9.257,0,0.0498,0.00264,0.00861,0.0825,0.362
49,False,0.399,0.672,0,-6.185,0,0.0318,0.00359,0.0,0.567,0.275
64,False,0.624,0.596,4,-9.804,1,0.0314,0.475,0.203,0.119,0.896
26,False,0.24,0.895,7,-6.745,1,0.0639,7.08e-05,0.825,0.183,0.738
61,False,0.551,0.413,0,-7.719,1,0.0315,0.684,2.43e-06,0.111,0.391
69,False,0.395,0.508,7,-3.522,1,0.0326,0.795,3.63e-06,0.0627,0.168
29,False,0.826,0.694,1,-5.44,1,0.0469,0.0028,0.122,0.0512,0.76
71,False,0.695,0.869,8,-5.066,1,0.0483,0.41,0.0,0.237,0.58
58,False,0.464,0.391,6,-9.884,1,0.0384,0.755,9.64e-05,0.105,0.418
0,False,0.8,0.878,1,-7.109,1,0.0434,0.189,0.000104,0.14,0.816
71,False,0.694,0.7,0,-5.53,0,0.0488,0.191,0.0,0.0719,0.261
44,False,0.252,0.217,1,-10.745,0,0.0304,0.883,0.0,0.121,0.163
78,True,0.726,0.554,5,-5.29,0,0.0917,0.0421,0.0,0.106,0.335
59,False,0.383,0.422,5,-8.219,0,0.0288,0.755,4.15e-06,0.119,0.247
26,True,0.602,0.589,1,-4.836,1,0.068,0.18,0.0,0.16,0.722
33,False,0.766,0.555,6,-5.62,0,0.0425,0.00542,0.0,0.338,0.714
38,False,0.649,0.8,4,-5.866,1,0.169,0.525,0.0,0.0873,0.381
47,False,0.559,0.777,8,-5.64,0,0.369,0.0251,0.000198,0.246,0.352
69,False,0.692,0.835,6,-4.978,0,0.0628,0.0517,0.0,0.134,0.566
45,False,0.854,0.305,1,-9.032,0,0.0519,0.299,0.0,0.143,0.399
28,False,0.656,0.837,9,-7.155,0,0.0845,0.201,0.00043,0.102,0.263
66,True,0.73,0.498,5,-8.629,0,0.064,0.138,0.083,0.187,0.498
2,False,0.398,0.126,0,-21.503,1,0.0341,0.99,0.924,0.0788,0.376
81,False,0.787,0.833,8,-4.403,1,0.0478,0.018,0.00747,0.0374,0.796
46,False,0.582,0.66,7,-4.988,0,0.0544,0.399,0.0,0.127,0.484
68,False,0.401,0.364,5,-10.836,1,0.033,0.45,0.0503,0.162,0.224
49,False,0.7,0.158,2,-13.682,1,0.0398,0.817,0.0,0.11,0.329
10,False,0.673,0.931,10,-4.326,0,0.0394,0.00037,0.487,0.044,0.929
58,False,0.565,0.811,1,-3.745,0,0.057,0.0141,0.0,0.0726,0.691
43,False,0.337,0.977,7,-4.004,1,0.145,1.74e-05,0.528,0.0934,0.108
42,False,0.495,0.953,6,-5.1,1,0.0419,0.000171,0.649,0.324,0.384
36,False,0.606,0.45,5,-12.867,1,0.031,0.000401,0.00814,0.329,0.263
41,False,0.809,0.54,9,-9.276,0,0.157,0.437,5.44e-05,0.0596,0.529
23,False,0.768,0.297,3,-10.294,1,0.0533,0.853,0.0,0.118,0.414
37,False,0.382,0.223,3,-13.817,1,0.0324,0.903,3.23e-06,0.282,0.292
37,False,0.403,0.97,1,-1.233,1,0.147,0.00738,0.00101,0.32,0.658
63,False,0.85,0.28,1,-8.77,1,0.23,0.0931,0.606,0.0867,0.28
73,False,0.667,0.599,0,-8.894,1,0.0291,0.245,0.0,0.107,0.971
0,False,0.388,0.334,4,-9.886,1,0.0314,0.364,8.45e-06,0.256,0.22
29,False,0.651,0.997,8,-2.246,1,0.306,0.274,0.353,0.0847,0.0602
73,True,0.682,0.598,8,-5.694,1,0.264,0.0575,0.0,0.299,0.823
52,True,0.75,0.473,3,-7.162,1,0.18,0.598,0.0,0.27,0.49
0,False,0.598,0.833,2,-3.716,0,0.048,0.0196,0.0,0.292,0.406
41,True,0.643,0.706,0,-8.481,0,0.161,0.135,6.7e-05,0.721,0.491
47,False,0.832,0.854,9,-5.498,1,0.0441,0.000323,0.555,0.0303,0.918
65,False,0.378,0.352,3,-8.745,1,0.0354,0.812,5.17e-06,0.106,0.306
59,False,0.545,0.953,7,-5.172,1,0.0441,0.000941,0.117,0.281,0.558
33,False,0.612,0.866,7,-2.789,0,0.0922,0.0387,4.31e-05,0.0508,0.469
10,False,0.232,0.272,5,-14.867,0,0.053,0.963,0.000177,0.135,0.0412
23,False,0.544,0.986,10,-5.769,0,0.136,0.00472,0.562,0.399,0.183
47,False,0.756,0.584,2,-7.173,1,0.0431,0.261,0.000454,0.115,0.542
52,False,0.574,0.714,0,-6.344,1,0.0403,0.901,1.7e-05,0.255,0.722
52,False,0.458,0.873,5,-5.336,1,0.0439,6.05e-05,0.737,0.0664,0.551
65,True,0.372,0.888,2,-5.88,1,0.0943,0.000211,0.00442,0.115,0.555
31,False,0.396,0.746,9,-6.351,1,0.295,0.197,1.23e-06,0.0514,0.74
34,False,0.644,0.952,5,-2.797,1,0.205,0.136,0.0,0.279,0.713
48,False,0.635,0.486,11,-11.857,0,0.0698,0.707,0.0854,0.422,0.343
40,False,0.503,0.581,10,-6.928,1,0.0347,0.188,0.0,0.109,0.379
22,False,0.714,0.958,9,-3.923,0,0.0767,0.334,0.223,0.285,0.773
18,False,0.508,0.948,0,-5.855,0,0.0648,0.000515,0.0141,0.221,0.0715
48,False,0.313,0.039,8,-23.373,1,0.0344,0.986,0.915,0.114,0.065
17,False,0.44,0.968,10,-4.208,0,0.0842,6.56e-05,0.553,0.667,0.092
12,False,0.695,0.261,6,-7.062,1,0.254,0.409,0.92,0.131,0.423
7,False,0.443,0.116,7,-18.114,0,0.0495,0.959,9.33e-06,0.118,0.256
24,False,0.138,0.916,8,-6.32,1,0.104,4.68e-05,0.304,0.767,0.278
31,False,0.0,0.0353,1,-24.325,1,0.0,0.0,4.8e-05,0.424,0.0
0,False,0.44,0.838,9,-6.196,1,0.0423,0.0956,0.0,0.473,0.619
38,False,0.508,0.299,0,-7.457,0,0.0261,0.502,0.0,0.112,0.137
0,False,0.624,0.682,5,-6.535,0,0.113,0.0988,0.0,0.0818,0.399
43,False,0.599,0.242,10,-11.686,1,0.0335,0.911,0.0,0.07,0.263
44,False,0.502,0.711,7,-7.278,1,0.0481,0.692,0.0,0.17,0.732
33,False,0.402,0.597,2,-9.258,1,0.0327,0.0385,2.09e-06,0.109,0.496
19,False,0.851,0.772,4,-6.516,0,0.136,0.0462,0.0,0.15,0.922
0,False,0.323,0.204,10,-23.955,1,0.0322,0.985,0.891,0.693,0.292
50,False,0.577,0.821,9,-4.553,1,0.0545,0.331,0.0,0.295,0.536
45,False,0.473,0.305,11,-8.48,0,0.0311,0.833,0.0,0.109,0.524
0,False,0.603,0.688,7,-9.69,0,0.196,0.19,0.0,0.0688,0.802
63,False,0.559,0.873,0,-4.401,0,0.0543,0.0281,0.0,0.185,0.797
54,False,0.502,0.442,3,-7.89,1,0.0425,0.746,0.0,0.197,0.201
3,False,0.664,0.659,10,-4.232,0,0.0873,0.0625,0.00024,0.0874,0.797
0,False,0.409,0.281,7,-10.388,1,0.0394,0.883,0.000106,0.186,0.215
0,False,0.517,0.0721,8,-20.997,1,0.0795,0.995,0.00427,0.177,0.245
18,True,0.728,0.728,9,-6.208,1,0.216,0.175,0.0,0.0429,0.865
1,False,0.735,0.947,5,-2.152,0,0.0872,0.00778,0.0,0.195,0.893
44,False,0.494,0.206,7,-8.657,1,0.0323,0.822,3.13e-06,0.236,0.276
6,False,0.566,0.684,7,-7.956,1,0.0486,0.0622,0.00258,0.103,0.393
22,False,0.56,0.984,1,-1.902,1,0.327,0.0048,0.00183,0.568,0.12
53,True,0.376,0.877,10,-8.976,0,0.0419,4.03e-06,0.932,0.108,0.614
38,False,0.531,0.622,1,-7.029,1,0.027,0.0179,0.0,0.0791,0.416
0,False,0.798,0.975,1,-5.829,1,0.0571,0.00226,0.0396,0.12,0.754
40,False,0.658,0.925,0,-2.422,1,0.069,0.49,0.0,0.959,0.933
53,False,0.62,0.411,5,-11.425,0,0.0288,0.514,1.83e-06,0.199,0.534
54,False,0.789,0.659,0,-5.305,1,0.0406,0.382,0.0392,0.252,0.603
0,False,0.713,0.886,7,-7.75,1,0.0411,0.0012,7.68e-06,0.0496,0.9
54,False,0.799,0.956,0,-6.407,1,0.0679,0.00545,0.568,0.064,0.922
48,False,0.712,0.823,9,-6.298,1,0.0859,0.561,0.0,0.767,0.765
54,False,0.284,0.317,4,-12.923,0,0.0316,0.00757,0.00834,0.0851,0.0961
0,True,0.686,0.543,9,-9.096,1,0.401,0.617,0.0,0.111,0.142
58,False,0.14,0.217,7,-15.304,1,0.0352,0.909,0.855,0.0689,0.078
46,False,0.545,0.532,9,-5.415,1,0.0257,0.138,0.0,0.126,0.301
51,False,0.693,0.141,9,-14.368,0,0.0366,0.541,0.000873,0.113,0.091
22,True,0.615,0.744,4,-7.379,1,0.854,0.903,0.0,0.402,0.283
22,False,0.528,0.355,0,-13.865,1,0.034,0.685,0.0017,0.091,0.222
29,False,0.585,0.472,7,-7.571,1,0.0507,0.0205,5.07e-06,0.2,0.5
0,False,0.66,0.742,11,-8.08,1,0.034,0.00151,4.04e-06,0.15,0.46
44,False,0.583,0.513,11,-8.619,0,0.047,0.637,0.0,0.352,0.955
32,False,0.742,0.973,4,-6.425,0,0.0367,0.000375,0.601,0.346,0.984
0,False,0.688,0.255,7,-14.86,1,0.0732,0.000695,0.00119,0.107,0.87
24,False,0.567,0.577,8,-11.419,1,0.937,0.936,0.0,0.532,0.399
53,False,0.702,0.842,1,-3.992,1,0.0506,0.0121,0.108,0.157,0.533
23,False,0.304,0.541,7,-15.162,1,0.0399,0.126,0.772,0.087,0.0394
0,False,0.464,0.191,5,-14.734,0,0.0509,0.995,0.553,0.155,0.461
45,False,0.438,0.514,11,-8.749,1,0.0296,0.0545,9.7e-06,0.241,0.201
16,False,0.551,0.524,10,-7.759,1,0.0465,0.761,7.31e-05,0.151,0.96
46,False,0.658,0.856,6,-4.062,0,0.0495,0.031,0.0,0.05,0.413
26,False,0.308,0.0738,0,-25.906,0,0.047,0.926,0.0488,0.106,0.0559
23,False,0.215,0.988,8,-3.169,1,0.118,6.04e-06,0.209,0.0997,0.0694
14,False,0.471,0.731,1,-6.222,1,0.0921,0.000248,0.731,0.195,0.667
28,False,0.688,0.777,0,-3.904,1,0.0322,0.225,0.0,0.111,0.831
23,False,0.442,0.832,8,-5.738,1,0.0353,0.0047,0.401,0.209,0.0385
6,False,0.612,0.739,7,-3.698,1,0.0261,0.0116,7.53e-05,0.0826,0.419
0,False,0.296,0.168,7,-21.006,0,0.0349,0.782,0.934,0.136,0.074
52,False,0.876,0.422,7,-8.237,0,0.173,0.75,0.84,0.102,0.459
0,False,0.647,0.876,10,-5.662,1,0.185,0.881,3.59e-05,0.26,0.949
46,False,0.575,0.518,11,-8.933,1,0.0282,0.284,0.938,0.104,0.439
71,True,0.824,0.697,11,-4.869,0,0.0473,0.158,4.11e-05,0.0751,0.757
80,False,0.746,0.754,1,-6.684,1,0.0676,0.0152,0.0,0.0486,0.746
57,False,0.756,0.768,0,-10.701,1,0.112,0.735,0.0,0.182,0.783
0,False,0.419,0.571,1,-15.861,1,0.149,0.408,0.00109,0.145,0.143
37,False,0.526,0.697,4,-7.344,0,0.062,0.536,0.0,0.301,0.763
20,False,0.591,0.765,3,-7.187,1,0.898,0.862,0.0,0.818,0.53
28,False,0.782,0.264,9,-14.175,1,0.133,0.557,0.0545,0.101,0.419
41,False,0.637,0.614,5,-6.125,1,0.0896,0.372,0.0,0.326,0.711
54,False,0.597,0.51,7,-9.5,1,0.0283,0.326,0.0539,0.0554,0.288
51,False,0.538,0.251,10,-13.494,1,0.027,0.79,0.0,0.191,0.202
58,True,0.87,0.45,1,-12.221,1,0.0434,0.00491,0.414,0.0514,0.508
56,False,0.703,0.636,7,-7.579,1,0.0376,0.186,0.0256,0.0959,0.218
41,False,0.634,0.665,7,-12.186,1,0.0363,0.00119,0.579,0.148,0.206
0,False,0.631,0.569,5,-5.956,0,0.0438,0.728,0.0,0.27,0.874
39,False,0.685,0.921,4,-6.985,0,0.0511,0.000687,0.874,0.0883,0.159
46,False,0.742,0.569,7,-4.894,1,0.0624,0.68,0.0,0.0692,0.965
42,False,0.458,0.754,2,-11.326,1,0.0906,0.368,2.44e-05,0.878,0.797
73,False,0.598,0.676,0,-9.211,1,0.0279,0.13,0.225,0.112,0.805
44,False,0.716,0.819,0,-6.88,1,0.0384,0.00643,0.0,0.0917,0.727
64,False,0.783,0.616,7,-11.131,1,0.0691,0.00149,0.769,0.117,0.0734
19,False,0.335,0.502,4,-8.712,0,0.0498,0.867,0.000657,0.202,0.935
58,False,0.767,0.537,5,-7.783,0,0.116,0.595,0.0,0.0862,0.632
54,False,0.292,0.454,9,-14.89,1,0.0316,0.371,0.509,0.719,0.105
34,False,0.562,0.436,2,-10.015,0,0.0322,0.391,1.57e-05,0.359,0.329
0,False,0.412,0.931,7,-6.348,1,0.0449,0.016,0.0,0.0772,0.295
84,False,0.687,0.818,0,-4.221,1,0.0778,0.0112,0.0,0.248,0.886
2,False,0.821,0.602,9,-6.628,1,0.168,0.108,0.0,0.246,0.628
13,False,0.824,0.645,6,-9.578,1,0.0574,8.05e-05,0.909,0.0756,0.607
7,False,0.776,0.63,6,-7.838,1,0.047,0.015,0.873,0.0549,0.962
61,False,0.716,0.369,2,-9.216,1,0.0468,0.353,0.0,0.0897,0.389
49,False,0.594,0.318,1,-10.417,0,0.181,0.821,0.000235,0.171,0.767
58,False,0.738,0.91,9,-8.938,0,0.107,0.00118,0.874,0.0939,0.124
41,False,0.773,0.941,10,-2.292,0,0.0834,0.0949,0.0103,0.0916,0.863
38,False,0.689,0.903,4,-7.128,0,0.0774,0.319,0.0433,0.185,0.855
1,False,0.609,0.801,1,-8.483,0,0.0694,0.0246,0.00255,0.37,0.202
45,False,0.496,0.358,11,-11.559,1,0.0307,0.826,1.25e-06,0.425,0.428
17,True,0.72,0.708,7,-8.88,1,0.362,0.045,0.0,0.205,0.664
47,True,0.586,0.783,1,-4.901,0,0.038,0.151,5.98e-05,0.458,0.182
64,False,0.836,0.617,5,-5.954,0,0.102,0.537,0.0,0.102,0.709
23,False,0.594,0.989,10,-3.246,0,0.131,0.000372,0.000274,0.12,0.186
53,False,0.391,0.444,1,-13.137,0,0.119,0.488,3.26e-05,0.111,0.159
33,False,0.447,0.501,1,-11.096,1,0.0328,0.749,0.0628,0.11,0.359
39,False,0.721,0.727,7,-7.239,1,0.104,0.212,8.86e-06,0.0838,0.908
19,False,0.43,0.438,0,-8.162,0,0.0287,0.636,0.00671,0.19,0.229
19,False,0.186,0.204,7,-17.746,1,0.0375,0.668,0.947,0.145,0.125
70,False,0.536,0.966,6,-2.929,0,0.0558,0.121,0.0,0.0477,0.849
37,False,0.588,0.93,4,-4.958,1,0.057,0.199,0.0,0.0992,0.834
53,False,0.557,0.483,8,-6.46,1,0.0265,0.658,0.0,0.165,0.387
56,False,0.786,0.356,6,-11.432,1,0.0462,0.771,0.694,0.1,0.519
0,False,0.629,0.56,0,-11.455,0,0.0523,0.595,0.0,0.182,0.88
85,False,0.721,0.738,7,-4.77,1,0.0403,0.00226,4.41e-06,0.118,0.637
59,False,0.153,0.0485,9,-29.07,1,0.0422,0.748,0.683,0.111,0.0374
36,False,0.272,0.614,2,-10.694,1,0.0375,0.616,0.927,0.106,0.558
40,False,0.565,0.831,9,-8.476,1,0.046,0.125,0.0,0.0992,0.839
57,False,0.447,0.158,2,-7.571,1,0.036,0.872,1.58e-06,0.0816,0.142
1,False,0.53,0.835,9,-3.69,1,0.11,0.0453,0.0,0.0637,0.471
25,False,0.788,0.92,7,-5.393,1,0.0353,0.149,0.0,0.202,0.904
57,True,0.666,0.72,9,-4.483,1,0.0269,0.371,0.0,0.0793,0.312
0,False,0.43,0.543,8,-6.296,1,0.0367,0.463,0.000523,0.0928,0.354
0,False,0.896,0.859,11,-4.232,0,0.21,0.154,0.000109,0.212,0.938
5,False,0.924,0.723,8,-3.142,1,0.0466,0.0177,2.61e-05,0.113,0.643
15,False,0.903,0.663,0,-5.879,1,0.231,0.0691,0.0,0.0642,0.502
2,False,0.524,0.586,6,-5.778,1,0.0273,0.375,0.0,0.11,0.416
35,False,0.627,0.776,7,-8.622,1,0.0398,0.000873,0.883,0.111,0.153
0,False,0.685,0.391,1,-7.183,1,0.0435,0.744,0.0,0.142,0.443
8,False,0.722,0.683,9,-11.111,0,0.043,8.14e-05,0.854,0.175,0.0521
57,False,0.372,0.975,0,-2.856,1,0.126,0.0493,0.0,0.331,0.3
43,True,0.72,0.46,6,-5.27,0,0.159,0.738,0.0,0.088,0.439
42,True,0.856,0.509,4,-8.038,0,0.0851,0.0397,4.48e-05,0.12,0.397
39,False,0.547,0.197,5,-14.025,1,0.0422,0.779,0.0,0.297,0.42
24,False,0.635,0.503,4,-9.431,1,0.0325,0.639,0.000988,0.126,0.451
36,False,0.542,0.601,9,-9.094,1,0.196,0.675,0.0,0.586,0.569
23,False,0.393,0.977,11,-4.176,0,0.102,1.72e-05,0.000103,0.956,0.232
10,False,0.765,0.953,5,-6.254,0,0.0587,0.00097,0.867,0.0992,0.559
21,False,0.512,0.875,7,-6.495,0,0.0427,0.04,0.00503,0.162,0.247
29,False,0.306,0.907,11,-10.353,1,0.0512,0.00175,0.523,0.45,0.564
0,False,0.724,0.566,7,-5.117,1,0.0305,0.617,0.00023,0.234,0.873
6,False,0.835,0.75,0,-11.711,1,0.0515,8.87e-05,0.726,0.0664,0.754
21,False,0.562,0.158,4,-15.77,1,0.0585,0.965,0.924,0.103,0.259
39,False,0.297,0.634,4,-12.031,1,0.0919,0.532,0.0,0.984,0.394
0,False,0.693,0.934,11,-3.46,1,0.0464,0.0832,0.0012,0.32,0.505
48,False,0.788,0.619,5,-7.313,1,0.0431,0.419,0.0,0.651,0.874
80,True,0.747,0.619,3,-6.009,1,0.0588,0.0865,2.03e-05,0.103,0.567
72,False,0.615,0.733,8,-4.808,1,0.0335,0.152,0.0,0.109,0.796
0,False,0.76,0.886,9,-5.357,0,0.0258,0.0219,5.78e-06,0.623,0.78
44,False,0.757,0.762,7,-7.242,1,0.043,0.0497,0.899,0.0844,0.177
64,False,0.535,0.962,11,-3.453,1,0.0638,0.00361,0.0,0.163,0.687
46,False,0.61,0.422,0,-6.764,1,0.0262,0.52,0.0,0.0944,0.306
65,False,0.855,0.674,7,-4.328,1,0.314,0.165,0.0,0.0548,0.578
74,False,0.398,0.952,4,-6.042,1,0.061,0.000373,7.75e-05,0.1,0.584
12,False,0.59,0.893,2,-6.079,1,0.0983,0.00365,0.0636,0.0865,0.342
46,False,0.643,0.508,5,-8.325,1,0.0432,0.492,0.0,0.121,0.408
23,False,0.646,0.669,5,-5.854,0,0.393,0.275,0.0,0.298,0.58
33,False,0.656,0.566,5,-7.757,1,0.0321,0.385,6.28e-06,0.259,0.441
78,True,0.708,0.843,7,-2.66,1,0.314,0.397,0.0,0.799,0.625
43,False,0.438,0.816,1,-7.573,1,0.0564,0.0171,0.0,0.382,0.644
42,False,0.688,0.602,7,-8.055,1,0.0492,0.215,0.0,0.356,0.436
50,False,0.41,0.765,6,-6.788,1,0.0319,0.00109,7e-05,0.112,0.0381
60,False,0.746,0.803,9,-3.813,1,0.0366,0.275,1.7e-05,0.0741,0.831
3,False,0.686,0.856,9,-2.717,0,0.0426,0.0896,0.0,0.0648,0.733
55,False,0.41,0.711,4,-3.064,1,0.0432,0.373,0.00179,0.139,0.266
20,False,0.637,0.643,10,-11.811,0,0.0497,0.0152,0.477,0.0548,0.153
46,False,0.513,0.442,0,-7.597,1,0.0295,0.589,0.0,0.128,0.12
70,False,0.59,0.833,5,-6.503,0,0.0615,0.0142,5.4e-06,0.105,0.538
0,False,0.587,0.329,7,-11.957,1,0.0413,0.531,0.032,0.115,0.337
0,False,0.248,0.572,10,-6.827,1,0.0429,0.278,0.0,0.139,0.228
39,False,0.684,0.814,2,-8.868,1,0.0341,0.00717,0.0632,0.113,0.81
0,False,0.52,0.591,6,-3.225,1,0.0301,0.353,0.00412,0.102,0.359
62,False,0.711,0.647,0,-7.44,0,0.0578,0.484,1.31e-06,0.0863,0.458
54,True,0.823,0.569,8,-11.291,0,0.075,0.203,0.0542,0.161,0.436
41,False,0.644,0.49,0,-7.269,1,0.0331,0.781,0.0,0.134,0.447
57,False,0.61,0.966,11,-4.116,1,0.305,0.000645,0.247,0.303,0.631
50,True,0.645,0.579,4,-9.137,1,0.1,0.524,1.78e-05,0.161,0.525
50,True,0.251,0.966,10,-1.803,0,0.236,0.000355,0.00326,0.577,0.278
26,False,0.602,0.92,11,-4.2,0,0.0339,0.000777,3.43e-06,0.983,0.608
38,False,0.528,0.664,8,-7.514,1,0.0584,0.19,5.53e-06,0.277,0.678
1,False,0.474,0.671,4,-4.649,1,0.0289,0.0129,0.0,0.159,0.0682
0,False,0.719,0.194,7,-13.088,0,0.043,0.749,1.07e-06,0.0794,0.758
21,False,0.274,0.278,2,-10.629,1,0.0315,0.896,0.000144,0.13,0.136
40,True,0.718,0.543,1,-12.414,0,0.177,0.23,0.0,0.104,0.936
32,False,0.501,0.731,7,-6.135,1,0.0385,0.304,0.0,0.0661,0.879
16,False,0.513,0.961,7,-3.241,1,0.109,0.0152,2.13e-06,0.173,0.453
19,False,0.688,0.849,0,-4.455,1,0.0532,0.00479,4.05e-06,0.365,0.609
21,False,0.204,0.91,2,-5.897,1,0.223,0.00495,0.546,0.386,0.571
0,False,0.746,0.506,7,-7.945,1,0.0267,0.159,0.0,0.273,0.35
28,False,0.18,0.942,9,-6.475,1,0.0894,0.0436,0.00172,0.372,0.417
82,False,0.692,0.711,0,-7.498,0,0.0317,0.225,0.0,0.12,0.875
28,False,0.809,0.713,0,-5.495,1,0.0397,0.132,0.0,0.201,0.961
40,False,0.616,0.733,0,-8.615,1,0.0442,0.658,0.0272,0.68,0.935
49,False,0.492,0.439,8,-6.862,1,0.0267,0.821,2.65e-06,0.118,0.388
22,False,0.66,0.83,11,-13.518,0,0.0573,0.000879,0.0266,0.371,0.514
0,False,0.325,0.536,5,-6.04,1,0.0323,0.614,0.0,0.251,0.218
25,False,0.632,0.973,10,-4.938,0,0.0696,0.0762,0.044,0.244,0.633
35,False,0.449,0.838,2,-5.293,1,0.048,0.0539,0.00148,0.72,0.366
22,False,0.599,0.718,0,-7.085,1,0.121,0.275,2.19e-06,0.29,0.722
70,False,0.677,0.455,2,-7.086,1,0.0322,0.833,0.00602,0.105,0.704
8,False,0.915,0.695,11,-9.378,1,0.114,0.000457,0.0111,0.0421,0.501
77,False,0.658,0.9,9,-3.479,0,0.264,0.0364,0.0,0.0771,0.526
44,False,0.453,0.601,5,-6.33,1,0.0913,0.154,0.0,0.267,0.538
0,False,0.64,0.971,6,-3.455,0,0.105,0.00418,0.28,0.246,0.865
24,False,0.737,0.786,4,-6.722,0,0.0677,0.525,2.65e-05,0.271,0.851
57,False,0.481,0.938,1,-2.967,1,0.0593,0.00239,2.53e-05,0.118,0.589
38,False,0.464,0.312,6,-11.254,0,0.033,0.798,4.02e-05,0.0953,0.435
62,False,0.642,0.603,1,-3.794,1,0.0349,0.0465,0.0,0.448,0.493
49,False,0.782,0.492,3,-12.049,0,0.0537,0.665,0.786,0.203,0.137
73,False,0.518,0.797,6,-5.153,1,0.0309,0.000681,0.0,0.107,0.293
42,False,0.549,0.466,2,-12.071,1,0.0379,0.2,1.13e-06,0.121,0.258
0,False,0.446,0.487,7,-6.783,1,0.0623,0.842,0.0,0.177,0.696
29,False,0.685,0.554,2,-9.435,1,0.0651,0.00745,0.00093,0.252,0.668
34,False,0.498,0.697,11,-4.835,1,0.029,0.0427,0.0251,0.221,0.345
0,True,0.709,0.726,7,-7.129,1,0.0411,0.0977,0.0,0.301,0.405
30,False,0.334,0.676,2,-7.215,0,0.0434,7.96e-05,0.0,0.0942,0.232
69,False,0.532,0.137,9,-18.208,1,0.0717,0.982,0.962,0.112,0.301
57,False,0.272,0.926,5,-6.754,0,0.114,3.13e-05,0.771,0.308,0.24
6,False,0.619,0.721,11,-12.511,0,0.0314,0.237,0.00955,0.0868,0.698
21,False,0.283,0.235,4,-14.246,0,0.0364,0.262,0.815,0.199,0.137
34,False,0.603,0.64,0,-5.601,1,0.0318,0.258,0.0,0.349,0.699
52,True,0.732,0.678,7,-5.866,1,0.0366,0.00412,0.000747,0.0876,0.397
54,False,0.65,0.702,2,-9.085,0,0.0295,0.0534,0.00121,0.0496,0.775
21,True,0.696,0.875,11,-3.95,1,0.132,0.114,0.0,0.331,0.719
58,False,0.605,0.314,0,-7.631,1,0.0327,0.916,0.0,0.359,0.836
38,False,0.727,0.804,6,-2.495,1,0.044,0.0811,0.0,0.134,0.96
21,False,0.709,0.868,0,-6.436,1,0.0486,0.428,0.814,0.131,0.693
38,False,0.562,0.514,10,-6.82,1,0.0264,0.0652,1.42e-05,0.104,0.215
59,False,0.918,0.788,0,-4.581,1,0.036,0.117,0.000198,0.0996,0.956
42,False,0.689,0.635,1,-7.153,1,0.0251,0.12,0.000206,0.121,0.439
0,False,0.568,0.686,1,-6.635,1,0.033,0.15,1.81e-06,0.0881,0.725
78,False,0.546,0.814,7,-5.146,1,0.0314,0.023,0.0,0.0972,0.146
28,False,0.519,0.966,11,-4.452,1,0.203,0.0301,0.0,0.342,0.544
75,False,0.524,0.939,9,-3.994,1,0.113,0.00022,0.0,0.623,0.661
21,True,0.238,0.961,6,-5.279,0,0.0682,3.82e-05,0.0091,0.594,0.348
18,False,0.217,0.975,4,-5.444,0,0.103,6.11e-06,0.384,0.371,0.39
37,False,0.659,0.448,0,-9.961,0,0.117,0.268,0.0,0.239,0.525
1,False,0.674,0.603,10,-6.704,1,0.0452,0.267,0.0,0.108,0.524
30,False,0.712,0.734,11,-4.032,0,0.412,0.229,0.0,0.0846,0.93
45,False,0.825,0.609,6,-1.623,1,0.0819,0.291,0.0,0.521,0.653
0,False,0.653,0.507,10,-9.125,0,0.175,0.104,0.0,0.0949,0.263
28,False,0.784,0.354,9,-6.408,0,0.0354,0.562,0.719,0.0761,0.654
48,True,0.42,0.307,2,-15.579,0,0.0313,0.871,0.000136,0.344,0.185
28,False,0.203,0.0357,2,-24.847,1,0.0516,0.833,0.969,0.116,0.0391
34,False,0.679,0.778,1,-6.688,0,0.125,0.354,0.0,0.0802,0.822
24,True,0.44,0.292,5,-10.516,1,0.0328,0.824,5.72e-05,0.131,0.349
42,False,0.515,0.927,5,-5.873,0,0.0591,0.00765,0.0,0.564,0.516
46,False,0.475,0.724,0,-6.51,1,0.0427,0.127,0.0014,0.0988,0.507
61,False,0.756,0.858,1,-4.05,0,0.0585,0.035,0.000254,0.061,0.764
22,False,0.648,0.84,11,-5.693,0,0.24,0.0948,0.0,0.399,0.579
46,False,0.751,0.735,5,-6.358,0,0.0775,0.0626,3.05e-05,0.052,0.721
45,False,0.626,0.697,10,-8.689,0,0.0398,0.0849,0.58,0.111,0.0537
42,False,0.516,0.775,6,-4.701,0,0.032,0.0117,6.23e-06,0.0947,0.321
43,True,0.515,0.957,4,-4.252,1,0.053,0.0948,0.0,0.599,0.596
19,False,0.51,0.294,8,-8.914,1,0.0336,0.828,0.0,0.0468,0.245
34,False,0.563,0.801,4,-5.888,1,0.0582,0.013,0.0,0.0557,0.935
0,False,0.297,0.0915,3,-20.631,1,0.0325,0.94,6.85e-06,0.32,0.201
26,False,0.436,0.95,0,-6.63,0,0.184,0.000867,0.249,0.244,0.599
3,False,0.404,0.979,2,-4.14,1,0.131,0.00125,0.687,0.0995,0.674
44,False,0.69,0.817,11,-4.986,0,0.0616,0.545,0.000256,0.729,0.887
37,False,0.409,0.813,3,-4.346,1,0.0376,0.0138,0.0,0.183,0.48
48,False,0.513,0.779,4,-6.644,1,0.0362,0.163,1.21e-05,0.698,0.618
1,False,0.444,0.669,8,-6.727,0,0.125,0.0669,0.0,0.124,0.44
19,False,0.658,0.953,10,-2.617,0,0.0905,0.00601,0.000427,0.355,0.698
45,False,0.521,0.896,0,-4.436,1,0.0625,0.0932,0.000397,0.911,0.498
52,False,0.456,0.832,5,-5.411,0,0.0427,0.000125,0.0,0.397,0.365
49,False,0.41,0.951,9,-4.762,1,0.0556,2.99e-05,0.0,0.187,0.61
12,False,0.106,0.968,5,-6.902,0,0.0888,1.35e-06,0.775,0.1,0.0882
45,False,0.525,0.311,0,-9.395,1,0.0256,0.42,2.06e-05,0.253,0.192
60,False,0.605,0.615,8,-5.617,1,0.0474,0.479,0.0,0.137,0.841
56,False,0.542,0.659,8,-7.289,1,0.0389,0.00279,0.0,0.105,0.109
28,True,0.575,0.807,7,-5.51,1,0.037,0.000956,0.0,0.0961,0.519
58,True,0.464,0.688,11,-5.352,0,0.0298,0.00149,3.85e-06,0.169,0.228
6,False,0.282,0.0511,5,-23.826,1,0.0388,0.988,0.878,0.0919,0.0983
45,False,0.402,0.488,1,-11.916,1,0.0379,0.0061,1.34e-06,0.575,0.216
46,False,0.66,0.0863,2,-19.892,1,0.0597,0.94,0.92,0.117,0.153
45,False,0.299,0.926,11,-6.13,0,0.0994,0.000442,0.116,0.0585,0.531
48,False,0.235,0.927,6,-5.824,1,0.084,0.000173,0.893,0.0748,0.253
42,False,0.487,0.961,4,-4.139,1,0.132,0.0415,1.15e-06,0.553,0.323
46,False,0.877,0.697,10,-2.565,1,0.0345,0.113,0.0,0.0549,0.739
43,False,0.49,0.56,2,-5.179,1,0.034,0.229,0.000123,0.107,0.212
58,False,0.704,0.714,0,-5.339,1,0.0855,0.111,0.000122,0.16,0.284
41,False,0.625,0.818,6,-6.296,0,0.0669,0.0516,1.13e-05,0.132,0.307
24,False,0.0865,0.00504,5,-36.082,0,0.0494,0.991,0.965,0.101,0.138
61,False,0.614,0.709,11,-6.952,0,0.147,0.467,0.0,0.959,0.742
26,True,0.396,0.891,4,-5.888,1,0.0578,1.96e-05,0.00133,0.296,0.594
53,False,0.516,0.271,0,-12.138,1,0.0267,0.864,0.037,0.171,0.207
18,False,0.702,0.352,6,-5.366,1,0.0354,0.729,0.0,0.0889,0.547
41,False,0.517,0.333,4,-10.876,1,0.067,0.833,0.0,0.67,0.491
23,True,0.657,0.89,5,-5.091,1,0.916,0.781,0.0,0.662,0.802
72,False,0.738,0.621,0,-7.313,1,0.0486,0.424,7.39e-06,0.692,0.715
27,False,0.203,0.215,0,-23.772,1,0.0548,0.74,0.567,0.299,0.182
63,True,0.702,0.722,1,-5.921,1,0.161,0.0199,0.0,0.299,0.51
69,False,0.811,0.833,5,-4.259,1,0.153,0.014,2.06e-05,0.0769,0.567
47,False,0.699,0.945,1,-0.942,1,0.306,0.0289,0.0,0.362,0.861
0,True,0.795,0.845,9,-3.809,0,0.135,0.105,1.14e-05,0.172,0.769
34,False,0.337,0.857,2,-7.037,1,0.0662,0.188,3.22e-05,0.626,0.96
21,False,0.435,0.996,4,-2.055,0,0.111,1.19e-06,0.945,0.175,0.123
23,False,0.57,0.665,1,-10.711,1,0.0272,0.368,0.376,0.157,0.674
0,True,0.49,0.671,10,-6.192,1,0.116,0.15,0.0,0.101,0.312
17,False,0.217,0.271,1,-16.137,1,0.0404,0.93,0.89,0.114,0.0452
74,False,0.578,0.43,5,-6.134,0,0.0305,0.33,0.0,0.0854,0.288
56,True,0.73,0.547,10,-5.166,0,0.0565,0.765,3.99e-05,0.0874,0.533
18,False,0.408,0.802,7,-5.501,1,0.0622,0.0109,0.00274,0.992,0.313
26,True,0.572,0.961,5,-4.792,1,0.903,0.812,0.0,0.665,0.253
83,False,0.752,0.505,9,-7.621,1,0.253,0.535,2.55e-06,0.104,0.419
52,False,0.521,0.493,1,-10.006,1,0.0479,0.595,0.166,0.127,0.0517
53,True,0.376,0.877,10,-8.976,0,0.0419,4.03e-06,0.932,0.108,0.614
29,False,0.696,0.16,4,-7.541,1,0.0374,0.96,0.862,0.116,0.202
22,True,0.325,0.959,0,-7.027,1,0.0482,8.91e-05,0.209,0.33,0.24
0,False,0.43,0.543,8,-6.296,1,0.0367,0.463,0.000523,0.0928,0.354
21,False,0.617,0.991,10,-3.26,0,0.13,0.0157,0.856,0.597,0.289
33,False,0.253,0.69,11,-7.445,0,0.0392,0.48,0.0553,0.723,0.198
58,False,0.477,0.636,8,-8.334,0,0.0356,0.865,0.00226,0.208,0.707
1,False,0.416,0.954,7,-3.157,0,0.0467,0.0021,0.0,0.177,0.498
39,False,0.268,0.108,2,-12.058,0,0.0353,0.983,0.0,0.115,0.331
19,False,0.763,0.851,8,-4.862,1,0.0341,0.375,0.0,0.135,0.92
39,False,0.823,0.696,10,-9.585,0,0.0612,0.338,0.869,0.0877,0.226
62,True,0.694,0.766,1,-7.179,1,0.14,0.217,1.01e-06,0.134,0.636
40,False,0.583,0.544,7,-4.483,1,0.0269,0.406,0.0,0.344,0.564
10,False,0.218,0.428,7,-11.348,0,0.0427,0.85,0.927,0.065,0.0603
92,False,0.881,0.592,2,-4.898,1,0.0324,0.619,1.32e-05,0.0901,0.719
59,False,0.625,0.855,7,-3.682,1,0.0507,0.0311,0.0,0.337,0.214
0,False,0.679,0.764,6,-5.301,1,0.0391,0.031,9.05e-06,0.0951,0.471
51,False,0.522,0.961,8,-2.963,1,0.0504,0.000109,2.53e-05,0.329,0.6
68,True,0.693,0.564,1,-3.857,0,0.0378,0.399,0.0,0.0409,0.574
62,False,0.841,0.549,4,-9.863,1,0.037,0.78,0.0148,0.397,0.287
41,False,0.593,0.772,9,-5.884,1,0.0361,0.0208,1.09e-05,0.347,0.74
9,False,0.183,0.0361,6,-20.62,1,0.0473,0.996,0.8,0.0859,0.032
33,False,0.305,0.974,0,-3.579,1,0.0718,0.00158,6.15e-05,0.106,0.392
49,False,0.8,0.777,5,-6.526,1,0.0405,0.00278,0.892,0.0831,0.249
13,True,0.232,0.978,9,-5.78,0,0.194,0.0409,0.922,0.664,0.0398
37,False,0.613,0.25,0,-9.911,1,0.075,0.784,0.0,0.329,0.361
0,False,0.265,0.152,2,-21.963,1,0.0438,0.84,0.918,0.116,0.031
74,True,0.789,0.534,8,-6.347,0,0.0709,0.323,3.42e-06,0.0645,0.631
43,False,0.343,0.321,7,-9.53,0,0.0357,0.514,0.000505,0.232,0.44
62,False,0.513,0.522,1,-7.569,1,0.0295,0.0634,0.0,0.121,0.336
56,False,0.497,0.836,9,-6.41,1,0.0962,0.0518,2.44e-06,0.192,0.542
43,False,0.216,0.823,0,-5.53,1,0.0541,0.0642,0.0,0.594,0.298
0,True,0.755,0.683,2,-10.889,1,0.166,0.141,0.0,0.342,0.668
60,False,0.49,0.907,5,-4.063,0,0.108,0.000427,0.0,0.116,0.21
74,False,0.58,0.586,1,-6.883,1,0.0357,0.344,0.0,0.0755,0.507
30,False,0.241,0.472,4,-6.258,0,0.0295,0.683,0.0,0.215,0.438
43,False,0.583,0.922,5,-3.704,0,0.0716,9.28e-05,0.141,0.13,0.317
27,False,0.462,0.849,3,-6.026,0,0.0446,0.000152,0.00116,0.223,0.511
36,False,0.621,0.524,2,-7.588,1,0.0347,0.538,1.03e-05,0.358,0.246
0,False,0.351,0.0394,2,-22.557,1,0.0462,0.994,0.895,0.175,0.0381
11,False,0.705,0.555,6,-10.757,1,0.143,0.864,0.672,0.0993,0.492
49,False,0.481,0.87,9,-4.521,1,0.0362,0.00105,0.00634,0.304,0.0948
50,False,0.705,0.505,0,-12.602,0,0.0431,0.0403,0.912,0.0896,0.145
24,False,0.572,0.836,9,-4.598,1,0.0367,0.231,0.0,0.361,0.73
43,False,0.798,0.736,7,-9.232,0,0.0722,0.708,0.0,0.315,0.878
22,False,0.509,0.318,2,-19.109,1,0.0416,0.418,0.932,0.0947,0.136
49,False,0.675,0.533,0,-5.62,1,0.0349,0.293,0.0,0.113,0.91
34,False,0.495,0.972,2,-4.942,1,0.129,0.0014,0.0964,0.982,0.586
0,False,0.881,0.592,2,-4.898,1,0.0324,0.619,1.32e-05,0.0901,0.719
44,False,0.646,0.51,4,-8.703,1,0.0335,0.514,0.000104,0.747,0.455
0,False,0.682,0.711,11,-6.956,0,0.0534,0.105,1.83e-06,0.21,0.597
9,False,0.69,0.39,0,-8.573,1,0.0349,0.679,0.0,0.1,0.645
24,True,0.269,0.919,11,-4.878,0,0.122,0.00564,0.00342,0.534,0.21
7,False,0.713,0.694,4,-8.52,0,0.0833,0.624,0.851,0.101,0.0362
43,False,0.481,0.663,0,-8.081,1,0.0314,0.000824,0.0,0.0852,0.112
0,False,0.236,0.94,11,-3.929,0,0.152,2.15e-05,0.124,0.154,0.223
0,False,0.515,0.97,1,-4.825,1,0.062,6.21e-05,0.00799,0.149,0.609
42,False,0.558,0.742,9,-6.764,1,0.0287,0.0132,4.48e-06,0.0817,0.809
66,False,0.474,0.622,4,-6.381,0,0.061,0.0129,3.82e-06,0.327,0.158
17,False,0.531,0.61,1,-6.54,1,0.0261,0.133,0.000135,0.107,0.147
4,False,0.573,0.913,5,-6.52,0,0.0409,0.00861,0.0273,0.114,0.795
5,False,0.823,0.708,1,-7.411,1,0.273,0.0371,5.16e-06,0.0638,0.478
11,False,0.527,0.23,4,-19.082,1,0.0328,0.863,0.0,0.145,0.855
69,False,0.443,0.365,7,-11.829,1,0.0315,0.592,0.00484,0.0886,0.398
32,False,0.169,0.999,10,-18.479,1,0.0666,0.549,0.978,0.871,1e-05
0,False,0.27,0.127,8,-16.858,1,0.0438,0.995,0.000705,0.219,0.168
55,False,0.184,0.161,9,-18.261,1,0.0464,0.925,0.771,0.109,0.087
63,False,0.319,0.0367,9,-29.23,0,0.0481,0.99,0.942,0.102,0.0556
17,False,0.19,0.992,11,-5.929,1,0.104,1.83e-06,0.815,0.256,0.0731
65,False,0.718,0.83,4,-5.488,0,0.0505,0.404,2.5e-05,0.124,0.771
75,False,0.39,0.767,11,-3.918,0,0.293,0.0354,4.26e-06,0.0601,0.285
46,False,0.374,0.92,8,-7.561,1,0.0478,8.92e-05,0.491,0.0864,0.55
60,False,0.627,0.617,5,-5.314,0,0.31,0.086,0.0,0.215,0.88
35,False,0.699,0.773,0,-4.789,1,0.0309,0.76,2.28e-06,0.251,0.863
74,True,0.792,0.793,5,-6.185,0,0.0841,0.0872,0.0,0.22,0.775
21,False,0.316,0.974,9,-2.543,1,0.0708,0.000755,6.45e-05,0.307,0.535
0,False,0.401,0.619,0,-7.035,0,0.21,0.168,0.0,0.272,0.757
47,False,0.519,0.834,9,-5.369,0,0.0339,0.00965,0.0,0.162,0.465
70,False,0.642,0.722,2,-13.031,1,0.0375,0.0444,0.00388,0.122,0.836
28,False,0.594,0.67,2,-5.501,0,0.0261,0.0855,0.0,0.359,0.424
18,True,0.29,0.988,10,-4.11,1,0.156,0.000677,0.857,0.171,0.04
0,False,0.77,0.743,6,-3.251,1,0.0299,0.0205,0.0003,0.144,0.843
29,False,0.463,0.9,1,-3.037,1,0.0419,0.416,0.000176,0.294,0.898
0,True,0.83,0.739,7,-5.395,0,0.0627,0.136,2.11e-06,0.162,0.631
0,False,0.373,0.817,9,-5.381,1,0.0477,0.000524,6.45e-06,0.0896,0.632
60,False,0.266,0.946,9,-2.855,1,0.171,0.00781,2.73e-06,0.26,0.498
47,False,0.353,0.959,2,-3.98,1,0.0631,4.42e-05,0.0692,0.266,0.693
28,False,0.824,0.626,0,-8.156,1,0.0789,0.633,1.78e-05,0.395,0.654
31,False,0.484,0.653,6,-5.909,1,0.0236,0.348,0.0,0.108,0.464
55,False,0.44,0.0353,6,-20.858,1,0.0522,0.99,0.00312,0.108,0.362
67,False,0.533,0.541,6,-7.854,1,0.0252,0.217,4.39e-06,0.11,0.335
0,True,0.724,0.648,11,-6.522,0,0.0426,0.0551,3.33e-05,0.298,0.369
31,False,0.368,0.871,9,-3.032,0,0.0661,0.0356,0.0,0.149,0.636
27,False,0.536,0.869,4,-4.688,1,0.0335,2.35e-05,0.865,0.128,0.417
18,False,0.769,0.551,9,-8.158,1,0.293,0.117,0.0,0.216,0.897
44,False,0.897,0.733,1,-3.305,1,0.0384,0.605,5.74e-06,0.123,0.967
37,False,0.385,0.729,2,-7.425,1,0.0454,0.293,0.0,0.221,0.528
39,False,0.621,0.931,6,-3.945,0,0.288,0.337,0.0,0.584,0.686
15,False,0.311,0.949,9,-0.322,0,0.277,0.0067,0.754,0.428,0.1
14,True,0.378,0.95,6,-5.523,0,0.0543,7.55e-06,0.773,0.703,0.786
13,False,0.669,0.874,1,-6.072,1,0.0562,0.00301,0.926,0.128,0.497
46,False,0.615,0.459,6,-8.44,1,0.036,0.686,0.0517,0.251,0.653
28,False,0.495,0.505,3,-9.355,0,0.188,0.962,0.0,0.294,0.595
0,False,0.685,0.909,3,-4.034,0,0.0396,0.0471,0.0,0.35,0.922
1,False,0.714,0.671,5,-5.119,1,0.362,0.292,0.0,0.325,0.641
58,False,0.377,0.858,11,-4.9,0,0.148,0.134,0.00185,0.0985,0.117
31,False,0.549,0.81,8,-5.688,1,0.0328,0.0122,0.0,0.344,0.53
0,False,0.705,0.676,0,-4.672,1,0.0467,0.505,0.0,0.628,0.701
27,False,0.451,0.665,5,-6.698,0,0.216,0.426,0.000155,0.0949,0.229
0,False,0.873,0.658,4,-8.031,0,0.108,0.00858,0.0061,0.0999,0.483
60,False,0.0937,0.0408,5,-26.971,1,0.0455,0.969,0.962,0.116,0.0488
18,False,0.892,0.682,5,-6.243,1,0.0443,0.0355,0.142,0.0684,0.713
39,False,0.768,0.485,1,-13.449,0,0.0685,0.142,1.92e-06,0.269,0.838
38,False,0.471,0.195,8,-17.976,0,0.0289,0.964,0.905,0.111,0.258
0,False,0.729,0.737,2,-3.727,0,0.064,0.275,7.58e-06,0.137,0.369
5,False,0.749,0.862,5,-11.073,0,0.0476,0.0206,0.912,0.0312,0.896
0,False,0.6,0.76,6,-6.124,0,0.0452,0.166,4.09e-05,0.189,0.519
47,False,0.485,0.939,5,-5.942,0,0.0377,4.86e-05,0.151,0.18,0.0555
0,False,0.759,0.843,8,-3.718,1,0.0913,0.127,0.0,0.114,0.56
25,False,0.604,0.762,5,-4.668,1,0.154,0.259,0.0,0.125,0.326
44,False,0.497,0.442,3,-11.106,1,0.0337,0.728,7.03e-05,0.116,0.158
43,True,0.922,0.521,2,-1.626,1,0.0578,0.633,0.0,0.371,0.327
26,False,0.633,0.123,4,-19.116,1,0.379,0.575,0.0,0.199,0.427
47,False,0.461,0.378,9,-8.231,1,0.0344,0.746,0.0,0.201,0.399
0,False,0.517,0.144,10,-11.518,1,0.0272,0.895,0.0,0.103,0.235
0,False,0.403,0.59,5,-5.941,1,0.0284,0.508,0.00548,0.272,0.393
50,True,0.76,0.753,9,-6.03,0,0.0456,0.0623,0.000361,0.0621,0.249
43,False,0.846,0.419,2,-10.472,1,0.0328,0.106,0.00125,0.117,0.404
25,False,0.461,0.944,2,-7.26,1,0.0491,0.000706,0.0,0.117,0.773
44,False,0.463,0.332,5,-8.456,1,0.0322,0.827,1.3e-06,0.122,0.231
42,False,0.712,0.751,7,-3.613,1,0.0426,0.0297,0.0,0.332,0.886
0,False,0.233,0.054,10,-21.331,1,0.0423,0.982,0.000201,0.0955,0.0632
51,False,0.41,0.712,11,-6.818,0,0.0456,0.00318,0.28,0.109,0.0511
25,False,0.157,0.226,1,-12.789,0,0.0381,0.873,0.902,0.084,0.055
40,False,0.627,0.849,4,-6.159,0,0.0342,0.0156,0.0141,0.346,0.551
25,False,0.472,0.0441,0,-20.867,1,0.0544,0.986,0.872,0.0899,0.112
29,False,0.526,0.875,2,-3.404,1,0.0809,0.000695,2.31e-06,0.215,0.518
0,False,0.863,0.768,7,-2.227,0,0.184,0.0851,0.000119,0.105,0.673
48,False,0.658,0.28,5,-10.421,1,0.0325,0.815,0.000794,0.28,0.337
40,False,0.643,0.827,0,-4.531,1,0.0357,0.223,0.0,0.0848,0.731
6,False,0.906,0.918,5,-8.041,0,0.0839,0.000146,0.845,0.116,0.51
57,False,0.713,0.402,2,-8.273,1,0.0631,0.409,0.000673,0.11,0.312
0,False,0.784,0.461,4,-9.546,0,0.0314,0.662,5.9e-05,0.107,0.733
35,False,0.494,0.702,2,-7.064,0,0.033,0.584,0.951,0.0735,0.886
38,False,0.47,0.693,10,-5.803,1,0.0443,0.153,0.0,0.115,0.115
55,False,0.36,0.233,7,-11.512,1,0.0509,0.9,3.96e-06,0.106,0.37
8,False,0.811,0.456,7,-9.76,1,0.0749,0.075,0.884,0.0949,0.375
18,False,0.527,0.903,0,-5.888,0,0.0315,0.000103,0.00752,0.244,0.252
34,False,0.0,0.000638,1,-42.864,1,0.0,0.98,0.833,0.0983,0.0
0,False,0.846,0.726,1,-3.376,1,0.0635,0.094,2e-06,0.0304,0.79
18,True,0.15,0.824,10,-10.281,1,0.453,0.0798,0.759,0.237,0.0224
50,False,0.481,0.776,3,-6.215,0,0.0571,0.0195,1.56e-06,0.491,0.175
47,False,0.562,0.811,2,-2.92,1,0.0524,0.00522,0.0,0.11,0.493
28,False,0.405,0.629,1,-6.846,0,0.0457,0.577,0.0,0.21,0.619
62,False,0.481,0.993,5,-0.77,1,0.0402,0.000505,0.981,0.516,0.0388
43,False,0.618,0.869,5,-6.875,1,0.0358,0.376,0.0,0.307,0.964
21,True,0.608,0.753,1,-6.333,1,0.906,0.879,0.0,0.576,0.496
34,False,0.619,0.809,9,-7.782,0,0.029,0.294,6.65e-06,0.0378,0.937
78,False,0.572,0.835,0,-6.219,1,0.0317,0.171,0.000377,0.0702,0.795
33,False,0.528,0.957,1,-1.265,1,0.114,0.121,0.91,0.144,0.0772
52,False,0.668,0.799,7,-6.073,1,0.0389,0.748,1.03e-05,0.742,0.691
51,False,0.479,0.864,0,-4.601,0,0.055,0.00505,4.58e-05,0.0926,0.421
0,False,0.59,0.724,0,-3.278,1,0.0439,0.04,4.07e-05,0.142,0.526
49,False,0.647,0.827,1,-5.865,1,0.0328,0.0171,0.0025,0.0656,0.157
30,False,0.477,0.946,5,-6.734,1,0.043,6.14e-05,0.0271,0.333,0.559
16,False,0.726,0.849,7,-7.555,1,0.0384,0.00051,0.295,0.244,0.681
34,True,0.288,0.976,7,-5.544,1,0.139,2.47e-06,0.943,0.445,0.349
57,False,0.44,0.547,4,-5.26,1,0.027,0.168,0.0,0.117,0.365
49,False,0.349,0.363,4,-11.718,1,0.0394,0.537,0.000282,0.0824,0.103
62,True,0.71,0.848,9,-5.01,0,0.194,0.322,0.0,0.159,0.572
20,False,0.196,0.446,7,-9.698,0,0.0386,0.0871,0.946,0.0959,0.07
46,False,0.72,0.464,7,-4.178,0,0.292,0.153,0.0,0.0914,0.807
26,False,0.327,0.876,8,-6.83,1,0.0812,0.0177,0.00723,0.765,0.26
28,False,0.543,0.938,10,-5.437,0,0.0456,0.683,0.000578,0.14,0.894
54,False,0.524,0.883,1,-4.148,1,0.0348,0.00413,0.000104,0.107,0.289
19,False,0.614,0.971,9,-0.972,0,0.066,0.0128,0.00691,0.104,0.332
69,True,0.731,0.65,0,-5.286,1,0.271,0.107,0.0,0.124,0.605
20,True,0.786,0.767,11,-4.027,0,0.0674,0.545,0.0,0.152,0.863
21,False,0.105,0.997,1,-3.48,1,0.116,6.13e-06,0.473,0.235,0.0361
63,False,0.602,0.513,1,-7.953,0,0.0287,0.563,0.0,0.161,0.6
53,False,0.585,0.557,9,-6.972,1,0.0999,0.814,0.0,0.522,0.515
59,False,0.532,0.625,1,-7.472,0,0.0506,0.12,3.35e-05,0.103,0.297
62,False,0.504,0.728,11,-5.089,0,0.0334,0.00376,0.0,0.14,0.116
0,False,0.483,0.917,3,-2.528,1,0.0438,0.00235,0.000347,0.119,0.323
0,False,0.647,0.876,10,-5.662,1,0.185,0.881,3.59e-05,0.26,0.949
70,False,0.827,0.817,2,-4.081,1,0.0953,0.00496,1.19e-05,0.294,0.167
36,False,0.695,0.572,0,-5.743,1,0.0328,0.146,0.0,0.13,0.231
33,False,0.804,0.285,6,-17.494,0,0.0467,0.000339,0.666,0.0869,0.84
65,False,0.251,0.0902,7,-25.186,1,0.0418,0.971,0.868,0.0871,0.128
63,False,0.754,0.535,9,-8.156,1,0.305,0.464,0.0,0.19,0.395
22,False,0.657,0.397,0,-12.462,1,0.0266,0.408,0.804,0.168,0.194
45,False,0.842,0.563,7,-9.458,1,0.067,0.0101,0.803,0.0959,0.659
49,False,0.813,0.782,5,-10.335,0,0.0627,0.0018,0.86,0.115,0.769
41,False,0.803,0.843,11,-9.254,1,0.0668,0.0028,0.68,0.107,0.504
25,False,0.669,0.985,7,-2.38,0,0.161,0.107,0.0,0.333,0.725
8,False,0.746,0.952,2,-11.342,1,0.0636,0.00157,0.889,0.0674,0.804
42,False,0.498,0.952,3,-3.841,1,0.0901,0.00723,0.0,0.286,0.592
8,False,0.906,0.505,10,-10.449,0,0.315,0.281,0.0,0.0955,0.6
47,False,0.472,0.27,7,-11.649,1,0.027,0.729,0.0158,0.125,0.373
42,False,0.426,0.898,9,-5.517,1,0.0459,0.543,0.00051,0.318,0.762
20,False,0.809,0.62,8,-10.469,1,0.0538,0.298,0.0,0.144,0.872
84,False,0.772,0.75,5,-3.67,0,0.0455,0.0201,0.0,0.074,0.587
30,False,0.514,0.565,6,-8.441,1,0.0334,0.00905,0.0,0.141,0.413
63,False,0.394,0.547,2,-9.276,1,0.0383,0.436,0.000111,0.344,0.151
31,False,0.347,0.107,4,-20.752,1,0.206,0.964,2.74e-06,0.849,0.219
29,False,0.175,0.204,5,-18.887,1,0.041,0.847,0.937,0.605,0.0616
11,False,0.569,0.749,7,-9.986,0,0.0411,0.000654,0.781,0.937,0.125
32,False,0.378,0.791,11,-7.482,0,0.223,0.777,0.0,0.0583,0.848
55,False,0.464,0.868,6,-5.051,0,0.0502,0.000249,0.00042,0.248,0.512
22,False,0.61,0.0386,2,-26.511,1,0.0431,0.995,0.895,0.097,0.337
18,False,0.115,0.953,7,-7.305,1,0.252,1.37e-05,0.719,0.318,0.0335
33,False,0.212,0.31,0,-17.178,1,0.0362,0.989,0.954,0.216,0.122
62,False,0.576,0.591,0,-7.725,1,0.0332,0.795,6.85e-05,0.266,0.478
56,True,0.511,0.876,11,-4.287,0,0.0337,0.0338,0.0,0.645,0.291
42,False,0.591,0.864,4,-2.04,1,0.155,0.0386,0.0,0.139,0.302
35,False,0.731,0.779,8,-6.447,1,0.0307,0.284,0.0,0.344,0.91
1,False,0.72,0.914,0,-3.679,1,0.0435,0.0329,0.0,0.132,0.68
23,False,0.427,0.84,9,-6.674,1,0.0324,0.0001,1.99e-05,0.349,0.501
26,False,0.478,0.958,6,-4.904,0,0.0783,0.000764,2e-06,0.244,0.38
56,True,0.81,0.491,11,-6.953,1,0.0609,0.118,0.0,0.284,0.511
47,False,0.717,0.621,11,-11.855,1,0.0536,0.675,0.926,0.111,0.224
0,False,0.132,0.42,4,-7.761,0,0.0368,0.209,0.00293,0.11,0.185
0,False,0.406,0.377,10,-11.717,1,0.0597,0.764,0.0,0.272,0.717
30,False,0.528,0.63,1,-9.87,1,0.0536,0.573,0.00254,0.678,0.253
31,False,0.48,0.197,2,-13.487,0,0.0434,0.968,0.0237,0.0865,0.371
49,False,0.737,0.725,0,-7.224,0,0.0381,0.668,0.0,0.111,0.503
64,False,0.783,0.489,0,-4.853,0,0.0956,0.141,0.00915,0.303,0.732
0,False,0.601,0.17,7,-13.449,1,0.0397,0.979,0.915,0.157,0.149
45,False,0.685,0.44,0,-7.08,1,0.0508,0.415,0.0,0.439,0.834
31,False,0.736,0.638,0,-2.999,1,0.0387,0.423,0.0,0.0603,0.939
50,False,0.405,0.532,0,-7.063,1,0.0289,0.00788,0.0,0.0792,0.27
22,False,0.486,0.521,11,-9.377,0,0.0283,0.245,1.22e-06,0.304,0.209
68,False,0.791,0.329,10,-12.906,0,0.0592,0.6,0.863,0.193,0.526
0,True,0.661,0.655,0,-8.181,1,0.22,0.196,0.0,0.0895,0.575
44,False,0.599,0.845,2,-6.05,0,0.0389,0.0282,0.0,0.0749,0.858
0,False,0.649,0.558,8,-4.863,1,0.0253,0.147,0.0,0.172,0.635
53,False,0.246,0.103,2,-24.539,1,0.0387,0.895,0.903,0.121,0.165
0,False,0.534,0.722,9,-4.944,1,0.0339,0.0367,1.68e-06,0.11,0.224
55,False,0.64,0.59,1,-2.502,0,0.0691,0.0495,0.206,0.144,0.103
33,False,0.541,0.962,3,-1.892,1,0.0756,0.196,4.82e-05,0.137,0.529
58,False,0.628,0.329,9,-13.577,1,0.104,0.8,0.0855,0.256,0.407
63,False,0.459,0.99,9,-1.083,1,0.128,0.0102,4.98e-06,0.307,0.458
47,False,0.701,0.884,5,-3.209,0,0.0399,0.462,0.0,0.226,0.939
0,False,0.414,0.131,4,-12.817,1,0.0347,0.934,7.88e-05,0.11,0.112
26,False,0.635,0.519,5,-7.243,1,0.0872,0.0985,0.0,0.0864,0.491
0,False,0.594,0.64,10,-6.865,1,0.033,0.0169,0.0,0.135,0.492
56,False,0.669,0.383,2,-11.7,1,0.0553,0.0426,0.0,0.0719,0.909
16,False,0.528,0.781,0,-7.305,1,0.0318,0.00636,0.854,0.12,0.0388
38,False,0.765,0.452,1,-12.346,1,0.0856,0.0204,5.73e-05,0.0727,0.331
20,False,0.38,0.858,8,-3.998,1,0.0951,0.000928,0.000896,0.328,0.101
68,True,0.457,0.899,10,-2.591,0,0.132,0.0019,0.0,0.831,0.298
48,False,0.892,0.708,4,-9.041,0,0.0782,0.0395,0.00147,0.0335,0.949
59,False,0.416,0.341,9,-10.749,1,0.0391,0.864,0.0,0.724,0.776
54,False,0.495,0.142,11,-16.186,0,0.0436,0.97,1.93e-06,0.113,0.196
0,False,0.262,0.189,4,-17.926,0,0.0354,0.991,0.91,0.103,0.0589
47,False,0.399,0.75,2,-11.185,1,0.118,0.00481,0.000483,0.0748,0.745
31,False,0.649,0.351,5,-8.041,1,0.0316,0.715,1.03e-05,0.381,0.784
71,False,0.601,0.757,2,-3.341,1,0.028,0.0139,8.85e-05,0.0727,0.462
41,False,0.666,0.825,7,-7.276,1,0.0503,0.375,2.32e-06,0.362,0.918
49,False,0.857,0.714,7,-6.401,1,0.168,0.00233,0.0251,0.0195,0.429
0,False,0.553,0.337,10,-10.334,1,0.0303,0.818,0.0,0.113,0.664
24,False,0.769,0.676,5,-5.509,1,0.0422,0.0358,0.0,0.28,0.755
33,False,0.536,0.903,7,-5.206,1,0.0797,0.136,3.24e-06,0.103,0.409
20,False,0.112,0.1,0,-19.091,1,0.0419,0.866,0.925,0.0917,0.145
55,False,0.753,0.851,10,-4.451,0,0.0497,0.00545,0.135,0.245,0.652
59,False,0.437,0.652,0,-6.152,1,0.0288,0.0011,0.614,0.111,0.211
54,False,0.295,0.00814,11,-32.512,1,0.0454,0.993,0.894,0.124,0.152
8,False,0.189,0.423,10,-12.079,0,0.0379,0.00668,0.866,0.301,0.0926
0,False,0.473,0.068,0,-20.033,1,0.0315,0.892,0.00216,0.105,0.262
54,False,0.852,0.967,9,-1.661,0,0.0722,0.395,0.000324,0.433,0.891
0,False,0.183,0.00699,11,-30.087,1,0.039,0.952,0.965,0.124,0.0728
45,False,0.353,0.992,5,-1.525,0,0.66,0.00162,1.34e-06,0.0458,0.112
37,False,0.756,0.673,8,-5.866,1,0.264,0.11,0.518,0.26,0.437
0,False,0.543,0.334,8,-14.887,1,0.0662,0.835,0.0,0.179,0.598
35,False,0.652,0.862,0,-3.607,1,0.0344,0.0951,1.77e-05,0.195,0.723
33,False,0.484,0.84,9,-9.832,1,0.0401,0.398,0.0,0.349,0.964
56,False,0.363,0.0437,5,-31.559,1,0.0353,0.993,0.875,0.0951,0.254
38,False,0.512,0.893,8,-5.724,1,0.0363,2.72e-05,0.852,0.0632,0.225
57,False,0.678,0.771,6,-2.849,1,0.0266,0.0277,0.00253,0.149,0.462
20,False,0.286,0.896,0,-10.186,0,0.0482,2.65e-05,0.204,0.31,0.404
0,False,0.414,0.919,4,-2.475,1,0.069,0.00182,0.000136,0.387,0.643
0,False,0.306,0.49,9,-10.29,0,0.0384,0.608,0.000906,0.252,0.468
9,False,0.59,0.341,0,-18.156,1,0.0282,0.851,0.92,0.109,0.158
0,False,0.693,0.767,6,-6.822,1,0.0544,0.0255,4.5e-06,0.158,0.204
57,False,0.419,0.693,0,-6.077,1,0.0345,0.419,4.96e-06,0.162,0.488
1,False,0.252,0.738,7,-5.326,1,0.0446,0.0145,0.000497,0.375,0.256
50,False,0.557,0.387,6,-9.416,0,0.0267,0.0279,6.16e-06,0.369,0.153
35,False,0.388,0.936,9,-4.171,1,0.0737,0.00405,0.774,0.178,0.3
2,False,0.736,0.569,8,-3.559,0,0.0779,0.144,5.27e-05,0.112,0.433
35,False,0.5,0.544,10,-13.315,0,0.142,0.799,0.0,0.137,0.493
72,False,0.669,0.814,5,-5.375,0,0.0681,0.00118,0.00131,0.0737,0.398
31,False,0.602,0.89,5,-4.764,1,0.0459,0.0169,0.0,0.0883,0.706
6,False,0.765,0.949,8,-10.934,0,0.0523,0.00239,0.872,0.0431,0.777
49,False,0.45,0.912,1,-2.659,1,0.0485,0.00774,8.48e-05,0.574,0.328
39,False,0.457,0.952,11,-2.519,1,0.123,0.219,0.0,0.495,0.411
12,False,0.796,0.432,1,-10.227,1,0.0725,0.00788,2.5e-05,0.11,0.417
46,False,0.768,0.331,6,-6.687,1,0.0292,0.576,0.0,0.216,0.663
27,False,0.568,0.743,6,-9.29,0,0.0412,0.00409,0.00521,0.159,0.9
61,False,0.506,0.539,2,-10.654,1,0.0293,0.11,0.0,0.185,0.208
29,False,0.365,0.914,9,-9.305,1,0.0871,1.69e-05,0.00434,0.059,0.552
39,False,0.426,0.881,9,-3.349,0,0.0861,0.0968,0.0,0.535,0.674
0,False,0.577,0.997,7,-2.23,1,0.144,0.0241,0.0,0.387,0.333
22,False,0.295,0.993,4,-5.378,1,0.113,2.26e-05,0.0523,0.091,0.189
33,False,0.766,0.578,0,-11.626,1,0.0421,0.311,0.0,0.111,0.932
15,False,0.384,0.955,2,1.795,1,0.0851,0.00312,0.603,0.0542,0.888
1,False,0.879,0.627,7,-6.345,1,0.0604,0.205,6.07e-05,0.056,0.968
41,False,0.392,0.527,7,-7.371,1,0.054,0.76,0.0,0.207,0.549
41,False,0.496,0.692,8,-5.449,1,0.221,0.0726,1.25e-05,0.0973,0.283
54,False,0.585,0.694,2,-6.632,1,0.0392,0.00037,0.0144,0.0724,0.785
22,False,0.294,0.354,7,-14.389,0,0.069,0.383,0.000591,0.104,0.129
28,False,0.683,0.527,5,-8.313,1,0.0401,0.582,1.15e-05,0.179,0.732
40,True,0.672,0.813,9,-5.527,1,0.304,0.239,0.0,0.115,0.679
68,False,0.577,0.875,9,-2.897,0,0.0681,0.0231,4.69e-06,0.111,0.411
30,False,0.599,0.947,2,-4.625,1,0.0497,0.0125,0.0,0.295,0.665
